T,model,n_cells,mean_full_acc,mean_mode_acc,mean_mode_f1,mean_hall_prec,mean_hall_rec,mean_hall_f1,mean_balanced
50,altered_knn,20,0.6598,0.6641,0.7618,0.0626,0.5316,0.1075,0.3858
50,analytic,20,0.8360,0.8407,0.8798,0.1897,0.7069,0.2857,0.5632
50,kernel,20,0.4289,0.4166,0.4244,0.1097,0.6465,0.1115,0.2640
50,knn,20,0.6977,0.7098,0.7180,0.1988,0.2735,0.1745,0.4421
50,linear,20,0.4327,0.4279,0.5473,0.0300,0.5332,0.0564,0.2421
50,mlp,20,0.7797,0.7829,0.8358,0.1571,0.7047,0.2349,0.5089
50,polar2,20,0.7506,0.7521,0.8185,0.1336,0.7287,0.2097,0.4809
50,polar3,20,0.7664,0.7684,0.8304,0.1417,0.7282,0.2207,0.4945
50,polar8,20,0.7804,0.7832,0.8355,0.1552,0.7161,0.2369,0.5100
50,quadratic,20,0.7670,0.7710,0.8188,0.1439,0.6375,0.2257,0.4984
100,altered_knn,20,0.7701,0.7867,0.8088,0.0774,0.2086,0.1056,0.4461
100,analytic,20,0.8932,0.9096,0.9052,0.4982,0.3773,0.4194,0.6645
100,kernel,20,0.4255,0.4142,0.4182,0.1486,0.6076,0.1022,0.2582
100,knn,20,0.6717,0.6859,0.6872,0.1912,0.1781,0.1433,0.4146
100,linear,20,0.3738,0.3651,0.4775,0.0299,0.5932,0.0564,0.2108
100,mlp,20,0.8672,0.8791,0.8836,0.3449,0.4962,0.3901,0.6346
100,polar2,20,0.8592,0.8685,0.8811,0.2856,0.5748,0.3640,0.6163
100,polar3,20,0.8626,0.8727,0.8828,0.2982,0.5524,0.3723,0.6225
100,polar8,20,0.8516,0.8633,0.8689,0.3202,0.4787,0.3717,0.6175
100,quadratic,20,0.8310,0.8424,0.8546,0.2786,0.4500,0.3294,0.5859
150,altered_knn,20,0.7580,0.7751,0.7990,0.0813,0.1982,0.0936,0.4344
150,analytic,20,0.8935,0.9130,0.9048,0.5963,0.2691,0.3632,0.6381
150,kernel,20,0.4235,0.4125,0.4155,0.1032,0.5938,0.0931,0.2528
150,knn,20,0.6615,0.6764,0.6763,0.1987,0.1483,0.1273,0.4018
150,linear,20,0.3540,0.3441,0.4523,0.0298,0.6130,0.0564,0.2002
150,mlp,20,0.8741,0.8897,0.8868,0.4412,0.3727,0.3931,0.6414
150,polar2,20,0.8705,0.8830,0.8857,0.3796,0.4752,0.4088,0.6459
150,polar3,20,0.8713,0.8849,0.8858,0.3883,0.4372,0.4013,0.6431
150,polar8,20,0.8549,0.8701,0.8685,0.3924,0.3568,0.3648,0.6175
150,quadratic,20,0.8400,0.8542,0.8597,0.3480,0.3644,0.3347,0.5945
200,altered_knn,20,0.7597,0.7766,0.7991,0.0810,0.1959,0.0973,0.4370
200,analytic,20,0.8935,0.9138,0.9047,0.6270,0.2409,0.3413,0.6275
200,kernel,20,0.4224,0.4115,0.4142,0.1099,0.5891,0.0901,0.2508
200,knn,20,0.6561,0.6711,0.6705,0.1916,0.1369,0.1194,0.3953
200,linear,20,0.3449,0.3343,0.4404,0.0299,0.6247,0.0566,0.1955
200,mlp,20,0.8751,0.8927,0.8872,0.4929,0.3084,0.3677,0.6302
200,polar2,20,0.8727,0.8874,0.8865,0.4290,0.4062,0.4047,0.6460
200,polar3,20,0.8724,0.8880,0.8856,0.4396,0.3715,0.3925,0.6402
200,polar8,20,0.8554,0.8723,0.8683,0.4299,0.3010,0.3433,0.6078
200,quadratic,20,0.8427,0.8583,0.8613,0.3850,0.3194,0.3219,0.5901
250,altered_knn,20,0.7443,0.7598,0.7919,0.0844,0.2406,0.0966,0.4282
250,analytic,20,0.8936,0.9141,0.9046,0.6472,0.2309,0.3338,0.6239
250,kernel,20,0.4218,0.4110,0.4134,0.1124,0.5860,0.0879,0.2494
250,knn,20,0.6527,0.6678,0.6670,0.1943,0.1311,0.1156,0.3917
250,linear,20,0.3390,0.3280,0.4327,0.0299,0.6305,0.0566,0.1923
250,mlp,20,0.8754,0.8940,0.8873,0.5237,0.2721,0.3454,0.6197
250,polar2,20,0.8727,0.8886,0.8861,0.4548,0.3624,0.3903,0.6395
250,polar3,20,0.8727,0.8892,0.8853,0.4763,0.3354,0.3827,0.6360
250,polar8,20,0.8551,0.8729,0.8676,0.4538,0.2680,0.3245,0.5987
250,quadratic,20,0.8442,0.8606,0.8623,0.4108,0.2937,0.3115,0.5860
300,altered_knn,20,0.7596,0.7767,0.8010,0.0813,0.2045,0.0934,0.4351
300,analytic,20,0.8936,0.9143,0.9047,0.6553,0.2272,0.3308,0.6225
300,kernel,20,0.4214,0.4106,0.4128,0.1133,0.5842,0.0864,0.2485
300,knn,20,0.6504,0.6657,0.6646,0.1943,0.1263,0.1125,0.3891
300,linear,20,0.3350,0.3238,0.4274,0.0298,0.6343,0.0565,0.1902
300,mlp,20,0.8746,0.8939,0.8864,0.5413,0.2443,0.3237,0.6088
300,polar2,20,0.8726,0.8892,0.8860,0.4683,0.3349,0.3764,0.6328
300,polar3,20,0.8726,0.8898,0.8850,0.5007,0.3097,0.3705,0.6302
300,polar8,20,0.8543,0.8726,0.8668,0.4683,0.2496,0.3113,0.5919
300,quadratic,20,0.8449,0.8618,0.8627,0.4271,0.2761,0.3012,0.5815
350,altered_knn,20,0.7606,0.7776,0.8010,0.0787,0.1982,0.0921,0.4349
350,analytic,20,0.8937,0.9144,0.9047,0.6609,0.2260,0.3303,0.6224
350,kernel,20,0.4211,0.4104,0.4125,0.1146,0.5822,0.0847,0.2475
350,knn,20,0.6489,0.6641,0.6629,0.1956,0.1233,0.1100,0.3871
350,linear,20,0.3322,0.3209,0.4237,0.0298,0.6373,0.0565,0.1887
350,mlp,20,0.8748,0.8946,0.8867,0.5519,0.2285,0.3090,0.6018
350,polar2,20,0.8722,0.8894,0.8856,0.4713,0.3139,0.3620,0.6257
350,polar3,20,0.8723,0.8901,0.8846,0.5180,0.2921,0.3601,0.6251
350,polar8,20,0.8541,0.8728,0.8665,0.4742,0.2347,0.2989,0.5858
350,quadratic,20,0.8455,0.8627,0.8632,0.4388,0.2638,0.2932,0.5780
400,altered_knn,20,0.7715,0.7897,0.8051,0.0939,0.1614,0.0863,0.4380
400,analytic,20,0.8938,0.9144,0.9047,0.6666,0.2268,0.3320,0.6232
400,kernel,20,0.4208,0.4101,0.4121,0.1170,0.5814,0.0839,0.2470
400,knn,20,0.6475,0.6628,0.6614,0.1921,0.1204,0.1080,0.3854
400,linear,20,0.3300,0.3185,0.4207,0.0298,0.6395,0.0565,0.1875
400,mlp,20,0.8744,0.8946,0.8864,0.5610,0.2135,0.2945,0.5946
400,polar2,20,0.8718,0.8894,0.8853,0.4732,0.2990,0.3510,0.6202
400,polar3,20,0.8721,0.8902,0.8844,0.5271,0.2779,0.3496,0.6199
400,polar8,20,0.8541,0.8730,0.8665,0.4877,0.2277,0.2943,0.5836
400,quadratic,20,0.8458,0.8633,0.8634,0.4475,0.2560,0.2879,0.5756
450,altered_knn,20,0.7727,0.7918,0.8056,0.0790,0.1446,0.0850,0.4384
450,analytic,20,0.8938,0.9145,0.9047,0.6705,0.2276,0.3332,0.6238
450,kernel,20,0.4206,0.4100,0.4119,0.1171,0.5802,0.0827,0.2463
450,knn,20,0.6464,0.6617,0.6603,0.1775,0.1180,0.1062,0.3839
450,linear,20,0.3284,0.3168,0.4185,0.0298,0.6415,0.0566,0.1867
450,mlp,20,0.8748,0.8953,0.8868,0.5645,0.2044,0.2858,0.5906
450,polar2,20,0.8717,0.8895,0.8851,0.4740,0.2885,0.3432,0.6164
450,polar3,20,0.8717,0.8902,0.8841,0.5351,0.2673,0.3415,0.6159
450,polar8,20,0.8544,0.8736,0.8667,0.4962,0.2198,0.2884,0.5810
450,quadratic,20,0.8461,0.8638,0.8636,0.4551,0.2488,0.2827,0.5733
500,altered_knn,20,0.7702,0.7891,0.8043,0.0805,0.1486,0.0851,0.4371
500,analytic,20,0.8938,0.9145,0.9047,0.6704,0.2279,0.3336,0.6240
500,kernel,20,0.4204,0.4098,0.4117,0.1175,0.5799,0.0824,0.2461
500,knn,20,0.6455,0.6608,0.6594,0.1775,0.1170,0.1051,0.3830
500,linear,20,0.3271,0.3154,0.4167,0.0298,0.6428,0.0565,0.1859
500,mlp,20,0.8740,0.8947,0.8861,0.5633,0.1959,0.2757,0.5852
500,polar2,20,0.8714,0.8895,0.8849,0.4742,0.2806,0.3369,0.6132
500,polar3,20,0.8716,0.8903,0.8840,0.5394,0.2582,0.3334,0.6119
500,polar8,20,0.8548,0.8741,0.8671,0.5017,0.2170,0.2861,0.5801
500,quadratic,20,0.8463,0.8641,0.8637,0.4634,0.2437,0.2792,0.5716
550,altered_knn,20,0.7677,0.7862,0.8028,0.0794,0.1601,0.0866,0.4364
550,analytic,20,0.8939,0.9145,0.9047,0.6735,0.2292,0.3352,0.6249
550,kernel,20,0.4203,0.4096,0.4115,0.1183,0.5794,0.0819,0.2458
550,knn,20,0.6449,0.6602,0.6588,0.1734,0.1153,0.1032,0.3817
550,linear,20,0.3260,0.3142,0.4152,0.0298,0.6439,0.0565,0.1854
550,mlp,20,0.8741,0.8949,0.8862,0.5654,0.1892,0.2685,0.5817
550,polar2,20,0.8714,0.8897,0.8849,0.4734,0.2722,0.3297,0.6097
550,polar3,20,0.8713,0.8902,0.8837,0.5442,0.2511,0.3273,0.6088
550,polar8,20,0.8539,0.8733,0.8662,0.4964,0.2082,0.2763,0.5748
550,quadratic,20,0.8464,0.8644,0.8638,0.4656,0.2377,0.2737,0.5691
600,altered_knn,20,0.7638,0.7813,0.8015,0.0768,0.1789,0.0907,0.4360
600,analytic,20,0.8940,0.9145,0.9047,0.6755,0.2311,0.3375,0.6260
600,kernel,20,0.4202,0.4095,0.4114,0.1185,0.5792,0.0818,0.2457
600,knn,20,0.6442,0.6596,0.6581,0.1746,0.1145,0.1027,0.3811
600,linear,20,0.3251,0.3132,0.4139,0.0298,0.6452,0.0566,0.1849
600,mlp,20,0.8742,0.8951,0.8864,0.5644,0.1885,0.2684,0.5817
600,polar2,20,0.8712,0.8896,0.8847,0.4724,0.2664,0.3243,0.6070
600,polar3,20,0.8714,0.8904,0.8837,0.5503,0.2465,0.3240,0.6072
600,polar8,20,0.8542,0.8738,0.8666,0.4999,0.2049,0.2732,0.5735
600,quadratic,20,0.8465,0.8646,0.8639,0.4683,0.2345,0.2708,0.5677
650,altered_knn,20,0.7650,0.7827,0.8022,0.0777,0.1756,0.0915,0.4371
650,analytic,20,0.8940,0.9145,0.9047,0.6766,0.2317,0.3383,0.6264
650,kernel,20,0.4201,0.4095,0.4113,0.1194,0.5790,0.0815,0.2455
650,knn,20,0.6439,0.6592,0.6577,0.1735,0.1136,0.1016,0.3804
650,linear,20,0.3243,0.3125,0.4130,0.0298,0.6458,0.0566,0.1845
650,mlp,20,0.8739,0.8949,0.8860,0.5723,0.1857,0.2653,0.5801
650,polar2,20,0.8710,0.8896,0.8846,0.4711,0.2616,0.3193,0.6045
650,polar3,20,0.8714,0.8905,0.8838,0.5539,0.2414,0.3195,0.6050
650,polar8,20,0.8543,0.8740,0.8666,0.5076,0.2004,0.2695,0.5717
650,quadratic,20,0.8466,0.8648,0.8640,0.4718,0.2313,0.2681,0.5665
700,altered_knn,20,0.7628,0.7802,0.8012,0.0804,0.1851,0.0936,0.4369
700,analytic,20,0.8940,0.9146,0.9048,0.6776,0.2324,0.3392,0.6269
700,kernel,20,0.4201,0.4095,0.4113,0.1197,0.5787,0.0812,0.2454
700,knn,20,0.6435,0.6589,0.6573,0.1726,0.1124,0.1006,0.3797
700,linear,20,0.3237,0.3118,0.4121,0.0298,0.6461,0.0565,0.1841
700,mlp,20,0.8735,0.8946,0.8856,0.5794,0.1796,0.2583,0.5764
700,polar2,20,0.8710,0.8897,0.8846,0.4692,0.2578,0.3159,0.6028
700,polar3,20,0.8712,0.8904,0.8835,0.5589,0.2388,0.3179,0.6042
700,polar8,20,0.8537,0.8734,0.8661,0.5010,0.1969,0.2648,0.5691
700,quadratic,20,0.8467,0.8650,0.8640,0.4746,0.2285,0.2655,0.5652
750,altered_knn,20,0.7687,0.7871,0.8029,0.0819,0.1620,0.0878,0.4374
750,analytic,20,0.8940,0.9146,0.9048,0.6782,0.2332,0.3399,0.6272
750,kernel,20,0.4200,0.4094,0.4112,0.1197,0.5784,0.0810,0.2452
750,knn,20,0.6431,0.6586,0.6570,0.1722,0.1120,0.1002,0.3794
750,linear,20,0.3231,0.3112,0.4114,0.0298,0.6467,0.0565,0.1839
750,mlp,20,0.8733,0.8945,0.8854,0.5735,0.1766,0.2542,0.5744
750,polar2,20,0.8708,0.8896,0.8845,0.4675,0.2539,0.3122,0.6009
750,polar3,20,0.8711,0.8904,0.8835,0.5612,0.2353,0.3142,0.6023
750,polar8,20,0.8543,0.8742,0.8668,0.5061,0.1944,0.2624,0.5683
750,quadratic,20,0.8468,0.8651,0.8641,0.4778,0.2262,0.2634,0.5643
800,altered_knn,20,0.7663,0.7844,0.8024,0.0817,0.1733,0.0902,0.4373
800,analytic,20,0.8941,0.9146,0.9048,0.6783,0.2342,0.3409,0.6277
800,kernel,20,0.4200,0.4094,0.4112,0.1197,0.5783,0.0809,0.2451
800,knn,20,0.6429,0.6584,0.6568,0.1717,0.1109,0.0995,0.3789
800,linear,20,0.3227,0.3107,0.4108,0.0298,0.6471,0.0565,0.1836
800,mlp,20,0.8734,0.8947,0.8856,0.5791,0.1730,0.2508,0.5727
800,polar2,20,0.8707,0.8896,0.8845,0.4645,0.2497,0.3076,0.5986
800,polar3,20,0.8711,0.8905,0.8835,0.5635,0.2323,0.3115,0.6010
800,polar8,20,0.8542,0.8741,0.8666,0.5112,0.1922,0.2605,0.5673
800,quadratic,20,0.8468,0.8652,0.8641,0.4801,0.2245,0.2620,0.5636
850,altered_knn,20,0.7651,0.7831,0.8019,0.0828,0.1779,0.0906,0.4368
850,analytic,20,0.8941,0.9146,0.9048,0.6782,0.2346,0.3413,0.6280
850,kernel,20,0.4200,0.4094,0.4112,0.1198,0.5778,0.0803,0.2448
850,knn,20,0.6426,0.6580,0.6564,0.1714,0.1106,0.0992,0.3786
850,linear,20,0.3223,0.3102,0.4102,0.0298,0.6477,0.0565,0.1834
850,mlp,20,0.8741,0.8954,0.8862,0.5784,0.1724,0.2507,0.5730
850,polar2,20,0.8707,0.8897,0.8845,0.4649,0.2473,0.3055,0.5976
850,polar3,20,0.8710,0.8905,0.8834,0.5636,0.2298,0.3087,0.5996
850,polar8,20,0.8538,0.8737,0.8661,0.5156,0.1901,0.2590,0.5664
850,quadratic,20,0.8470,0.8654,0.8642,0.4834,0.2231,0.2610,0.5632
900,altered_knn,20,0.7638,0.7813,0.8013,0.0821,0.1823,0.0918,0.4365
900,analytic,20,0.8941,0.9146,0.9048,0.6778,0.2351,0.3418,0.6282
900,kernel,20,0.4199,0.4093,0.4111,0.1194,0.5775,0.0800,0.2446
900,knn,20,0.6424,0.6579,0.6562,0.1715,0.1106,0.0992,0.3785
900,linear,20,0.3219,0.3098,0.4096,0.0298,0.6484,0.0566,0.1832
900,mlp,20,0.8738,0.8952,0.8860,0.5755,0.1695,0.2457,0.5704
900,polar2,20,0.8706,0.8897,0.8844,0.4651,0.2455,0.3037,0.5967
900,polar3,20,0.8710,0.8905,0.8834,0.5662,0.2278,0.3069,0.5987
900,polar8,20,0.8538,0.8739,0.8662,0.5127,0.1865,0.2548,0.5643
900,quadratic,20,0.8470,0.8655,0.8642,0.4855,0.2216,0.2596,0.5625
950,altered_knn,20,0.7625,0.7799,0.8009,0.0827,0.1873,0.0922,0.4360
950,analytic,20,0.8941,0.9146,0.9048,0.6770,0.2365,0.3432,0.6289
950,kernel,20,0.4198,0.4093,0.4110,0.1191,0.5771,0.0793,0.2443
950,knn,20,0.6422,0.6576,0.6560,0.1721,0.1107,0.0993,0.3785
950,linear,20,0.3215,0.3094,0.4091,0.0298,0.6488,0.0566,0.1830
950,mlp,20,0.8738,0.8952,0.8860,0.5762,0.1692,0.2455,0.5704
950,polar2,20,0.8706,0.8897,0.8843,0.4656,0.2434,0.3019,0.5958
950,polar3,20,0.8710,0.8906,0.8834,0.5660,0.2252,0.3042,0.5974
950,polar8,20,0.8536,0.8737,0.8660,0.5078,0.1841,0.2515,0.5626
950,quadratic,20,0.8471,0.8656,0.8643,0.4879,0.2204,0.2586,0.5621
1000,altered_knn,20,0.7676,0.7854,0.8034,0.0815,0.1748,0.0934,0.4394
1000,analytic,20,0.8941,0.9146,0.9048,0.6766,0.2374,0.3441,0.6293
1000,kernel,20,0.4198,0.4092,0.4110,0.1193,0.5771,0.0794,0.2443
1000,knn,20,0.6421,0.6575,0.6559,0.1724,0.1107,0.0994,0.3784
1000,linear,20,0.3212,0.3091,0.4087,0.0298,0.6491,0.0565,0.1828
1000,mlp,20,0.8741,0.8956,0.8863,0.5833,0.1675,0.2447,0.5701
1000,polar2,20,0.8704,0.8896,0.8842,0.4640,0.2414,0.2997,0.5946
1000,polar3,20,0.8709,0.8906,0.8833,0.5679,0.2232,0.3019,0.5962
1000,polar8,20,0.8546,0.8746,0.8669,0.5130,0.1872,0.2562,0.5654
1000,quadratic,20,0.8472,0.8657,0.8644,0.4895,0.2192,0.2575,0.5616
