sampler,d,K,hall_gt,model,arch,n_per_mode,n_anchors,full_acc,mode_acc,mode_f1,hall_prec,hall_rec,hall_f1,balanced
flow,2,2,0.0144,knn,knn,2000,6000,0.9787,0.9839,0.9877,0.4127,0.6298,0.4986,0.7412
flow,2,2,0.0144,altered_knn,altered_knn,2000,4000,0.9709,0.9811,0.9839,0.1965,0.2734,0.2287,0.6049
flow,2,2,0.0144,polar3,polar,2000,6000,0.9826,0.9900,0.9896,0.5054,0.4844,0.4947,0.7423
flow,2,2,0.0144,knn,knn,5000,15000,0.9813,0.9876,0.9894,0.4408,0.5536,0.4908,0.7392
flow,2,2,0.0144,altered_knn,altered_knn,5000,10000,0.9707,0.9796,0.9845,0.2177,0.3668,0.2732,0.6264
flow,2,2,0.0144,polar3,polar,5000,15000,0.9828,0.9901,0.9898,0.5072,0.4844,0.4956,0.7428
flow,2,2,0.0144,knn,knn,10000,30000,0.9822,0.9888,0.9898,0.4711,0.5363,0.5016,0.7452
flow,2,2,0.0144,altered_knn,altered_knn,10000,20000,0.9775,0.9895,0.9875,0.2222,0.1592,0.1855,0.5875
flow,2,2,0.0144,polar3,polar,10000,30000,0.9828,0.9901,0.9897,0.5091,0.4844,0.4965,0.7433
flow,2,2,0.0144,knn,knn,20000,60000,0.9825,0.9898,0.9897,0.4930,0.4879,0.4904,0.7401
flow,2,2,0.0144,altered_knn,altered_knn,20000,40000,0.9774,0.9896,0.9872,0.2154,0.1453,0.1736,0.5816
flow,2,2,0.0144,polar3,polar,20000,60000,0.9828,0.9901,0.9897,0.5109,0.4844,0.4973,0.7437
flow,2,2,0.0144,knn,knn,50000,150000,0.9833,0.9907,0.9900,0.5265,0.4810,0.5027,0.7467
flow,2,2,0.0144,altered_knn,altered_knn,50000,100000,0.9788,0.9917,0.9878,0.2148,0.1003,0.1368,0.5642
flow,2,2,0.0144,polar3,polar,50000,150000,0.9827,0.9900,0.9897,0.5036,0.4844,0.4938,0.7419
flow,2,2,0.0144,knn,knn,100000,300000,0.9833,0.9907,0.9899,0.5346,0.4810,0.5064,0.7485
flow,2,2,0.0144,altered_knn,altered_knn,100000,200000,0.9800,0.9940,0.9882,0.1552,0.0311,0.0519,0.5229
flow,2,2,0.0144,polar3,polar,100000,300000,0.9827,0.9901,0.9897,0.5091,0.4844,0.4965,0.7433
flow,2,4,0.0150,knn,knn,2000,12000,0.9487,0.9556,0.9637,0.2383,0.4933,0.3214,0.6385
flow,2,4,0.0150,altered_knn,altered_knn,2000,8000,0.9340,0.9464,0.9550,0.0543,0.1167,0.0741,0.5103
flow,2,4,0.0150,polar3,polar,2000,12000,0.9506,0.9574,0.9635,0.2779,0.5067,0.3589,0.6582
flow,2,4,0.0150,knn,knn,5000,30000,0.9521,0.9596,0.9645,0.2816,0.4600,0.3494,0.6545
flow,2,4,0.0150,altered_knn,altered_knn,5000,20000,0.9322,0.9417,0.9586,0.0955,0.3100,0.1460,0.5439
flow,2,4,0.0150,polar3,polar,5000,30000,0.9518,0.9591,0.9643,0.2795,0.4733,0.3515,0.6553
flow,2,4,0.0150,knn,knn,10000,60000,0.9548,0.9628,0.9654,0.3200,0.4267,0.3657,0.6643
flow,2,4,0.0150,altered_knn,altered_knn,10000,40000,0.9429,0.9539,0.9620,0.1095,0.2267,0.1477,0.5508
flow,2,4,0.0150,polar3,polar,10000,60000,0.9522,0.9591,0.9642,0.2962,0.4967,0.3711,0.6651
flow,2,4,0.0150,knn,knn,20000,120000,0.9566,0.9648,0.9657,0.3735,0.4133,0.3924,0.6786
flow,2,4,0.0150,altered_knn,altered_knn,20000,80000,0.9409,0.9518,0.9614,0.1003,0.2267,0.1391,0.5454
flow,2,4,0.0150,polar3,polar,20000,120000,0.9537,0.9606,0.9650,0.3172,0.5033,0.3892,0.6749
flow,2,4,0.0150,knn,knn,50000,300000,0.9578,0.9663,0.9659,0.4240,0.4000,0.4117,0.6890
flow,2,4,0.0150,altered_knn,altered_knn,50000,200000,0.9526,0.9659,0.9640,0.1152,0.0833,0.0967,0.5313
flow,2,4,0.0150,polar3,polar,50000,300000,0.9541,0.9611,0.9652,0.3169,0.4933,0.3859,0.6735
flow,2,4,0.0150,knn,knn,100000,600000,0.9583,0.9668,0.9660,0.4566,0.4033,0.4283,0.6975
flow,2,4,0.0150,altered_knn,altered_knn,100000,400000,0.9550,0.9686,0.9647,0.1397,0.0633,0.0872,0.5279
flow,2,4,0.0150,polar3,polar,100000,600000,0.9550,0.9625,0.9658,0.3209,0.4600,0.3781,0.6703
flow,2,8,0.0268,knn,knn,2000,24000,0.8795,0.8971,0.8994,0.1960,0.2388,0.2153,0.5562
flow,2,8,0.0268,altered_knn,altered_knn,2000,16000,0.8803,0.9039,0.8964,0.0486,0.0224,0.0307,0.4673
flow,2,8,0.0268,polar3,polar,2000,24000,0.8796,0.8967,0.8986,0.2196,0.2593,0.2378,0.5672
flow,2,8,0.0268,knn,knn,5000,60000,0.8821,0.9007,0.8999,0.2121,0.2090,0.2105,0.5556
flow,2,8,0.0268,altered_knn,altered_knn,5000,40000,0.8686,0.8895,0.8977,0.0672,0.1119,0.0840,0.4867
flow,2,8,0.0268,polar3,polar,5000,60000,0.8786,0.8958,0.8983,0.2085,0.2556,0.2297,0.5627
flow,2,8,0.0268,knn,knn,10000,120000,0.8848,0.9036,0.9001,0.2595,0.2034,0.2280,0.5658
flow,2,8,0.0268,altered_knn,altered_knn,10000,80000,0.8769,0.8998,0.8985,0.0483,0.0448,0.0465,0.4731
flow,2,8,0.0268,polar3,polar,10000,120000,0.8779,0.8948,0.8975,0.2117,0.2631,0.2346,0.5647
flow,2,8,0.0268,knn,knn,20000,240000,0.8870,0.9060,0.9006,0.3099,0.1978,0.2415,0.5737
flow,2,8,0.0268,altered_knn,altered_knn,20000,160000,0.8802,0.9037,0.8985,0.0435,0.0280,0.0341,0.4689
flow,2,8,0.0268,polar3,polar,20000,240000,0.8784,0.8956,0.8975,0.2170,0.2575,0.2355,0.5655
flow,2,8,0.0268,knn,knn,50000,600000,0.8885,0.9075,0.9006,0.3794,0.1996,0.2616,0.5846
flow,2,8,0.0268,altered_knn,altered_knn,50000,400000,0.8818,0.9053,0.8987,0.0554,0.0299,0.0388,0.4720
flow,2,8,0.0268,polar3,polar,50000,600000,0.8810,0.8984,0.8991,0.2308,0.2519,0.2409,0.5696
flow,2,8,0.0268,knn,knn,100000,1200000,0.8893,0.9083,0.9006,0.4280,0.1996,0.2723,0.5903
flow,2,8,0.0268,altered_knn,altered_knn,100000,800000,0.8845,0.9085,0.8986,0.0397,0.0112,0.0175,0.4630
flow,2,8,0.0268,polar3,polar,100000,1200000,0.8836,0.9016,0.9000,0.2520,0.2313,0.2412,0.5714
flow,4,2,0.0260,knn,knn,2000,6000,0.9038,0.9225,0.9137,0.7260,0.2038,0.3183,0.6204
flow,4,2,0.0260,altered_knn,altered_knn,2000,4000,0.8395,0.8535,0.9088,0.0571,0.3173,0.0967,0.4751
flow,4,2,0.0260,polar3,polar,2000,6000,0.9737,0.9863,0.9808,0.8700,0.5019,0.6366,0.8115
flow,4,2,0.0260,knn,knn,5000,15000,0.9237,0.9425,0.9338,0.7325,0.2212,0.3397,0.6411
flow,4,2,0.0260,altered_knn,altered_knn,5000,10000,0.9133,0.9355,0.9411,0.0558,0.0808,0.0660,0.5008
flow,4,2,0.0260,polar3,polar,5000,15000,0.9739,0.9865,0.9809,0.8788,0.5019,0.6389,0.8127
flow,4,2,0.0260,knn,knn,10000,30000,0.9300,0.9478,0.9397,0.7419,0.2654,0.3909,0.6694
flow,4,2,0.0260,altered_knn,altered_knn,10000,20000,0.9331,0.9577,0.9480,0.0574,0.0135,0.0218,0.4898
flow,4,2,0.0260,polar3,polar,10000,30000,0.9737,0.9864,0.9808,0.8725,0.5000,0.6357,0.8110
flow,4,2,0.0260,knn,knn,20000,60000,0.9372,0.9544,0.9466,0.7716,0.2923,0.4240,0.6892
flow,4,2,0.0260,altered_knn,altered_knn,20000,40000,0.9341,0.9585,0.9487,0.0847,0.0192,0.0313,0.4949
flow,4,2,0.0260,polar3,polar,20000,60000,0.9738,0.9864,0.9808,0.8758,0.5019,0.6381,0.8123
flow,4,2,0.0260,knn,knn,50000,150000,0.9487,0.9654,0.9579,0.7814,0.3231,0.4571,0.7113
flow,4,2,0.0260,altered_knn,altered_knn,50000,100000,0.9305,0.9539,0.9513,0.0678,0.0538,0.0600,0.5070
flow,4,2,0.0260,polar3,polar,50000,150000,0.9738,0.9863,0.9808,0.8733,0.5038,0.6390,0.8127
flow,4,2,0.0260,knn,knn,100000,300000,0.9542,0.9709,0.9630,0.8629,0.3269,0.4742,0.7226
flow,4,2,0.0260,altered_knn,altered_knn,100000,200000,0.9414,0.9664,0.9555,0.0405,0.0058,0.0101,0.4883
flow,4,2,0.0260,polar3,polar,100000,300000,0.9739,0.9864,0.9809,0.8826,0.5058,0.6430,0.8147
flow,4,4,0.0201,knn,knn,2000,12000,0.8077,0.8182,0.8177,0.3826,0.2960,0.3338,0.5760
flow,4,4,0.0201,altered_knn,altered_knn,2000,8000,0.8459,0.8625,0.8596,0.0538,0.0348,0.0423,0.4524
flow,4,4,0.0201,polar3,polar,2000,12000,0.9027,0.9117,0.9113,0.4640,0.4652,0.4646,0.6881
flow,4,4,0.0201,knn,knn,5000,30000,0.8364,0.8475,0.8456,0.3993,0.2960,0.3400,0.5938
flow,4,4,0.0201,altered_knn,altered_knn,5000,20000,0.8505,0.8671,0.8662,0.0514,0.0448,0.0479,0.4575
flow,4,4,0.0201,polar3,polar,5000,30000,0.9040,0.9132,0.9119,0.5097,0.4577,0.4823,0.6978
flow,4,4,0.0201,knn,knn,10000,60000,0.8514,0.8625,0.8606,0.4032,0.3109,0.3511,0.6068
flow,4,4,0.0201,altered_knn,altered_knn,10000,40000,0.8575,0.8737,0.8733,0.0735,0.0697,0.0715,0.4726
flow,4,4,0.0201,polar3,polar,10000,60000,0.9040,0.9132,0.9117,0.5198,0.4577,0.4868,0.7000
flow,4,4,0.0201,knn,knn,20000,120000,0.8673,0.8783,0.8763,0.4214,0.3333,0.3722,0.6252
flow,4,4,0.0201,altered_knn,altered_knn,20000,80000,0.8661,0.8827,0.8798,0.0830,0.0572,0.0677,0.4752
flow,4,4,0.0201,polar3,polar,20000,120000,0.9048,0.9140,0.9124,0.5303,0.4577,0.4913,0.7026
flow,4,4,0.0201,knn,knn,50000,300000,0.8870,0.8977,0.8954,0.4820,0.3657,0.4158,0.6568
flow,4,4,0.0201,altered_knn,altered_knn,50000,200000,0.8648,0.8811,0.8841,0.0531,0.0721,0.0612,0.4711
flow,4,4,0.0201,polar3,polar,50000,300000,0.9057,0.9149,0.9133,0.5349,0.4577,0.4933,0.7041
flow,4,4,0.0201,knn,knn,100000,600000,0.8956,0.9060,0.9032,0.5436,0.3881,0.4528,0.6794
flow,4,4,0.0201,altered_knn,altered_knn,100000,400000,0.8796,0.8971,0.8911,0.0676,0.0249,0.0364,0.4667
flow,4,4,0.0201,polar3,polar,100000,600000,0.9060,0.9152,0.9136,0.5272,0.4577,0.4900,0.7026
flow,4,8,0.0146,knn,knn,2000,24000,0.7793,0.7847,0.7999,0.1225,0.4164,0.1893,0.4870
flow,4,8,0.0146,altered_knn,altered_knn,2000,16000,0.8591,0.8718,0.8681,0.0095,0.0034,0.0050,0.4384
flow,4,8,0.0146,polar3,polar,2000,24000,0.9324,0.9388,0.9445,0.2780,0.5085,0.3595,0.6491
flow,4,8,0.0146,knn,knn,5000,60000,0.8162,0.8222,0.8346,0.1430,0.4130,0.2125,0.5174
flow,4,8,0.0146,altered_knn,altered_knn,5000,40000,0.8542,0.8642,0.8814,0.0514,0.1843,0.0804,0.4723
flow,4,8,0.0146,polar3,polar,5000,60000,0.9349,0.9412,0.9465,0.2921,0.5154,0.3728,0.6570
flow,4,8,0.0146,knn,knn,10000,120000,0.8448,0.8508,0.8621,0.1656,0.4437,0.2412,0.5460
flow,4,8,0.0146,altered_knn,altered_knn,10000,80000,0.8726,0.8844,0.8894,0.0492,0.0853,0.0624,0.4734
flow,4,8,0.0146,polar3,polar,10000,120000,0.9355,0.9418,0.9475,0.2849,0.5154,0.3670,0.6544
flow,4,8,0.0146,knn,knn,20000,240000,0.8668,0.8731,0.8823,0.1874,0.4369,0.2623,0.5677
flow,4,8,0.0146,altered_knn,altered_knn,20000,160000,0.8884,0.9014,0.8978,0.0394,0.0171,0.0238,0.4626
flow,4,8,0.0146,polar3,polar,20000,240000,0.9351,0.9416,0.9469,0.2846,0.4983,0.3623,0.6519
flow,4,8,0.0146,knn,knn,50000,600000,0.8914,0.8980,0.9051,0.2205,0.4471,0.2954,0.5967
flow,4,8,0.0146,altered_knn,altered_knn,50000,400000,0.8529,0.8602,0.8996,0.0531,0.3652,0.0927,0.4764
flow,4,8,0.0146,polar3,polar,50000,600000,0.9372,0.9440,0.9489,0.2826,0.4812,0.3561,0.6500
flow,4,8,0.0146,knn,knn,100000,1200000,0.9093,0.9159,0.9212,0.2661,0.4642,0.3383,0.6271
flow,4,8,0.0146,altered_knn,altered_knn,100000,800000,0.8998,0.9126,0.9134,0.0365,0.0410,0.0386,0.4756
flow,4,8,0.0146,polar3,polar,100000,1200000,0.9371,0.9438,0.9485,0.2898,0.4846,0.3627,0.6533
flow,4,16,0.0269,knn,knn,2000,48000,0.7544,0.7671,0.7792,0.1374,0.2937,0.1872,0.4771
flow,4,16,0.0269,altered_knn,altered_knn,2000,32000,0.8292,0.8504,0.8458,0.0938,0.0613,0.0742,0.4623
flow,4,16,0.0269,polar3,polar,2000,48000,0.8923,0.9094,0.9105,0.2467,0.2751,0.2601,0.5848
flow,4,16,0.0269,knn,knn,5000,120000,0.8000,0.8142,0.8221,0.1681,0.2844,0.2113,0.5128
flow,4,16,0.0269,altered_knn,altered_knn,5000,80000,0.8456,0.8682,0.8586,0.1210,0.0279,0.0453,0.4567
flow,4,16,0.0269,polar3,polar,5000,120000,0.8945,0.9111,0.9124,0.2585,0.2955,0.2758,0.5935
flow,4,16,0.0269,knn,knn,10000,240000,0.8238,0.8388,0.8446,0.1893,0.2825,0.2267,0.5327
flow,4,16,0.0269,altered_knn,altered_knn,10000,160000,0.8488,0.8713,0.8619,0.1496,0.0353,0.0571,0.4642
flow,4,16,0.0269,polar3,polar,10000,240000,0.8944,0.9111,0.9122,0.2582,0.2918,0.2740,0.5925
flow,4,16,0.0269,knn,knn,20000,480000,0.8424,0.8578,0.8620,0.2079,0.2825,0.2396,0.5487
flow,4,16,0.0269,altered_knn,altered_knn,20000,320000,0.8554,0.8770,0.8715,0.1318,0.0762,0.0966,0.4868
flow,4,16,0.0269,polar3,polar,20000,480000,0.8960,0.9132,0.9131,0.2675,0.2770,0.2721,0.5927
flow,4,16,0.0269,knn,knn,50000,1200000,0.8639,0.8806,0.8815,0.2370,0.2621,0.2489,0.5647
flow,4,16,0.0269,altered_knn,altered_knn,50000,800000,0.8661,0.8890,0.8799,0.1346,0.0390,0.0605,0.4748
flow,4,16,0.0269,polar3,polar,50000,1200000,0.8960,0.9137,0.9132,0.2569,0.2584,0.2576,0.5857
flow,4,16,0.0269,knn,knn,100000,2400000,0.8765,0.8935,0.8927,0.2706,0.2621,0.2663,0.5799
flow,4,16,0.0269,altered_knn,altered_knn,100000,1600000,0.8711,0.8943,0.8856,0.0977,0.0316,0.0478,0.4710
flow,4,16,0.0269,polar3,polar,100000,2400000,0.8964,0.9141,0.9135,0.2570,0.2546,0.2558,0.5850
flow,4,32,0.0319,knn,knn,2000,96000,0.7359,0.7486,0.7622,0.1660,0.3495,0.2251,0.4869
flow,4,32,0.0319,altered_knn,altered_knn,2000,64000,0.8161,0.8398,0.8339,0.1627,0.0972,0.1217,0.4807
flow,4,32,0.0319,polar3,polar,2000,96000,0.8854,0.9032,0.9071,0.2759,0.3464,0.3072,0.6052
flow,4,32,0.0319,knn,knn,5000,240000,0.7804,0.7944,0.8051,0.1976,0.3542,0.2536,0.5240
flow,4,32,0.0319,altered_knn,altered_knn,5000,160000,0.8183,0.8380,0.8456,0.1424,0.2210,0.1732,0.5056
flow,4,32,0.0319,polar3,polar,5000,240000,0.8866,0.9045,0.9078,0.2855,0.3464,0.3130,0.6087
flow,4,32,0.0319,knn,knn,10000,480000,0.8108,0.8259,0.8342,0.2213,0.3511,0.2715,0.5487
flow,4,32,0.0319,altered_knn,altered_knn,10000,320000,0.8397,0.8661,0.8555,0.1543,0.0392,0.0625,0.4643
flow,4,32,0.0319,polar3,polar,10000,480000,0.8896,0.9081,0.9102,0.2893,0.3292,0.3079,0.6080
flow,4,32,0.0319,knn,knn,20000,960000,0.8318,0.8487,0.8527,0.2506,0.3213,0.2816,0.5651
flow,4,32,0.0319,altered_knn,altered_knn,20000,640000,0.8487,0.8731,0.8675,0.1772,0.1097,0.1355,0.5043
flow,4,32,0.0319,polar3,polar,20000,960000,0.8908,0.9097,0.9110,0.2934,0.3182,0.3053,0.6075
flow,4,32,0.0319,knn,knn,50000,2400000,0.8544,0.8727,0.8744,0.2657,0.2978,0.2809,0.5768
flow,4,32,0.0319,altered_knn,altered_knn,50000,1600000,0.8511,0.8722,0.8745,0.1796,0.2100,0.1936,0.5329
flow,4,32,0.0319,polar3,polar,50000,2400000,0.8914,0.9108,0.9112,0.2965,0.3025,0.2995,0.6051
flow,4,32,0.0319,knn,knn,100000,4800000,0.8691,0.8882,0.8877,0.3003,0.2900,0.2951,0.5916
flow,4,32,0.0319,altered_knn,altered_knn,100000,3200000,0.8636,0.8890,0.8809,0.2021,0.0909,0.1254,0.5072
flow,4,32,0.0319,polar3,polar,100000,4800000,0.8918,0.9114,0.9113,0.2986,0.2962,0.2974,0.6044
flow,8,2,0.0205,knn,knn,2000,6000,0.8239,0.8406,0.8319,0.4800,0.0293,0.0552,0.4479
flow,8,2,0.0205,altered_knn,altered_knn,2000,4000,0.8037,0.8112,0.8797,0.0528,0.4463,0.0944,0.4528
flow,8,2,0.0205,polar3,polar,2000,6000,0.9640,0.9735,0.9717,0.6243,0.5146,0.5642,0.7688
flow,8,2,0.0205,knn,knn,5000,15000,0.8369,0.8531,0.8447,0.7222,0.0634,0.1166,0.4848
flow,8,2,0.0205,altered_knn,altered_knn,5000,10000,0.8960,0.9129,0.9193,0.0539,0.0902,0.0675,0.4902
flow,8,2,0.0205,polar3,polar,5000,15000,0.9646,0.9738,0.9721,0.6324,0.5244,0.5733,0.7736
flow,8,2,0.0205,knn,knn,10000,30000,0.8483,0.8648,0.8564,0.6316,0.0585,0.1071,0.4860
flow,8,2,0.0205,altered_knn,altered_knn,10000,20000,0.8832,0.8979,0.9181,0.0590,0.1829,0.0892,0.4935
flow,8,2,0.0205,polar3,polar,10000,30000,0.9648,0.9741,0.9722,0.6377,0.5195,0.5726,0.7734
flow,8,2,0.0205,knn,knn,20000,60000,0.8584,0.8746,0.8662,0.8333,0.0854,0.1549,0.5147
flow,8,2,0.0205,altered_knn,altered_knn,20000,40000,0.8920,0.9067,0.9242,0.0678,0.1902,0.0999,0.5033
flow,8,2,0.0205,polar3,polar,20000,60000,0.9645,0.9737,0.9719,0.6334,0.5268,0.5752,0.7744
flow,8,2,0.0205,knn,knn,50000,150000,0.8710,0.8872,0.8790,0.8163,0.0976,0.1743,0.5307
flow,8,2,0.0205,altered_knn,altered_knn,50000,100000,0.9207,0.9392,0.9362,0.0528,0.0366,0.0432,0.4912
flow,8,2,0.0205,polar3,polar,50000,150000,0.9646,0.9739,0.9721,0.6342,0.5244,0.5741,0.7740
flow,8,2,0.0205,knn,knn,100000,300000,0.8767,0.8931,0.8847,0.7959,0.0951,0.1699,0.5315
flow,8,2,0.0205,altered_knn,altered_knn,100000,200000,0.9057,0.9214,0.9346,0.0676,0.1585,0.0948,0.5081
flow,8,2,0.0205,polar3,polar,100000,300000,0.9649,0.9741,0.9723,0.6401,0.5293,0.5794,0.7768
flow,8,4,0.0186,knn,knn,2000,12000,0.6952,0.7056,0.7034,0.3567,0.1501,0.2113,0.4584
flow,8,4,0.0186,altered_knn,altered_knn,2000,8000,0.8338,0.8485,0.8521,0.0464,0.0643,0.0539,0.4512
flow,8,4,0.0186,polar3,polar,2000,12000,0.9414,0.9480,0.9478,0.6190,0.5925,0.6055,0.7768
flow,8,4,0.0186,knn,knn,5000,30000,0.7116,0.7226,0.7200,0.3723,0.1367,0.2000,0.4613
flow,8,4,0.0186,altered_knn,altered_knn,5000,20000,0.8397,0.8542,0.8607,0.0461,0.0804,0.0586,0.4564
flow,8,4,0.0186,polar3,polar,5000,30000,0.9466,0.9536,0.9527,0.6506,0.5791,0.6128,0.7832
flow,8,4,0.0186,knn,knn,10000,60000,0.7311,0.7420,0.7390,0.4184,0.1582,0.2296,0.4858
flow,8,4,0.0186,altered_knn,altered_knn,10000,40000,0.8170,0.8287,0.8620,0.0402,0.2011,0.0670,0.4478
flow,8,4,0.0186,polar3,polar,10000,60000,0.9473,0.9543,0.9532,0.6646,0.5791,0.6189,0.7866
flow,8,4,0.0186,knn,knn,20000,120000,0.7490,0.7602,0.7567,0.4504,0.1582,0.2341,0.4972
flow,8,4,0.0186,altered_knn,altered_knn,20000,80000,0.8646,0.8801,0.8780,0.0687,0.0483,0.0567,0.4684
flow,8,4,0.0186,polar3,polar,20000,120000,0.9474,0.9545,0.9534,0.6625,0.5737,0.6149,0.7847
flow,8,4,0.0186,knn,knn,50000,300000,0.7682,0.7791,0.7757,0.5255,0.1930,0.2824,0.5307
flow,8,4,0.0186,altered_knn,altered_knn,50000,200000,0.8705,0.8862,0.8877,0.0397,0.0456,0.0424,0.4643
flow,8,4,0.0186,polar3,polar,50000,300000,0.9483,0.9553,0.9543,0.6545,0.5791,0.6145,0.7849
flow,8,4,0.0186,knn,knn,100000,600000,0.7788,0.7897,0.7868,0.5066,0.2064,0.2933,0.5415
flow,8,4,0.0186,altered_knn,altered_knn,100000,400000,0.8146,0.8241,0.8762,0.0440,0.3164,0.0772,0.4506
flow,8,4,0.0186,polar3,polar,100000,600000,0.9477,0.9545,0.9538,0.6462,0.5925,0.6182,0.7863
flow,8,8,0.0261,knn,knn,2000,24000,0.6044,0.6162,0.6177,0.1596,0.1667,0.1631,0.3896
flow,8,8,0.0261,altered_knn,altered_knn,2000,16000,0.7869,0.8058,0.8053,0.0857,0.0805,0.0830,0.4444
flow,8,8,0.0261,polar3,polar,2000,24000,0.9162,0.9302,0.9275,0.4952,0.3946,0.4392,0.6847
flow,8,8,0.0261,knn,knn,5000,60000,0.6273,0.6388,0.6391,0.2032,0.1973,0.2002,0.4195
flow,8,8,0.0261,altered_knn,altered_knn,5000,40000,0.8012,0.8218,0.8152,0.0829,0.0326,0.0468,0.4343
flow,8,8,0.0261,polar3,polar,5000,60000,0.9206,0.9346,0.9311,0.5419,0.3966,0.4580,0.6963
flow,8,8,0.0261,knn,knn,10000,120000,0.6493,0.6617,0.6610,0.2176,0.1897,0.2027,0.4322
flow,8,8,0.0261,altered_knn,altered_knn,10000,80000,0.7897,0.8065,0.8197,0.0745,0.1628,0.1022,0.4544
flow,8,8,0.0261,polar3,polar,10000,120000,0.9203,0.9344,0.9305,0.5598,0.3946,0.4629,0.6987
flow,8,8,0.0261,knn,knn,20000,240000,0.6648,0.6768,0.6759,0.2674,0.2203,0.2416,0.4592
flow,8,8,0.0261,altered_knn,altered_knn,20000,160000,0.8050,0.8220,0.8307,0.0970,0.1724,0.1241,0.4731
flow,8,8,0.0261,polar3,polar,20000,240000,0.9207,0.9348,0.9308,0.5722,0.3946,0.4671,0.7010
flow,8,8,0.0261,knn,knn,50000,600000,0.7016,0.7145,0.7126,0.2961,0.2184,0.2514,0.4829
flow,8,8,0.0261,altered_knn,altered_knn,50000,400000,0.8231,0.8427,0.8403,0.1174,0.0920,0.1031,0.4729
flow,8,8,0.0261,polar3,polar,50000,600000,0.9201,0.9343,0.9302,0.5694,0.3927,0.4649,0.6996
flow,8,8,0.0261,knn,knn,100000,1200000,0.7157,0.7290,0.7263,0.3324,0.2222,0.2664,0.4977
flow,8,8,0.0261,altered_knn,altered_knn,100000,800000,0.8340,0.8538,0.8498,0.1463,0.0939,0.1144,0.4841
flow,8,8,0.0261,polar3,polar,100000,1200000,0.9204,0.9345,0.9303,0.5831,0.3966,0.4721,0.7033
flow,8,16,0.0299,knn,knn,2000,48000,0.5348,0.5444,0.5528,0.1108,0.2237,0.1482,0.3463
flow,8,16,0.0299,altered_knn,altered_knn,2000,32000,0.7283,0.7434,0.7665,0.0804,0.2387,0.1203,0.4319
flow,8,16,0.0299,polar3,polar,2000,48000,0.9032,0.9201,0.9149,0.5556,0.3589,0.4361,0.6781
flow,8,16,0.0299,knn,knn,5000,120000,0.5612,0.5719,0.5792,0.1197,0.2154,0.1538,0.3629
flow,8,16,0.0299,altered_knn,altered_knn,5000,80000,0.7476,0.7661,0.7764,0.0778,0.1469,0.1017,0.4339
flow,8,16,0.0299,polar3,polar,5000,120000,0.9085,0.9250,0.9196,0.5926,0.3740,0.4585,0.6918
flow,8,16,0.0299,knn,knn,10000,240000,0.5964,0.6072,0.6131,0.1556,0.2471,0.1910,0.3991
flow,8,16,0.0299,altered_knn,altered_knn,10000,160000,0.7468,0.7633,0.7882,0.0702,0.2154,0.1059,0.4346
flow,8,16,0.0299,polar3,polar,10000,240000,0.9110,0.9277,0.9220,0.5973,0.3689,0.4561,0.6919
flow,8,16,0.0299,knn,knn,20000,480000,0.6186,0.6306,0.6342,0.1683,0.2304,0.1945,0.4125
flow,8,16,0.0299,altered_knn,altered_knn,20000,320000,0.7828,0.8050,0.8006,0.0955,0.0634,0.0762,0.4406
flow,8,16,0.0299,polar3,polar,20000,480000,0.9120,0.9288,0.9232,0.5925,0.3689,0.4547,0.6918
flow,8,16,0.0299,knn,knn,50000,1200000,0.6491,0.6618,0.6644,0.1925,0.2404,0.2138,0.4378
flow,8,16,0.0299,altered_knn,altered_knn,50000,800000,0.7900,0.8107,0.8133,0.0978,0.1185,0.1072,0.4590
flow,8,16,0.0299,polar3,polar,50000,1200000,0.9127,0.9301,0.9241,0.5866,0.3506,0.4389,0.6845
flow,8,16,0.0299,knn,knn,100000,2400000,0.6736,0.6864,0.6878,0.2347,0.2621,0.2476,0.4670
flow,8,16,0.0299,altered_knn,altered_knn,100000,1600000,0.8070,0.8305,0.8238,0.0976,0.0467,0.0632,0.4468
flow,8,16,0.0299,polar3,polar,100000,2400000,0.9124,0.9298,0.9236,0.5977,0.3472,0.4393,0.6846
flow,8,32,0.0249,knn,knn,2000,96000,0.4977,0.5021,0.5223,0.0797,0.3287,0.1282,0.3152
flow,8,32,0.0249,altered_knn,altered_knn,2000,64000,0.6922,0.7013,0.7425,0.0627,0.3347,0.1056,0.4035
flow,8,32,0.0249,polar3,polar,2000,96000,0.8924,0.9057,0.9050,0.3872,0.3747,0.3809,0.6433
flow,8,32,0.0249,knn,knn,5000,240000,0.5318,0.5375,0.5554,0.0870,0.3126,0.1361,0.3368
flow,8,32,0.0249,altered_knn,altered_knn,5000,160000,0.7303,0.7446,0.7563,0.0765,0.1703,0.1056,0.4251
flow,8,32,0.0249,polar3,polar,5000,240000,0.8959,0.9090,0.9080,0.4072,0.3828,0.3946,0.6518
flow,8,32,0.0249,knn,knn,10000,480000,0.5612,0.5677,0.5837,0.0965,0.3106,0.1472,0.3574
flow,8,32,0.0249,altered_knn,altered_knn,10000,320000,0.7546,0.7733,0.7661,0.0828,0.0240,0.0373,0.4053
flow,8,32,0.0249,polar3,polar,10000,480000,0.8972,0.9104,0.9089,0.4204,0.3808,0.3996,0.6550
flow,8,32,0.0249,knn,knn,20000,960000,0.5870,0.5938,0.6078,0.1120,0.3226,0.1662,0.3800
flow,8,32,0.0249,altered_knn,altered_knn,20000,640000,0.7673,0.7858,0.7799,0.0991,0.0441,0.0610,0.4234
flow,8,32,0.0249,polar3,polar,20000,960000,0.8983,0.9117,0.9101,0.4174,0.3747,0.3949,0.6533
flow,8,32,0.0249,knn,knn,50000,2400000,0.6149,0.6226,0.6346,0.1241,0.3126,0.1777,0.4002
flow,8,32,0.0249,altered_knn,altered_knn,50000,1600000,0.7807,0.7993,0.7930,0.1298,0.0541,0.0764,0.4378
flow,8,32,0.0249,polar3,polar,50000,2400000,0.8995,0.9129,0.9109,0.4319,0.3747,0.4013,0.6571
flow,8,32,0.0249,knn,knn,100000,4800000,0.6422,0.6503,0.6607,0.1422,0.3246,0.1978,0.4241
flow,8,32,0.0249,altered_knn,altered_knn,100000,3200000,0.7839,0.8000,0.8057,0.0984,0.1563,0.1207,0.4604
flow,8,32,0.0249,polar3,polar,100000,4800000,0.8996,0.9132,0.9112,0.4249,0.3687,0.3948,0.6540
flow,16,2,0.0240,knn,knn,2000,6000,0.7810,0.7997,0.7903,0.4444,0.0167,0.0321,0.4159
flow,16,2,0.0240,altered_knn,altered_knn,2000,4000,0.8515,0.8683,0.8897,0.0578,0.1708,0.0864,0.4773
flow,16,2,0.0240,polar3,polar,2000,6000,0.9506,0.9611,0.9587,0.6588,0.5229,0.5830,0.7721
flow,16,2,0.0240,knn,knn,5000,15000,0.7860,0.8051,0.7955,0.5714,0.0083,0.0164,0.4108
flow,16,2,0.0240,altered_knn,altered_knn,5000,10000,0.8041,0.8155,0.8763,0.0516,0.3417,0.0897,0.4526
flow,16,2,0.0240,polar3,polar,5000,15000,0.9589,0.9684,0.9673,0.6264,0.5729,0.5985,0.7834
flow,16,2,0.0240,knn,knn,10000,30000,0.7889,0.8080,0.7983,0.4167,0.0104,0.0203,0.4142
flow,16,2,0.0240,altered_knn,altered_knn,10000,20000,0.8503,0.8670,0.8933,0.0511,0.1729,0.0789,0.4729
flow,16,2,0.0240,polar3,polar,10000,30000,0.9593,0.9689,0.9676,0.6395,0.5729,0.6044,0.7866
flow,16,2,0.0240,knn,knn,20000,60000,0.7956,0.8150,0.8051,0.5000,0.0083,0.0164,0.4157
flow,16,2,0.0240,altered_knn,altered_knn,20000,40000,0.8545,0.8709,0.8933,0.0618,0.1875,0.0930,0.4819
flow,16,2,0.0240,polar3,polar,20000,60000,0.9582,0.9675,0.9664,0.6393,0.5833,0.6100,0.7887
flow,16,2,0.0240,knn,knn,50000,150000,0.7988,0.8181,0.8083,0.5833,0.0146,0.0285,0.4233
flow,16,2,0.0240,altered_knn,altered_knn,50000,100000,0.8546,0.8700,0.8965,0.0675,0.2292,0.1043,0.4871
flow,16,2,0.0240,polar3,polar,50000,150000,0.9585,0.9677,0.9664,0.6550,0.5854,0.6183,0.7930
flow,16,2,0.0240,knn,knn,100000,300000,0.8059,0.8254,0.8155,0.8000,0.0167,0.0327,0.4290
flow,16,2,0.0240,altered_knn,altered_knn,100000,200000,0.8802,0.9010,0.9028,0.0306,0.0354,0.0328,0.4669
flow,16,2,0.0240,polar3,polar,100000,300000,0.9585,0.9676,0.9663,0.6566,0.5896,0.6213,0.7944
flow,16,4,0.0268,knn,knn,2000,12000,0.6187,0.6352,0.6270,0.2000,0.0224,0.0403,0.3377
flow,16,4,0.0268,altered_knn,altered_knn,2000,8000,0.7713,0.7850,0.8224,0.0643,0.2761,0.1043,0.4447
flow,16,4,0.0268,polar3,polar,2000,12000,0.9257,0.9380,0.9367,0.5364,0.4813,0.5074,0.7227
flow,16,4,0.0268,knn,knn,5000,30000,0.6339,0.6505,0.6424,0.2254,0.0299,0.0527,0.3516
flow,16,4,0.0268,altered_knn,altered_knn,5000,20000,0.8116,0.8301,0.8381,0.0839,0.1418,0.1054,0.4678
flow,16,4,0.0268,polar3,polar,5000,30000,0.9381,0.9504,0.9484,0.5789,0.4925,0.5323,0.7413
flow,16,4,0.0268,knn,knn,10000,60000,0.6483,0.6654,0.6565,0.3182,0.0261,0.0483,0.3569
flow,16,4,0.0268,altered_knn,altered_knn,10000,40000,0.8227,0.8440,0.8397,0.0796,0.0504,0.0617,0.4528
flow,16,4,0.0268,polar3,polar,10000,60000,0.9415,0.9537,0.9518,0.5817,0.4981,0.5367,0.7452
flow,16,4,0.0268,knn,knn,20000,120000,0.6586,0.6757,0.6666,0.5250,0.0392,0.0729,0.3743
flow,16,4,0.0268,altered_knn,altered_knn,20000,80000,0.8178,0.8389,0.8369,0.0612,0.0504,0.0553,0.4471
flow,16,4,0.0268,polar3,polar,20000,120000,0.9410,0.9533,0.9512,0.5889,0.4944,0.5375,0.7454
flow,16,4,0.0268,knn,knn,50000,300000,0.6739,0.6912,0.6820,0.5952,0.0466,0.0865,0.3888
flow,16,4,0.0268,altered_knn,altered_knn,50000,200000,0.8241,0.8463,0.8391,0.0490,0.0187,0.0270,0.4367
flow,16,4,0.0268,polar3,polar,50000,300000,0.9421,0.9543,0.9508,0.6785,0.5000,0.5757,0.7650
flow,16,4,0.0268,knn,knn,100000,600000,0.6847,0.7027,0.6934,0.5000,0.0299,0.0563,0.3795
flow,16,4,0.0268,altered_knn,altered_knn,100000,400000,0.8315,0.8537,0.8455,0.0807,0.0243,0.0373,0.4455
flow,16,4,0.0268,polar3,polar,100000,600000,0.9411,0.9529,0.9492,0.7154,0.5112,0.5963,0.7746
flow,16,8,0.0283,knn,knn,2000,24000,0.4941,0.5068,0.5018,0.1447,0.0601,0.0849,0.2958
flow,16,8,0.0283,altered_knn,altered_knn,2000,16000,0.7549,0.7759,0.7685,0.1026,0.0353,0.0526,0.4142
flow,16,8,0.0283,polar3,polar,2000,24000,0.9074,0.9199,0.9161,0.6766,0.4806,0.5620,0.7409
flow,16,8,0.0283,knn,knn,5000,60000,0.5148,0.5275,0.5221,0.2240,0.0760,0.1135,0.3205
flow,16,8,0.0283,altered_knn,altered_knn,5000,40000,0.7430,0.7608,0.7721,0.0660,0.1325,0.0881,0.4245
flow,16,8,0.0283,polar3,polar,5000,60000,0.9156,0.9286,0.9240,0.7209,0.4700,0.5690,0.7488
flow,16,8,0.0283,knn,knn,10000,120000,0.5255,0.5387,0.5330,0.2128,0.0707,0.1061,0.3224
flow,16,8,0.0283,altered_knn,altered_knn,10000,80000,0.7567,0.7770,0.7763,0.0639,0.0601,0.0619,0.4195
flow,16,8,0.0283,polar3,polar,10000,120000,0.9178,0.9307,0.9260,0.7342,0.4735,0.5757,0.7532
flow,16,8,0.0283,knn,knn,20000,240000,0.5391,0.5531,0.5473,0.1899,0.0601,0.0913,0.3222
flow,16,8,0.0283,altered_knn,altered_knn,20000,160000,0.7650,0.7868,0.7774,0.1122,0.0194,0.0331,0.4099
flow,16,8,0.0283,polar3,polar,20000,240000,0.9186,0.9317,0.9266,0.7493,0.4700,0.5776,0.7546
flow,16,8,0.0283,knn,knn,50000,600000,0.5571,0.5714,0.5651,0.2533,0.0671,0.1061,0.3388
flow,16,8,0.0283,altered_knn,altered_knn,50000,400000,0.7716,0.7935,0.7842,0.1019,0.0194,0.0326,0.4131
flow,16,8,0.0283,polar3,polar,50000,600000,0.9191,0.9318,0.9270,0.7514,0.4859,0.5901,0.7609
flow,16,8,0.0283,knn,knn,100000,1200000,0.5750,0.5897,0.5825,0.3254,0.0724,0.1185,0.3541
flow,16,8,0.0283,altered_knn,altered_knn,100000,800000,0.7517,0.7685,0.7853,0.0709,0.1749,0.1009,0.4347
flow,16,8,0.0283,polar3,polar,100000,1200000,0.9196,0.9318,0.9273,0.7527,0.5000,0.6008,0.7663
flow,16,16,0.0214,knn,knn,2000,48000,0.4132,0.4195,0.4187,0.0928,0.1262,0.1069,0.2632
flow,16,16,0.0214,altered_knn,altered_knn,2000,32000,0.7151,0.7283,0.7342,0.0640,0.1121,0.0815,0.4049
flow,16,16,0.0214,polar3,polar,2000,48000,0.9038,0.9118,0.9103,0.6301,0.5374,0.5801,0.7459
flow,16,16,0.0214,knn,knn,5000,120000,0.4378,0.4450,0.4447,0.0921,0.1121,0.1012,0.2731
flow,16,16,0.0214,altered_knn,altered_knn,5000,80000,0.7118,0.7243,0.7351,0.0601,0.1402,0.0841,0.4042
flow,16,16,0.0214,polar3,polar,5000,120000,0.9090,0.9172,0.9157,0.6397,0.5350,0.5827,0.7499
flow,16,16,0.0214,knn,knn,10000,240000,0.4483,0.4559,0.4546,0.0960,0.1005,0.0982,0.2770
flow,16,16,0.0214,altered_knn,altered_knn,10000,160000,0.7191,0.7325,0.7377,0.0656,0.1075,0.0815,0.4070
flow,16,16,0.0214,polar3,polar,10000,240000,0.9113,0.9198,0.9180,0.6466,0.5257,0.5799,0.7498
flow,16,16,0.0214,knn,knn,20000,480000,0.4658,0.4727,0.4717,0.1533,0.1519,0.1526,0.3126
flow,16,16,0.0214,altered_knn,altered_knn,20000,320000,0.7201,0.7340,0.7364,0.0662,0.0864,0.0750,0.4045
flow,16,16,0.0214,polar3,polar,20000,480000,0.9114,0.9199,0.9183,0.6374,0.5257,0.5762,0.7480
flow,16,16,0.0214,knn,knn,50000,1200000,0.4865,0.4936,0.4916,0.1828,0.1636,0.1726,0.3331
flow,16,16,0.0214,altered_knn,altered_knn,50000,800000,0.7285,0.7438,0.7391,0.0621,0.0257,0.0364,0.3901
flow,16,16,0.0214,polar3,polar,50000,1200000,0.9131,0.9213,0.9196,0.6544,0.5397,0.5915,0.7564
flow,16,16,0.0214,knn,knn,100000,2400000,0.4971,0.5046,0.5025,0.1784,0.1542,0.1654,0.3350
flow,16,16,0.0214,altered_knn,altered_knn,100000,1600000,0.7334,0.7470,0.7507,0.0762,0.1098,0.0900,0.4185
flow,16,16,0.0214,polar3,polar,100000,2400000,0.9134,0.9216,0.9201,0.6435,0.5397,0.5870,0.7543
flow,16,32,0.0293,knn,knn,2000,96000,0.3427,0.3483,0.3516,0.0803,0.1567,0.1062,0.2273
flow,16,32,0.0293,altered_knn,altered_knn,2000,64000,0.6682,0.6872,0.6802,0.1033,0.0426,0.0603,0.3737
flow,16,32,0.0293,polar3,polar,2000,96000,0.8584,0.8734,0.8681,0.5448,0.3629,0.4356,0.6545
flow,16,32,0.0293,knn,knn,5000,240000,0.3643,0.3705,0.3730,0.0905,0.1567,0.1147,0.2426
flow,16,32,0.0293,altered_knn,altered_knn,5000,160000,0.6241,0.6302,0.6839,0.0674,0.4225,0.1162,0.3732
flow,16,32,0.0293,polar3,polar,5000,240000,0.8622,0.8768,0.8712,0.5868,0.3799,0.4612,0.6690
flow,16,32,0.0293,knn,knn,10000,480000,0.3763,0.3834,0.3851,0.0874,0.1431,0.1085,0.2459
flow,16,32,0.0293,altered_knn,altered_knn,10000,320000,0.5777,0.5783,0.6673,0.0569,0.5588,0.1034,0.3408
flow,16,32,0.0293,polar3,polar,10000,480000,0.8677,0.8822,0.8763,0.6168,0.3867,0.4754,0.6788
flow,16,32,0.0293,knn,knn,20000,960000,0.3932,0.3998,0.4019,0.1104,0.1721,0.1345,0.2672
flow,16,32,0.0293,altered_knn,altered_knn,20000,640000,0.6597,0.6734,0.6903,0.0767,0.2078,0.1120,0.3927
flow,16,32,0.0293,polar3,polar,20000,960000,0.8691,0.8839,0.8779,0.6093,0.3799,0.4680,0.6760
flow,16,32,0.0293,knn,knn,50000,2400000,0.4122,0.4198,0.4211,0.1099,0.1601,0.1304,0.2751
flow,16,32,0.0293,altered_knn,altered_knn,50000,1600000,0.6761,0.6949,0.6925,0.0641,0.0545,0.0589,0.3769
flow,16,32,0.0293,polar3,polar,50000,2400000,0.8689,0.8838,0.8778,0.6022,0.3765,0.4633,0.6736
flow,16,32,0.0293,knn,knn,100000,4800000,0.4332,0.4408,0.4414,0.1374,0.1823,0.1567,0.2987
flow,16,32,0.0293,altered_knn,altered_knn,100000,3200000,0.6842,0.7038,0.6969,0.0856,0.0375,0.0521,0.3780
flow,16,32,0.0293,polar3,polar,100000,4800000,0.8692,0.8841,0.8780,0.6071,0.3765,0.4648,0.6745
flow,32,2,0.0221,knn,knn,2000,6000,0.7345,0.7509,0.7413,0.4444,0.0090,0.0177,0.3843
flow,32,2,0.0221,altered_knn,altered_knn,2000,4000,0.8443,0.8626,0.8663,0.0293,0.0406,0.0341,0.4483
flow,32,2,0.0221,polar3,polar,2000,6000,0.9448,0.9532,0.9515,0.6818,0.5756,0.6242,0.7887
flow,32,2,0.0221,knn,knn,5000,15000,0.7437,0.7606,0.7511,0.0000,0.0000,0.0000,0.3803
flow,32,2,0.0221,altered_knn,altered_knn,5000,10000,0.8144,0.8283,0.8693,0.0390,0.2009,0.0653,0.4468
flow,32,2,0.0221,polar3,polar,5000,15000,0.9525,0.9592,0.9596,0.6346,0.6546,0.6444,0.8018
flow,32,2,0.0221,knn,knn,10000,30000,0.7549,0.7719,0.7620,0.1429,0.0045,0.0088,0.3903
flow,32,2,0.0221,altered_knn,altered_knn,10000,20000,0.8675,0.8862,0.8866,0.0412,0.0429,0.0420,0.4641
flow,32,2,0.0221,polar3,polar,10000,30000,0.9547,0.9608,0.9621,0.6104,0.6862,0.6461,0.8035
flow,32,2,0.0221,knn,knn,20000,60000,0.7627,0.7799,0.7698,0.2500,0.0045,0.0089,0.3944
flow,32,2,0.0221,altered_knn,altered_knn,20000,40000,0.8465,0.8624,0.8835,0.0466,0.1445,0.0705,0.4664
flow,32,2,0.0221,polar3,polar,20000,60000,0.9547,0.9604,0.9622,0.6004,0.7020,0.6472,0.8038
flow,32,2,0.0221,knn,knn,50000,150000,0.7792,0.7966,0.7870,0.3333,0.0068,0.0133,0.4050
flow,32,2,0.0221,altered_knn,altered_knn,50000,100000,0.8299,0.8445,0.8799,0.0413,0.1874,0.0677,0.4561
flow,32,2,0.0221,polar3,polar,50000,150000,0.9548,0.9606,0.9625,0.5981,0.7020,0.6459,0.8032
flow,32,2,0.0221,knn,knn,100000,300000,0.7818,0.7995,0.7896,0.2000,0.0023,0.0045,0.4020
flow,32,2,0.0221,altered_knn,altered_knn,100000,200000,0.8338,0.8484,0.8810,0.0441,0.1874,0.0714,0.4599
flow,32,2,0.0221,polar3,polar,100000,300000,0.9551,0.9607,0.9627,0.5973,0.7065,0.6474,0.8040
flow,32,4,0.0249,knn,knn,2000,12000,0.5588,0.5727,0.5649,0.1270,0.0161,0.0285,0.3006
flow,32,4,0.0249,altered_knn,altered_knn,2000,8000,0.7739,0.7914,0.7949,0.0680,0.0924,0.0784,0.4349
flow,32,4,0.0249,polar3,polar,2000,12000,0.9148,0.9245,0.9218,0.6872,0.5382,0.6036,0.7640
flow,32,4,0.0249,knn,knn,5000,30000,0.5767,0.5912,0.5836,0.0851,0.0080,0.0147,0.3030
flow,32,4,0.0249,altered_knn,altered_knn,5000,20000,0.7983,0.8186,0.8100,0.0316,0.0060,0.0101,0.4144
flow,32,4,0.0249,polar3,polar,5000,30000,0.9354,0.9440,0.9425,0.6803,0.6024,0.6390,0.7915
flow,32,4,0.0249,knn,knn,10000,60000,0.5829,0.5977,0.5901,0.0294,0.0020,0.0038,0.3007
flow,32,4,0.0249,altered_knn,altered_knn,10000,40000,0.8069,0.8271,0.8188,0.0818,0.0181,0.0296,0.4283
flow,32,4,0.0249,polar3,polar,10000,60000,0.9381,0.9463,0.9450,0.6844,0.6185,0.6498,0.7981
flow,32,4,0.0249,knn,knn,20000,120000,0.5919,0.6068,0.5989,0.2000,0.0100,0.0191,0.3129
flow,32,4,0.0249,altered_knn,altered_knn,20000,80000,0.7523,0.7645,0.8052,0.0555,0.2751,0.0923,0.4284
flow,32,4,0.0249,polar3,polar,20000,120000,0.9390,0.9470,0.9459,0.6813,0.6225,0.6506,0.7988
flow,32,4,0.0249,knn,knn,50000,300000,0.6010,0.6159,0.6076,0.3182,0.0141,0.0269,0.3214
flow,32,4,0.0249,altered_knn,altered_knn,50000,200000,0.8016,0.8219,0.8151,0.0275,0.0100,0.0147,0.4183
flow,32,4,0.0249,polar3,polar,50000,300000,0.9369,0.9448,0.9441,0.6631,0.6285,0.6454,0.7951
flow,32,4,0.0249,knn,knn,100000,600000,0.6141,0.6295,0.6212,0.3000,0.0120,0.0232,0.3263
flow,32,4,0.0249,altered_knn,altered_knn,100000,400000,0.7860,0.8030,0.8128,0.0628,0.1225,0.0830,0.4430
flow,32,4,0.0249,polar3,polar,100000,600000,0.9318,0.9396,0.9425,0.5065,0.6265,0.5601,0.7499
flow,32,8,0.0325,knn,knn,2000,24000,0.4303,0.4435,0.4374,0.1143,0.0369,0.0558,0.2497
flow,32,8,0.0325,altered_knn,altered_knn,2000,16000,0.6780,0.6913,0.7289,0.0694,0.2831,0.1114,0.4013
flow,32,8,0.0325,polar3,polar,2000,24000,0.8820,0.8965,0.8903,0.7418,0.4508,0.5608,0.7287
flow,32,8,0.0325,knn,knn,5000,60000,0.4397,0.4536,0.4467,0.1125,0.0277,0.0444,0.2490
flow,32,8,0.0325,altered_knn,altered_knn,5000,40000,0.7198,0.7400,0.7486,0.0695,0.1185,0.0876,0.4138
flow,32,8,0.0325,polar3,polar,5000,60000,0.8987,0.9126,0.9069,0.7435,0.4862,0.5879,0.7503
flow,32,8,0.0325,knn,knn,10000,120000,0.4506,0.4643,0.4564,0.1875,0.0415,0.0680,0.2662
flow,32,8,0.0325,altered_knn,altered_knn,10000,80000,0.7337,0.7533,0.7583,0.1067,0.1492,0.1244,0.4389
flow,32,8,0.0325,polar3,polar,10000,120000,0.9024,0.9162,0.9106,0.7465,0.4938,0.5944,0.7553
flow,32,8,0.0325,knn,knn,20000,240000,0.4651,0.4797,0.4712,0.1387,0.0292,0.0483,0.2640
flow,32,8,0.0325,altered_knn,altered_knn,20000,160000,0.7331,0.7532,0.7572,0.1013,0.1354,0.1159,0.4345
flow,32,8,0.0325,polar3,polar,20000,240000,0.9048,0.9187,0.9132,0.7384,0.4908,0.5896,0.7542
flow,32,8,0.0325,knn,knn,50000,600000,0.4724,0.4875,0.4788,0.1505,0.0215,0.0377,0.2626
flow,32,8,0.0325,altered_knn,altered_knn,50000,400000,0.7368,0.7598,0.7525,0.1190,0.0538,0.0742,0.4170
flow,32,8,0.0325,polar3,polar,50000,600000,0.9027,0.9162,0.9116,0.6957,0.5031,0.5839,0.7501
flow,32,8,0.0325,knn,knn,100000,1200000,0.4889,0.5045,0.4962,0.1596,0.0231,0.0403,0.2724
flow,32,8,0.0325,altered_knn,altered_knn,100000,800000,0.7285,0.7510,0.7461,0.0898,0.0585,0.0708,0.4109
flow,32,8,0.0325,polar3,polar,100000,1200000,0.9031,0.9162,0.9116,0.7046,0.5138,0.5943,0.7552
flow,32,16,0.0271,knn,knn,2000,48000,0.3246,0.3319,0.3295,0.0893,0.0645,0.0749,0.2034
flow,32,16,0.0271,altered_knn,altered_knn,2000,32000,0.6838,0.7025,0.6943,0.0957,0.0166,0.0283,0.3654
flow,32,16,0.0271,polar3,polar,2000,48000,0.8729,0.8839,0.8810,0.6364,0.4770,0.5453,0.7146
flow,32,16,0.0271,knn,knn,5000,120000,0.3454,0.3534,0.3505,0.0922,0.0608,0.0733,0.2133
flow,32,16,0.0271,altered_knn,altered_knn,5000,80000,0.6856,0.7016,0.7023,0.1054,0.1123,0.1087,0.4052
flow,32,16,0.0271,polar3,polar,5000,120000,0.8862,0.8975,0.8945,0.6357,0.4788,0.5462,0.7219
flow,32,16,0.0271,knn,knn,10000,240000,0.3583,0.3668,0.3627,0.1069,0.0571,0.0744,0.2206
flow,32,16,0.0271,altered_knn,altered_knn,10000,160000,0.6875,0.7014,0.7103,0.0985,0.1878,0.1292,0.4153
flow,32,16,0.0271,polar3,polar,10000,240000,0.8941,0.9053,0.9023,0.6505,0.4936,0.5613,0.7333
flow,32,16,0.0271,knn,knn,20000,480000,0.3668,0.3756,0.3718,0.1089,0.0497,0.0683,0.2220
flow,32,16,0.0271,altered_knn,altered_knn,20000,320000,0.6970,0.7153,0.7090,0.1150,0.0424,0.0619,0.3886
flow,32,16,0.0271,polar3,polar,20000,480000,0.8956,0.9065,0.9041,0.6264,0.5064,0.5601,0.7333
flow,32,16,0.0271,knn,knn,50000,1200000,0.3762,0.3856,0.3818,0.1063,0.0405,0.0587,0.2221
flow,32,16,0.0271,altered_knn,altered_knn,50000,800000,0.6863,0.7026,0.7047,0.0845,0.1031,0.0929,0.3977
flow,32,16,0.0271,polar3,polar,50000,1200000,0.8963,0.9071,0.9052,0.6048,0.5101,0.5534,0.7303
flow,32,16,0.0271,knn,knn,100000,2400000,0.3786,0.3878,0.3838,0.1256,0.0516,0.0731,0.2304
flow,32,16,0.0271,altered_knn,altered_knn,100000,1600000,0.6757,0.6911,0.6988,0.0701,0.1252,0.0899,0.3905
flow,32,16,0.0271,polar3,polar,100000,2400000,0.8976,0.9080,0.9063,0.6129,0.5249,0.5655,0.7367
flow,32,32,0.0279,knn,knn,2000,96000,0.2572,0.2620,0.2601,0.0651,0.0880,0.0748,0.1684
flow,32,32,0.0279,altered_knn,altered_knn,2000,64000,0.6473,0.6638,0.6603,0.1028,0.0718,0.0846,0.3742
flow,32,32,0.0279,polar3,polar,2000,96000,0.8541,0.8650,0.8615,0.6675,0.4722,0.5531,0.7091
flow,32,32,0.0279,knn,knn,5000,240000,0.2773,0.2829,0.2806,0.0747,0.0844,0.0793,0.1811
flow,32,32,0.0279,altered_knn,altered_knn,5000,160000,0.6535,0.6719,0.6642,0.0476,0.0108,0.0176,0.3447
flow,32,32,0.0279,polar3,polar,5000,240000,0.8726,0.8844,0.8802,0.6799,0.4614,0.5497,0.7171
flow,32,32,0.0279,knn,knn,10000,480000,0.2845,0.2901,0.2864,0.0875,0.0880,0.0877,0.1889
flow,32,32,0.0279,altered_knn,altered_knn,10000,320000,0.6582,0.6762,0.6692,0.0960,0.0305,0.0463,0.3613
flow,32,32,0.0279,polar3,polar,10000,480000,0.8806,0.8918,0.8881,0.6733,0.4883,0.5661,0.7290
flow,32,32,0.0279,knn,knn,20000,960000,0.2914,0.2971,0.2943,0.0939,0.0934,0.0936,0.1953
flow,32,32,0.0279,altered_knn,altered_knn,20000,640000,0.6474,0.6608,0.6724,0.0796,0.1795,0.1103,0.3856
flow,32,32,0.0279,polar3,polar,20000,960000,0.8855,0.8966,0.8932,0.6603,0.4991,0.5685,0.7326
flow,32,32,0.0279,knn,knn,50000,2400000,0.3040,0.3111,0.3081,0.0627,0.0575,0.0600,0.1855
flow,32,32,0.0279,altered_knn,altered_knn,50000,1600000,0.6356,0.6485,0.6655,0.0665,0.1867,0.0981,0.3733
flow,32,32,0.0279,polar3,polar,50000,2400000,0.8879,0.8991,0.8955,0.6643,0.4973,0.5688,0.7339
flow,32,32,0.0279,knn,knn,100000,4800000,0.3078,0.3145,0.3124,0.0886,0.0736,0.0804,0.1975
flow,32,32,0.0279,altered_knn,altered_knn,100000,3200000,0.6135,0.6228,0.6601,0.0577,0.2873,0.0961,0.3595
flow,32,32,0.0279,polar3,polar,100000,4800000,0.8889,0.9001,0.8966,0.6580,0.5009,0.5688,0.7344
flow,64,2,0.0212,knn,knn,2000,6000,0.6908,0.7057,0.6982,0.0952,0.0047,0.0090,0.3573
flow,64,2,0.0212,altered_knn,altered_knn,2000,4000,0.8237,0.8415,0.8326,0.0000,0.0000,0.0000,0.4208
flow,64,2,0.0212,polar3,polar,2000,6000,0.9236,0.9325,0.9330,0.4899,0.5154,0.5023,0.7174
flow,64,2,0.0212,knn,knn,5000,15000,0.7036,0.7189,0.7111,0.0000,0.0000,0.0000,0.3594
flow,64,2,0.0212,altered_knn,altered_knn,5000,10000,0.6514,0.6562,0.7720,0.0289,0.4303,0.0542,0.3552
flow,64,2,0.0212,polar3,polar,5000,15000,0.9413,0.9490,0.9512,0.4834,0.5839,0.5289,0.7390
flow,64,2,0.0212,knn,knn,10000,30000,0.7082,0.7236,0.7154,0.0000,0.0000,0.0000,0.3618
flow,64,2,0.0212,altered_knn,altered_knn,10000,20000,0.8033,0.8182,0.8518,0.0248,0.1158,0.0409,0.4296
flow,64,2,0.0212,polar3,polar,10000,30000,0.9462,0.9529,0.9577,0.4357,0.6407,0.5187,0.7358
flow,64,2,0.0212,knn,knn,20000,60000,0.7114,0.7266,0.7187,0.2727,0.0071,0.0138,0.3702
flow,64,2,0.0212,altered_knn,altered_knn,20000,40000,0.5293,0.5274,0.6838,0.0279,0.6170,0.0533,0.2904
flow,64,2,0.0212,polar3,polar,20000,60000,0.9487,0.9549,0.9611,0.4169,0.6643,0.5123,0.7336
flow,64,2,0.0212,knn,knn,50000,150000,0.7160,0.7315,0.7236,0.1250,0.0024,0.0046,0.3681
flow,64,2,0.0212,altered_knn,altered_knn,50000,100000,0.8201,0.8346,0.8668,0.0330,0.1466,0.0538,0.4442
flow,64,2,0.0212,polar3,polar,50000,150000,0.9492,0.9551,0.9617,0.4127,0.6761,0.5125,0.7338
flow,64,2,0.0212,knn,knn,100000,300000,0.7283,0.7440,0.7359,0.0000,0.0000,0.0000,0.3720
flow,64,2,0.0212,altered_knn,altered_knn,100000,200000,0.7244,0.7334,0.8245,0.0276,0.3097,0.0507,0.3920
flow,64,2,0.0212,polar3,polar,100000,300000,0.9480,0.9539,0.9608,0.4077,0.6785,0.5093,0.7316
flow,64,4,0.0169,knn,knn,2000,12000,0.4981,0.5064,0.5017,0.0698,0.0178,0.0284,0.2674
flow,64,4,0.0169,altered_knn,altered_knn,2000,8000,0.5100,0.5113,0.6444,0.0174,0.4362,0.0335,0.2724
flow,64,4,0.0169,polar3,polar,2000,12000,0.9068,0.9118,0.9142,0.4727,0.6172,0.5354,0.7236
flow,64,4,0.0169,knn,knn,5000,30000,0.5170,0.5258,0.5210,0.0260,0.0059,0.0097,0.2677
flow,64,4,0.0169,altered_knn,altered_knn,5000,20000,0.6560,0.6634,0.7389,0.0173,0.2226,0.0320,0.3477
flow,64,4,0.0169,polar3,polar,5000,30000,0.9245,0.9289,0.9338,0.4147,0.6706,0.5125,0.7207
flow,64,4,0.0169,knn,knn,10000,60000,0.5307,0.5398,0.5346,0.0161,0.0030,0.0050,0.2724
flow,64,4,0.0169,altered_knn,altered_knn,10000,40000,0.7368,0.7476,0.7692,0.0256,0.1098,0.0415,0.3945
flow,64,4,0.0169,polar3,polar,10000,60000,0.9337,0.9378,0.9442,0.3878,0.6973,0.4984,0.7181
flow,64,4,0.0169,knn,knn,20000,120000,0.5353,0.5444,0.5384,0.0233,0.0030,0.0053,0.2748
flow,64,4,0.0169,altered_knn,altered_knn,20000,80000,0.7688,0.7812,0.7857,0.0264,0.0445,0.0331,0.4072
flow,64,4,0.0169,polar3,polar,20000,120000,0.9339,0.9379,0.9449,0.3732,0.7033,0.4877,0.7128
flow,64,4,0.0169,knn,knn,50000,300000,0.5523,0.5617,0.5559,0.0645,0.0059,0.0109,0.2863
flow,64,4,0.0169,altered_knn,altered_knn,50000,200000,0.7088,0.7169,0.7809,0.0225,0.2374,0.0411,0.3790
flow,64,4,0.0169,polar3,polar,50000,300000,0.9354,0.9393,0.9465,0.3719,0.7062,0.4872,0.7132
flow,64,4,0.0169,knn,knn,100000,600000,0.5568,0.5663,0.5606,0.0000,0.0000,0.0000,0.2832
flow,64,4,0.0169,altered_knn,altered_knn,100000,400000,0.7933,0.8066,0.8035,0.0309,0.0178,0.0226,0.4146
flow,64,4,0.0169,polar3,polar,100000,600000,0.9353,0.9392,0.9466,0.3677,0.7092,0.4843,0.7117
flow,64,8,0.0152,knn,knn,2000,24000,0.3668,0.3720,0.3679,0.0404,0.0296,0.0342,0.2031
flow,64,8,0.0152,altered_knn,altered_knn,2000,16000,0.5428,0.5454,0.6388,0.0187,0.3717,0.0356,0.2905
flow,64,8,0.0152,polar3,polar,2000,24000,0.8792,0.8829,0.8871,0.3963,0.6414,0.4899,0.6864
flow,64,8,0.0152,knn,knn,5000,60000,0.3806,0.3862,0.3819,0.0333,0.0197,0.0248,0.2055
flow,64,8,0.0152,altered_knn,altered_knn,5000,40000,0.6928,0.7032,0.7034,0.0213,0.0230,0.0221,0.3627
flow,64,8,0.0152,polar3,polar,5000,60000,0.9032,0.9071,0.9124,0.3635,0.6480,0.4657,0.6864
flow,64,8,0.0152,knn,knn,10000,120000,0.3936,0.3992,0.3950,0.0575,0.0329,0.0418,0.2205
flow,64,8,0.0152,altered_knn,altered_knn,10000,80000,0.6998,0.7095,0.7205,0.0243,0.0724,0.0364,0.3729
flow,64,8,0.0152,polar3,polar,10000,120000,0.9099,0.9137,0.9197,0.3593,0.6678,0.4672,0.6904
flow,64,8,0.0152,knn,knn,20000,240000,0.4094,0.4155,0.4113,0.0370,0.0164,0.0228,0.2191
flow,64,8,0.0152,altered_knn,altered_knn,20000,160000,0.7044,0.7134,0.7314,0.0290,0.1217,0.0468,0.3801
flow,64,8,0.0152,polar3,polar,20000,240000,0.9107,0.9147,0.9208,0.3503,0.6579,0.4571,0.6859
flow,64,8,0.0152,knn,knn,50000,600000,0.4203,0.4265,0.4228,0.0360,0.0164,0.0226,0.2246
flow,64,8,0.0152,altered_knn,altered_knn,50000,400000,0.7419,0.7529,0.7507,0.0457,0.0296,0.0359,0.3944
flow,64,8,0.0152,polar3,polar,50000,600000,0.9140,0.9180,0.9243,0.3478,0.6612,0.4558,0.6869
flow,64,8,0.0152,knn,knn,100000,1200000,0.4217,0.4279,0.4243,0.0631,0.0230,0.0337,0.2308
flow,64,8,0.0152,altered_knn,altered_knn,100000,800000,0.7468,0.7571,0.7600,0.0538,0.0822,0.0650,0.4111
flow,64,8,0.0152,polar3,polar,100000,1200000,0.9095,0.9133,0.9210,0.3182,0.6678,0.4310,0.6721
flow,64,16,0.0260,knn,knn,2000,48000,0.2571,0.2631,0.2592,0.0438,0.0326,0.0374,0.1502
flow,64,16,0.0260,altered_knn,altered_knn,2000,32000,0.5788,0.5895,0.6230,0.0356,0.1785,0.0593,0.3244
flow,64,16,0.0260,polar3,polar,2000,48000,0.8632,0.8706,0.8710,0.5638,0.5854,0.5744,0.7225
flow,64,16,0.0260,knn,knn,5000,120000,0.2702,0.2762,0.2730,0.0614,0.0461,0.0526,0.1644
flow,64,16,0.0260,altered_knn,altered_knn,5000,80000,0.6437,0.6596,0.6569,0.0724,0.0499,0.0591,0.3593
flow,64,16,0.0260,polar3,polar,5000,120000,0.8864,0.8939,0.8949,0.5633,0.6065,0.5841,0.7390
flow,64,16,0.0260,knn,knn,10000,240000,0.2778,0.2847,0.2809,0.0378,0.0211,0.0271,0.1559
flow,64,16,0.0260,altered_knn,altered_knn,10000,160000,0.6664,0.6837,0.6766,0.1019,0.0211,0.0350,0.3593
flow,64,16,0.0260,polar3,polar,10000,240000,0.8934,0.9012,0.9022,0.5540,0.6008,0.5764,0.7388
flow,64,16,0.0260,knn,knn,20000,480000,0.2952,0.3023,0.2975,0.0563,0.0307,0.0398,0.1710
flow,64,16,0.0260,altered_knn,altered_knn,20000,320000,0.6610,0.6740,0.6922,0.0589,0.1747,0.0881,0.3810
flow,64,16,0.0260,polar3,polar,20000,480000,0.8990,0.9068,0.9080,0.5513,0.6084,0.5785,0.7426
flow,64,16,0.0260,knn,knn,50000,1200000,0.3050,0.3124,0.3082,0.0551,0.0288,0.0378,0.1751
flow,64,16,0.0260,altered_knn,altered_knn,50000,800000,0.6896,0.7067,0.7030,0.0818,0.0499,0.0620,0.3843
flow,64,16,0.0260,polar3,polar,50000,1200000,0.8964,0.9035,0.9055,0.5395,0.6296,0.5810,0.7423
flow,64,16,0.0260,knn,knn,100000,2400000,0.3136,0.3215,0.3163,0.0498,0.0192,0.0277,0.1746
flow,64,16,0.0260,altered_knn,altered_knn,100000,1600000,0.6996,0.7175,0.7099,0.1478,0.0326,0.0535,0.3855
flow,64,16,0.0260,polar3,polar,100000,2400000,0.8990,0.9060,0.9083,0.5338,0.6372,0.5809,0.7435
flow,64,32,0.0181,knn,knn,2000,96000,0.1926,0.1950,0.1945,0.0313,0.0637,0.0420,0.1185
flow,64,32,0.0181,altered_knn,altered_knn,2000,64000,0.5788,0.5880,0.5927,0.0367,0.0748,0.0492,0.3186
flow,64,32,0.0181,polar3,polar,2000,96000,0.8366,0.8408,0.8443,0.4124,0.6066,0.4910,0.6659
flow,64,32,0.0181,knn,knn,5000,240000,0.2012,0.2036,0.2031,0.0382,0.0720,0.0499,0.1267
flow,64,32,0.0181,altered_knn,altered_knn,5000,160000,0.6151,0.6256,0.6248,0.0419,0.0443,0.0431,0.3343
flow,64,32,0.0181,polar3,polar,5000,240000,0.8620,0.8666,0.8700,0.4194,0.6122,0.4977,0.6822
flow,64,32,0.0181,knn,knn,10000,480000,0.2141,0.2171,0.2166,0.0297,0.0499,0.0372,0.1272
flow,64,32,0.0181,altered_knn,altered_knn,10000,320000,0.6310,0.6411,0.6452,0.0450,0.0831,0.0584,0.3497
flow,64,32,0.0181,polar3,polar,10000,480000,0.8711,0.8758,0.8795,0.4142,0.6150,0.4950,0.6854
flow,64,32,0.0181,knn,knn,20000,960000,0.2193,0.2223,0.2195,0.0395,0.0582,0.0471,0.1347
flow,64,32,0.0181,altered_knn,altered_knn,20000,640000,0.6456,0.6570,0.6519,0.0917,0.0277,0.0426,0.3498
flow,64,32,0.0181,polar3,polar,20000,960000,0.8725,0.8772,0.8813,0.3982,0.6177,0.4843,0.6807
flow,64,32,0.0181,knn,knn,50000,2400000,0.2324,0.2359,0.2350,0.0290,0.0443,0.0350,0.1355
flow,64,32,0.0181,altered_knn,altered_knn,50000,1600000,0.6592,0.6704,0.6671,0.0969,0.0526,0.0682,0.3693
flow,64,32,0.0181,polar3,polar,50000,2400000,0.8809,0.8855,0.8906,0.3819,0.6316,0.4760,0.6808
flow,64,32,0.0181,knn,knn,100000,4800000,0.2447,0.2481,0.2461,0.0485,0.0582,0.0529,0.1505
flow,64,32,0.0181,altered_knn,altered_knn,100000,3200000,0.6672,0.6777,0.6765,0.1071,0.0997,0.1033,0.3905
flow,64,32,0.0181,polar3,polar,100000,4800000,0.8840,0.8885,0.8937,0.3821,0.6371,0.4777,0.6831
