sampler,seed,d,K,hall_gt,model,arch,n_per_mode,n_anchors,full_acc,mode_acc,mode_f1,hall_prec,hall_rec,hall_f1,balanced
flow,0,2,2,0.0096,knn,knn,20000,60000,0.9962,0.9974,0.9976,0.7664,0.8756,0.8174,0.9074
flow,0,2,2,0.0096,altered_knn,altered_knn,20000,40000,0.9890,0.9972,0.9941,0.3375,0.1399,0.1978,0.5975
flow,0,2,2,0.0096,quadratic,quadratic,20000,60000,0.9711,0.9754,0.9720,0.5508,0.5337,0.5421,0.7588
flow,0,2,2,0.0096,quadratic_cal,quadratic,20000,60000,0.9706,0.9746,0.9717,0.5191,0.5622,0.5398,0.7572
flow,0,2,2,0.0096,polar8,polar,20000,60000,0.9963,0.9976,0.9979,0.7882,0.8679,0.8261,0.9119
flow,0,2,2,0.0096,polar8_cal,polar,20000,60000,0.9966,0.9983,0.9980,0.8503,0.8238,0.8368,0.9176
flow,0,2,2,0.0096,knn,knn,50000,150000,0.9966,0.9980,0.9980,0.8123,0.8523,0.8319,0.9149
flow,0,2,2,0.0096,altered_knn,altered_knn,50000,100000,0.9900,0.9979,0.9947,0.4595,0.1762,0.2547,0.6263
flow,0,2,2,0.0096,quadratic,quadratic,50000,150000,0.9715,0.9758,0.9724,0.5493,0.5337,0.5414,0.7586
flow,0,2,2,0.0096,quadratic_cal,quadratic,50000,150000,0.9710,0.9750,0.9722,0.5204,0.5622,0.5405,0.7577
flow,0,2,2,0.0096,polar8,polar,50000,150000,0.9964,0.9976,0.9979,0.7892,0.8731,0.8290,0.9133
flow,0,2,2,0.0096,polar8_cal,polar,50000,150000,0.9965,0.9982,0.9980,0.8408,0.8212,0.8309,0.9146
flow,0,2,2,0.0096,knn,knn,100000,300000,0.9966,0.9982,0.9980,0.8265,0.8394,0.8329,0.9155
flow,0,2,2,0.0096,altered_knn,altered_knn,100000,200000,0.9901,0.9984,0.9948,0.4779,0.1399,0.2164,0.6074
flow,0,2,2,0.0096,quadratic,quadratic,100000,300000,0.9792,0.9835,0.9811,0.5462,0.5363,0.5412,0.7623
flow,0,2,2,0.0096,quadratic_cal,quadratic,100000,300000,0.9788,0.9830,0.9809,0.5218,0.5570,0.5388,0.7609
flow,0,2,2,0.0096,polar8,polar,100000,300000,0.9965,0.9978,0.9980,0.8024,0.8627,0.8315,0.9146
flow,0,2,2,0.0096,polar8_cal,polar,100000,300000,0.9965,0.9982,0.9980,0.8395,0.8264,0.8329,0.9155
flow,0,2,4,0.0096,knn,knn,20000,120000,0.9899,0.9923,0.9937,0.5125,0.7419,0.6063,0.7993
flow,0,2,4,0.0096,altered_knn,altered_knn,20000,80000,0.9803,0.9867,0.9884,0.1986,0.3268,0.2471,0.6169
flow,0,2,4,0.0096,quadratic,quadratic,20000,120000,0.9208,0.9251,0.9286,0.1687,0.4799,0.2497,0.5874
flow,0,2,4,0.0096,quadratic_cal,quadratic,20000,120000,0.9336,0.9397,0.9333,0.4268,0.3100,0.3591,0.6494
flow,0,2,4,0.0096,polar8,polar,20000,120000,0.9895,0.9916,0.9932,0.5000,0.7756,0.6080,0.7998
flow,0,2,4,0.0096,polar8_cal,polar,20000,120000,0.9907,0.9942,0.9936,0.6193,0.6394,0.6292,0.8117
flow,0,2,4,0.0096,knn,knn,50000,300000,0.9910,0.9939,0.9941,0.5960,0.6926,0.6407,0.8173
flow,0,2,4,0.0096,altered_knn,altered_knn,50000,200000,0.9856,0.9935,0.9912,0.2505,0.1751,0.2061,0.5998
flow,0,2,4,0.0096,quadratic,quadratic,50000,300000,0.9291,0.9334,0.9379,0.1723,0.4877,0.2547,0.5940
flow,0,2,4,0.0096,quadratic_cal,quadratic,50000,300000,0.9407,0.9467,0.9412,0.4249,0.3230,0.3670,0.6568
flow,0,2,4,0.0096,polar8,polar,50000,300000,0.9897,0.9919,0.9933,0.5117,0.7639,0.6129,0.8024
flow,0,2,4,0.0096,polar8_cal,polar,50000,300000,0.9906,0.9939,0.9936,0.5969,0.6472,0.6210,0.8075
flow,0,2,4,0.0096,knn,knn,100000,600000,0.9910,0.9944,0.9940,0.6239,0.6433,0.6335,0.8139
flow,0,2,4,0.0096,altered_knn,altered_knn,100000,400000,0.9857,0.9937,0.9913,0.2510,0.1673,0.2008,0.5972
flow,0,2,4,0.0096,quadratic,quadratic,100000,600000,0.9433,0.9474,0.9544,0.1709,0.5201,0.2572,0.6023
flow,0,2,4,0.0096,quadratic_cal,quadratic,100000,600000,0.9550,0.9607,0.9568,0.4571,0.3658,0.4063,0.6835
flow,0,2,4,0.0096,polar8,polar,100000,600000,0.9906,0.9933,0.9937,0.5623,0.7198,0.6314,0.8123
flow,0,2,4,0.0096,polar8_cal,polar,100000,600000,0.9909,0.9944,0.9938,0.6077,0.6329,0.6201,0.8072
flow,0,2,8,0.0113,knn,knn,20000,240000,0.9818,0.9865,0.9873,0.4378,0.5745,0.4969,0.7417
flow,0,2,8,0.0113,altered_knn,altered_knn,20000,160000,0.9779,0.9873,0.9849,0.2155,0.1628,0.1855,0.5864
flow,0,2,8,0.0113,quadratic,quadratic,20000,240000,0.8302,0.8338,0.8898,0.0422,0.5210,0.0780,0.4559
flow,0,2,8,0.0113,quadratic_cal,quadratic,20000,240000,0.9343,0.9419,0.9393,0.2611,0.2759,0.2683,0.6051
flow,0,2,8,0.0113,polar8,polar,20000,240000,0.9819,0.9862,0.9875,0.4353,0.5993,0.5043,0.7453
flow,0,2,8,0.0113,polar8_cal,polar,20000,240000,0.9835,0.9894,0.9876,0.5658,0.4724,0.5149,0.7521
flow,0,2,8,0.0113,knn,knn,50000,600000,0.9827,0.9882,0.9874,0.4920,0.5066,0.4992,0.7437
flow,0,2,8,0.0113,altered_knn,altered_knn,50000,400000,0.9788,0.9878,0.9856,0.2450,0.1909,0.2146,0.6012
flow,0,2,8,0.0113,quadratic,quadratic,50000,600000,0.8860,0.8904,0.9331,0.0548,0.5039,0.0988,0.4946
flow,0,2,8,0.0113,quadratic_cal,quadratic,50000,600000,0.9689,0.9766,0.9754,0.2909,0.2964,0.2936,0.6351
flow,0,2,8,0.0113,polar8,polar,50000,600000,0.9825,0.9875,0.9875,0.4709,0.5486,0.5068,0.7471
flow,0,2,8,0.0113,polar8_cal,polar,50000,600000,0.9835,0.9893,0.9875,0.5681,0.4696,0.5142,0.7518
flow,0,2,8,0.0113,knn,knn,100000,1200000,0.9830,0.9888,0.9874,0.5215,0.4823,0.5011,0.7450
flow,0,2,8,0.0113,altered_knn,altered_knn,100000,800000,0.9794,0.9889,0.9856,0.2562,0.1534,0.1919,0.5904
flow,0,2,8,0.0113,quadratic,quadratic,100000,1200000,0.9098,0.9146,0.9484,0.0670,0.4956,0.1180,0.5163
flow,0,2,8,0.0113,quadratic_cal,quadratic,100000,1200000,0.9734,0.9808,0.9802,0.3054,0.3317,0.3180,0.6494
flow,0,2,8,0.0113,polar8,polar,100000,1200000,0.9829,0.9881,0.9876,0.4959,0.5298,0.5123,0.7502
flow,0,2,8,0.0113,polar8_cal,polar,100000,1200000,0.9836,0.9896,0.9875,0.5863,0.4630,0.5174,0.7535
flow,0,4,2,0.0098,knn,knn,20000,60000,0.9502,0.9553,0.9483,0.6513,0.4359,0.5223,0.7388
flow,0,4,2,0.0098,altered_knn,altered_knn,20000,40000,0.9471,0.9559,0.9547,0.0362,0.0564,0.0441,0.5000
flow,0,4,2,0.0098,quadratic,quadratic,20000,60000,0.9715,0.9751,0.9706,0.8179,0.6103,0.6990,0.8370
flow,0,4,2,0.0098,quadratic_cal,quadratic,20000,60000,0.9699,0.9723,0.9697,0.6303,0.7256,0.6746,0.8235
flow,0,4,2,0.0098,polar8,polar,20000,60000,0.9973,0.9981,0.9981,0.8796,0.9179,0.8984,0.9483
flow,0,4,2,0.0098,polar8_cal,polar,20000,60000,0.9973,0.9979,0.9981,0.8629,0.9359,0.8979,0.9479
flow,0,4,2,0.0098,knn,knn,50000,150000,0.9625,0.9671,0.9614,0.7490,0.4974,0.5978,0.7825
flow,0,4,2,0.0098,altered_knn,altered_knn,50000,100000,0.9482,0.9566,0.9594,0.0436,0.0974,0.0602,0.5084
flow,0,4,2,0.0098,quadratic,quadratic,50000,150000,0.9714,0.9750,0.9705,0.8102,0.6128,0.6978,0.8364
flow,0,4,2,0.0098,quadratic_cal,quadratic,50000,150000,0.9700,0.9724,0.9696,0.6366,0.7231,0.6771,0.8247
flow,0,4,2,0.0098,polar8,polar,50000,150000,0.9973,0.9982,0.9981,0.8841,0.9000,0.8920,0.9451
flow,0,4,2,0.0098,polar8_cal,polar,50000,150000,0.9973,0.9982,0.9981,0.8841,0.9000,0.8920,0.9451
flow,0,4,2,0.0098,knn,knn,100000,300000,0.9697,0.9738,0.9688,0.8206,0.5513,0.6595,0.8167
flow,0,4,2,0.0098,altered_knn,altered_knn,100000,200000,0.9107,0.9165,0.9495,0.0388,0.3282,0.0695,0.4930
flow,0,4,2,0.0098,quadratic,quadratic,100000,300000,0.9815,0.9851,0.9817,0.8142,0.6179,0.7026,0.8439
flow,0,4,2,0.0098,quadratic_cal,quadratic,100000,300000,0.9802,0.9825,0.9810,0.6459,0.7436,0.6913,0.8369
flow,0,4,2,0.0098,polar8,polar,100000,300000,0.9974,0.9983,0.9982,0.8903,0.9154,0.9027,0.9505
flow,0,4,2,0.0098,polar8_cal,polar,100000,300000,0.9975,0.9984,0.9982,0.9005,0.9051,0.9028,0.9506
flow,0,4,4,0.0100,knn,knn,20000,120000,0.8888,0.8933,0.8817,0.3628,0.4379,0.3968,0.6451
flow,0,4,4,0.0100,altered_knn,altered_knn,20000,80000,0.8926,0.9004,0.8948,0.0539,0.1142,0.0732,0.4868
flow,0,4,4,0.0100,quadratic,quadratic,20000,120000,0.9166,0.9204,0.9117,0.4548,0.5370,0.4925,0.7065
flow,0,4,4,0.0100,quadratic_cal,quadratic,20000,120000,0.9180,0.9222,0.9124,0.5299,0.5006,0.5148,0.7185
flow,0,4,4,0.0100,polar8,polar,20000,120000,0.9904,0.9933,0.9922,0.7021,0.7039,0.7030,0.8482
flow,0,4,4,0.0100,polar8_cal,polar,20000,120000,0.9908,0.9938,0.9924,0.7456,0.6876,0.7154,0.8546
flow,0,4,4,0.0100,knn,knn,50000,300000,0.9138,0.9185,0.9085,0.3935,0.4542,0.4217,0.6701
flow,0,4,4,0.0100,altered_knn,altered_knn,50000,200000,0.9057,0.9140,0.9061,0.0569,0.0841,0.0678,0.4909
flow,0,4,4,0.0100,quadratic,quadratic,50000,300000,0.9236,0.9275,0.9198,0.4842,0.5370,0.5092,0.7183
flow,0,4,4,0.0100,quadratic_cal,quadratic,50000,300000,0.9244,0.9288,0.9202,0.5327,0.4906,0.5108,0.7198
flow,0,4,4,0.0100,polar8,polar,50000,300000,0.9905,0.9934,0.9923,0.6995,0.7039,0.7017,0.8475
flow,0,4,4,0.0100,polar8_cal,polar,50000,300000,0.9908,0.9937,0.9924,0.7300,0.6989,0.7141,0.8539
flow,0,4,4,0.0100,knn,knn,100000,600000,0.9296,0.9340,0.9255,0.4463,0.4956,0.4697,0.7018
flow,0,4,4,0.0100,altered_knn,altered_knn,100000,400000,0.9069,0.9147,0.9157,0.0406,0.1292,0.0618,0.4883
flow,0,4,4,0.0100,quadratic,quadratic,100000,600000,0.9393,0.9434,0.9369,0.5066,0.5282,0.5172,0.7303
flow,0,4,4,0.0100,quadratic_cal,quadratic,100000,600000,0.9401,0.9448,0.9373,0.5676,0.4743,0.5167,0.7308
flow,0,4,4,0.0100,polar8,polar,100000,600000,0.9912,0.9940,0.9929,0.7277,0.7077,0.7176,0.8558
flow,0,4,4,0.0100,polar8_cal,polar,100000,600000,0.9912,0.9941,0.9930,0.7430,0.7039,0.7229,0.8585
flow,0,4,8,0.0118,knn,knn,20000,240000,0.8750,0.8804,0.8840,0.1740,0.4246,0.2469,0.5636
flow,0,4,8,0.0118,altered_knn,altered_knn,20000,160000,0.8622,0.8693,0.8943,0.0425,0.2642,0.0732,0.4713
flow,0,4,8,0.0118,quadratic,quadratic,20000,240000,0.8887,0.8940,0.8947,0.2409,0.4463,0.3129,0.6034
flow,0,4,8,0.0118,quadratic_cal,quadratic,20000,240000,0.8972,0.9039,0.8985,0.4545,0.3335,0.3847,0.6443
flow,0,4,8,0.0118,polar8,polar,20000,240000,0.9781,0.9825,0.9834,0.4550,0.6130,0.5223,0.7524
flow,0,4,8,0.0118,polar8_cal,polar,20000,240000,0.9807,0.9863,0.9840,0.6523,0.5204,0.5789,0.7826
flow,0,4,8,0.0118,knn,knn,50000,600000,0.9034,0.9089,0.9115,0.2123,0.4415,0.2867,0.5978
flow,0,4,8,0.0118,altered_knn,altered_knn,50000,400000,0.8588,0.8644,0.9037,0.0436,0.3822,0.0783,0.4714
flow,0,4,8,0.0118,quadratic,quadratic,50000,600000,0.9016,0.9072,0.9075,0.2602,0.4320,0.3248,0.6160
flow,0,4,8,0.0118,quadratic_cal,quadratic,50000,600000,0.9075,0.9145,0.9095,0.4628,0.3197,0.3782,0.6464
flow,0,4,8,0.0118,polar8,polar,50000,600000,0.9804,0.9849,0.9852,0.4987,0.6051,0.5468,0.7658
flow,0,4,8,0.0118,polar8_cal,polar,50000,600000,0.9814,0.9863,0.9855,0.5583,0.5728,0.5655,0.7759
flow,0,4,8,0.0118,knn,knn,100000,1200000,0.9215,0.9270,0.9286,0.2519,0.4590,0.3253,0.6261
flow,0,4,8,0.0118,altered_knn,altered_knn,100000,800000,0.9033,0.9120,0.9217,0.0538,0.1752,0.0824,0.4972
flow,0,4,8,0.0118,quadratic,quadratic,100000,1200000,0.9115,0.9173,0.9189,0.2228,0.4267,0.2927,0.6050
flow,0,4,8,0.0118,quadratic_cal,quadratic,100000,1200000,0.9183,0.9255,0.9209,0.4050,0.3192,0.3570,0.6413
flow,0,4,8,0.0118,polar8,polar,100000,1200000,0.9814,0.9860,0.9859,0.5228,0.6014,0.5593,0.7726
flow,0,4,8,0.0118,polar8_cal,polar,100000,1200000,0.9828,0.9878,0.9863,0.6235,0.5611,0.5907,0.7892
flow,0,4,16,0.0137,knn,knn,20000,480000,0.8646,0.8709,0.8626,0.1743,0.4122,0.2450,0.5580
flow,0,4,16,0.0137,altered_knn,altered_knn,20000,320000,0.8802,0.8916,0.8711,0.0945,0.0660,0.0777,0.4846
flow,0,4,16,0.0137,quadratic,quadratic,20000,480000,0.8744,0.8806,0.8764,0.1296,0.4272,0.1989,0.5398
flow,0,4,16,0.0137,quadratic_cal,quadratic,20000,480000,0.8957,0.9046,0.8825,0.3820,0.2589,0.3086,0.6066
flow,0,4,16,0.0137,polar8,polar,20000,480000,0.9723,0.9785,0.9754,0.4251,0.5257,0.4700,0.7243
flow,0,4,16,0.0137,polar8_cal,polar,20000,480000,0.9751,0.9833,0.9751,0.6623,0.3876,0.4890,0.7362
flow,0,4,16,0.0137,knn,knn,50000,1200000,0.8949,0.9015,0.8922,0.2176,0.4220,0.2871,0.5943
flow,0,4,16,0.0137,altered_knn,altered_knn,50000,800000,0.8944,0.9050,0.8912,0.0954,0.1322,0.1108,0.5079
flow,0,4,16,0.0137,quadratic,quadratic,50000,1200000,0.8818,0.8881,0.8921,0.1043,0.4263,0.1676,0.5278
flow,0,4,16,0.0137,quadratic_cal,quadratic,50000,1200000,0.9125,0.9225,0.9019,0.3633,0.1986,0.2568,0.5896
flow,0,4,16,0.0137,polar8,polar,50000,1200000,0.9744,0.9808,0.9774,0.4563,0.5134,0.4832,0.7320
flow,0,4,16,0.0137,polar8_cal,polar,50000,1200000,0.9765,0.9843,0.9770,0.6494,0.4172,0.5080,0.7462
flow,0,4,16,0.0137,knn,knn,100000,2400000,0.9142,0.9210,0.9120,0.2527,0.4274,0.3176,0.6193
flow,0,4,16,0.0137,altered_knn,altered_knn,100000,1600000,0.9071,0.9178,0.9062,0.0972,0.1417,0.1153,0.5165
flow,0,4,16,0.0137,quadratic,quadratic,100000,2400000,0.8865,0.8929,0.8980,0.1049,0.4261,0.1683,0.5306
flow,0,4,16,0.0137,quadratic_cal,quadratic,100000,2400000,0.9167,0.9267,0.9073,0.3426,0.1970,0.2501,0.5884
flow,0,4,16,0.0137,polar8,polar,100000,2400000,0.9754,0.9819,0.9784,0.4794,0.5082,0.4934,0.7376
flow,0,4,16,0.0137,polar8_cal,polar,100000,2400000,0.9770,0.9847,0.9781,0.6433,0.4238,0.5110,0.7478
flow,0,8,2,0.0095,knn,knn,20000,60000,0.8506,0.8581,0.8437,0.7073,0.0761,0.1374,0.4978
flow,0,8,2,0.0095,altered_knn,altered_knn,20000,40000,0.8877,0.8945,0.9148,0.0296,0.1864,0.0511,0.4728
flow,0,8,2,0.0095,quadratic,quadratic,20000,60000,0.9493,0.9538,0.9469,0.9333,0.4777,0.6319,0.7929
flow,0,8,2,0.0095,quadratic_cal,quadratic,20000,60000,0.9485,0.9510,0.9465,0.6796,0.6903,0.6849,0.8180
flow,0,8,2,0.0095,polar8,polar,20000,60000,0.9937,0.9956,0.9946,0.8714,0.8005,0.8345,0.9150
flow,0,8,2,0.0095,polar8_cal,polar,20000,60000,0.9936,0.9954,0.9946,0.8370,0.8084,0.8224,0.9089
flow,0,8,2,0.0095,knn,knn,50000,150000,0.8682,0.8756,0.8615,0.8261,0.0997,0.1780,0.5268
flow,0,8,2,0.0095,altered_knn,altered_knn,50000,100000,0.8994,0.9066,0.9237,0.0288,0.1575,0.0487,0.4776
flow,0,8,2,0.0095,quadratic,quadratic,50000,150000,0.9508,0.9555,0.9487,0.9323,0.4698,0.6248,0.7901
flow,0,8,2,0.0095,quadratic_cal,quadratic,50000,150000,0.9502,0.9527,0.9482,0.6821,0.6982,0.6900,0.8213
flow,0,8,2,0.0095,polar8,polar,50000,150000,0.9947,0.9965,0.9957,0.8790,0.8005,0.8379,0.9172
flow,0,8,2,0.0095,polar8_cal,polar,50000,150000,0.9945,0.9962,0.9957,0.8369,0.8215,0.8291,0.9127
flow,0,8,2,0.0095,knn,knn,100000,300000,0.8756,0.8829,0.8693,0.8519,0.1207,0.2115,0.5472
flow,0,8,2,0.0095,altered_knn,altered_knn,100000,200000,0.9089,0.9163,0.9289,0.0297,0.1339,0.0486,0.4824
flow,0,8,2,0.0095,quadratic,quadratic,100000,300000,0.9641,0.9687,0.9630,0.9257,0.4908,0.6415,0.8051
flow,0,8,2,0.0095,quadratic_cal,quadratic,100000,300000,0.9638,0.9663,0.9627,0.7045,0.7008,0.7026,0.8345
flow,0,8,2,0.0095,polar8,polar,100000,300000,0.9948,0.9966,0.9959,0.8652,0.8084,0.8358,0.9162
flow,0,8,2,0.0095,polar8_cal,polar,100000,300000,0.9948,0.9964,0.9959,0.8422,0.8268,0.8344,0.9154
flow,0,8,4,0.0111,knn,knn,20000,120000,0.7152,0.7215,0.7126,0.3490,0.1591,0.2186,0.4700
flow,0,8,4,0.0111,altered_knn,altered_knn,20000,80000,0.8442,0.8525,0.8561,0.0305,0.0948,0.0461,0.4493
flow,0,8,4,0.0111,quadratic,quadratic,20000,120000,0.9226,0.9269,0.9199,0.7585,0.5316,0.6251,0.7760
flow,0,8,4,0.0111,quadratic_cal,quadratic,20000,120000,0.9225,0.9269,0.9199,0.7504,0.5327,0.6231,0.7750
flow,0,8,4,0.0111,polar8,polar,20000,120000,0.9858,0.9888,0.9865,0.8322,0.7111,0.7669,0.8779
flow,0,8,4,0.0111,polar8_cal,polar,20000,120000,0.9860,0.9892,0.9866,0.8683,0.6998,0.7750,0.8821
flow,0,8,4,0.0111,knn,knn,50000,300000,0.7391,0.7451,0.7351,0.4447,0.1998,0.2757,0.5104
flow,0,8,4,0.0111,altered_knn,altered_knn,50000,200000,0.8645,0.8739,0.8670,0.0337,0.0327,0.0332,0.4535
flow,0,8,4,0.0111,quadratic,quadratic,50000,300000,0.9315,0.9361,0.9289,0.7911,0.5214,0.6286,0.7823
flow,0,8,4,0.0111,quadratic_cal,quadratic,50000,300000,0.9316,0.9360,0.9290,0.7848,0.5350,0.6362,0.7861
flow,0,8,4,0.0111,polar8,polar,50000,300000,0.9878,0.9908,0.9888,0.8477,0.7223,0.7800,0.8854
flow,0,8,4,0.0111,polar8_cal,polar,50000,300000,0.9879,0.9909,0.9889,0.8533,0.7223,0.7824,0.8866
flow,0,8,4,0.0111,knn,knn,100000,600000,0.7536,0.7598,0.7497,0.4633,0.2065,0.2857,0.5227
flow,0,8,4,0.0111,altered_knn,altered_knn,100000,400000,0.8585,0.8664,0.8743,0.0407,0.1546,0.0644,0.4654
flow,0,8,4,0.0111,quadratic,quadratic,100000,600000,0.9518,0.9567,0.9504,0.8182,0.5079,0.6267,0.7917
flow,0,8,4,0.0111,quadratic_cal,quadratic,100000,600000,0.9517,0.9564,0.9504,0.7840,0.5406,0.6399,0.7982
flow,0,8,4,0.0111,polar8,polar,100000,600000,0.9883,0.9912,0.9892,0.8573,0.7325,0.7900,0.8906
flow,0,8,4,0.0111,polar8_cal,polar,100000,600000,0.9882,0.9911,0.9892,0.8499,0.7348,0.7881,0.8896
flow,0,8,8,0.0127,knn,knn,20000,240000,0.6662,0.6717,0.6708,0.1682,0.2399,0.1978,0.4347
flow,0,8,8,0.0127,altered_knn,altered_knn,20000,160000,0.8197,0.8286,0.8352,0.0487,0.1254,0.0702,0.4494
flow,0,8,8,0.0127,quadratic,quadratic,20000,240000,0.9180,0.9233,0.9212,0.5946,0.5118,0.5501,0.7367
flow,0,8,8,0.0127,quadratic_cal,quadratic,20000,240000,0.9181,0.9234,0.9212,0.5987,0.5089,0.5502,0.7368
flow,0,8,8,0.0127,polar8,polar,20000,240000,0.9757,0.9805,0.9792,0.7145,0.6002,0.6524,0.8165
flow,0,8,8,0.0127,polar8_cal,polar,20000,240000,0.9754,0.9801,0.9791,0.6732,0.6120,0.6412,0.8106
flow,0,8,8,0.0127,knn,knn,50000,600000,0.6957,0.7015,0.6997,0.1955,0.2394,0.2152,0.4584
flow,0,8,8,0.0127,altered_knn,altered_knn,50000,400000,0.8108,0.8183,0.8450,0.0374,0.2275,0.0642,0.4413
flow,0,8,8,0.0127,quadratic,quadratic,50000,600000,0.9419,0.9477,0.9448,0.6822,0.4852,0.5671,0.7574
flow,0,8,8,0.0127,quadratic_cal,quadratic,50000,600000,0.9413,0.9465,0.9445,0.6153,0.5296,0.5692,0.7579
flow,0,8,8,0.0127,polar8,polar,50000,600000,0.9787,0.9834,0.9820,0.7399,0.6081,0.6676,0.8255
flow,0,8,8,0.0127,polar8_cal,polar,50000,600000,0.9783,0.9828,0.9820,0.6861,0.6278,0.6557,0.8192
flow,0,8,8,0.0127,knn,knn,100000,1200000,0.7161,0.7220,0.7197,0.2294,0.2517,0.2401,0.4810
flow,0,8,8,0.0127,altered_knn,altered_knn,100000,800000,0.7670,0.7715,0.8395,0.0305,0.4112,0.0568,0.4142
flow,0,8,8,0.0127,quadratic,quadratic,100000,1200000,0.9504,0.9566,0.9536,0.6505,0.4694,0.5453,0.7509
flow,0,8,8,0.0127,quadratic_cal,quadratic,100000,1200000,0.9496,0.9550,0.9533,0.5771,0.5267,0.5507,0.7529
flow,0,8,8,0.0127,polar8,polar,100000,1200000,0.9794,0.9842,0.9827,0.7525,0.6061,0.6714,0.8278
flow,0,8,8,0.0127,polar8_cal,polar,100000,1200000,0.9794,0.9842,0.9827,0.7511,0.6061,0.6709,0.8275
flow,0,8,16,0.0140,knn,knn,20000,480000,0.6044,0.6093,0.6068,0.0952,0.2616,0.1396,0.3745
flow,0,8,16,0.0140,altered_knn,altered_knn,20000,320000,0.7686,0.7779,0.7682,0.0521,0.1155,0.0719,0.4249
flow,0,8,16,0.0140,quadratic,quadratic,20000,480000,0.9073,0.9143,0.9029,0.5215,0.4210,0.4659,0.6901
flow,0,8,16,0.0140,quadratic_cal,quadratic,20000,480000,0.9076,0.9146,0.9030,0.5376,0.4125,0.4668,0.6907
flow,0,8,16,0.0140,polar8,polar,20000,480000,0.9662,0.9729,0.9688,0.6050,0.4964,0.5454,0.7591
flow,0,8,16,0.0140,polar8_cal,polar,20000,480000,0.9663,0.9730,0.9688,0.6132,0.4933,0.5468,0.7599
flow,0,8,16,0.0140,knn,knn,50000,1200000,0.6364,0.6417,0.6372,0.1121,0.2647,0.1575,0.3996
flow,0,8,16,0.0140,altered_knn,altered_knn,50000,800000,0.7828,0.7920,0.7853,0.0512,0.1318,0.0737,0.4329
flow,0,8,16,0.0140,quadratic,quadratic,50000,1200000,0.9181,0.9254,0.9160,0.5264,0.4063,0.4586,0.6920
flow,0,8,16,0.0140,quadratic_cal,quadratic,50000,1200000,0.9185,0.9261,0.9161,0.5611,0.3851,0.4568,0.6914
flow,0,8,16,0.0140,polar8,polar,50000,1200000,0.9688,0.9755,0.9713,0.6320,0.4971,0.5565,0.7660
flow,0,8,16,0.0140,polar8_cal,polar,50000,1200000,0.9688,0.9756,0.9713,0.6395,0.4933,0.5570,0.7663
flow,0,8,16,0.0140,knn,knn,100000,2400000,0.6599,0.6652,0.6605,0.1357,0.2863,0.1841,0.4246
flow,0,8,16,0.0140,altered_knn,altered_knn,100000,1600000,0.7923,0.8014,0.7966,0.0529,0.1474,0.0779,0.4397
flow,0,8,16,0.0140,quadratic,quadratic,100000,2400000,0.9234,0.9307,0.9223,0.5001,0.4041,0.4470,0.6889
flow,0,8,16,0.0140,quadratic_cal,quadratic,100000,2400000,0.9240,0.9318,0.9224,0.5522,0.3736,0.4456,0.6887
flow,0,8,16,0.0140,polar8,polar,100000,2400000,0.9704,0.9772,0.9729,0.6535,0.4984,0.5655,0.7713
flow,0,8,16,0.0140,polar8_cal,polar,100000,2400000,0.9706,0.9775,0.9729,0.6843,0.4855,0.5680,0.7728
flow,0,16,2,0.0087,knn,knn,20000,60000,0.7870,0.7938,0.7810,0.2500,0.0029,0.0057,0.3998
flow,0,16,2,0.0087,altered_knn,altered_knn,20000,40000,0.6613,0.6621,0.7940,0.0148,0.5694,0.0289,0.3455
flow,0,16,2,0.0087,quadratic,quadratic,20000,60000,0.9367,0.9411,0.9337,0.9551,0.4306,0.5936,0.7674
flow,0,16,2,0.0087,quadratic_cal,quadratic,20000,60000,0.9356,0.9372,0.9332,0.6018,0.7601,0.6718,0.8045
flow,0,16,2,0.0087,polar8,polar,20000,60000,0.9869,0.9880,0.9900,0.5464,0.8671,0.6704,0.8292
flow,0,16,2,0.0087,polar8_cal,polar,20000,60000,0.9894,0.9907,0.9902,0.7719,0.8410,0.8050,0.8978
flow,0,16,2,0.0087,knn,knn,50000,150000,0.7964,0.8031,0.7901,0.6667,0.0289,0.0554,0.4292
flow,0,16,2,0.0087,altered_knn,altered_knn,50000,100000,0.8657,0.8719,0.8947,0.0202,0.1561,0.0358,0.4538
flow,0,16,2,0.0087,quadratic,quadratic,50000,150000,0.9365,0.9410,0.9336,0.9545,0.4249,0.5880,0.7645
flow,0,16,2,0.0087,quadratic_cal,quadratic,50000,150000,0.9358,0.9374,0.9332,0.6170,0.7543,0.6788,0.8081
flow,0,16,2,0.0087,polar8,polar,50000,150000,0.9897,0.9906,0.9919,0.6289,0.8815,0.7341,0.8623
flow,0,16,2,0.0087,polar8_cal,polar,50000,150000,0.9914,0.9925,0.9923,0.7937,0.8671,0.8287,0.9106
flow,0,16,2,0.0087,knn,knn,100000,300000,0.8014,0.8083,0.7950,0.5714,0.0116,0.0227,0.4155
flow,0,16,2,0.0087,altered_knn,altered_knn,100000,200000,0.8622,0.8681,0.8947,0.0216,0.1879,0.0387,0.4534
flow,0,16,2,0.0087,quadratic,quadratic,100000,300000,0.9457,0.9500,0.9431,0.9630,0.4509,0.6142,0.7821
flow,0,16,2,0.0087,quadratic_cal,quadratic,100000,300000,0.9453,0.9467,0.9428,0.6602,0.7861,0.7177,0.8322
flow,0,16,2,0.0087,polar8,polar,100000,300000,0.9924,0.9933,0.9933,0.8042,0.8902,0.8450,0.9191
flow,0,16,2,0.0087,polar8_cal,polar,100000,300000,0.9919,0.9928,0.9931,0.7482,0.8931,0.8142,0.9035
flow,0,16,4,0.0096,knn,knn,20000,120000,0.6522,0.6582,0.6490,0.2449,0.0312,0.0554,0.3568
flow,0,16,4,0.0096,altered_knn,altered_knn,20000,80000,0.8127,0.8195,0.8329,0.0245,0.1209,0.0407,0.4301
flow,0,16,4,0.0096,quadratic,quadratic,20000,120000,0.9252,0.9293,0.9247,0.8197,0.4967,0.6186,0.7740
flow,0,16,4,0.0096,quadratic_cal,quadratic,20000,120000,0.9247,0.9275,0.9244,0.6708,0.6333,0.6515,0.7895
flow,0,16,4,0.0096,polar8,polar,20000,120000,0.9855,0.9876,0.9868,0.7839,0.7737,0.7788,0.8832
flow,0,16,4,0.0096,polar8_cal,polar,20000,120000,0.9852,0.9872,0.9868,0.7375,0.7854,0.7607,0.8739
flow,0,16,4,0.0096,knn,knn,50000,300000,0.6664,0.6725,0.6628,0.4091,0.0468,0.0840,0.3782
flow,0,16,4,0.0096,altered_knn,altered_knn,50000,200000,0.8297,0.8372,0.8364,0.0368,0.0611,0.0459,0.4415
flow,0,16,4,0.0096,quadratic,quadratic,50000,300000,0.9427,0.9470,0.9425,0.8941,0.4941,0.6365,0.7918
flow,0,16,4,0.0096,quadratic_cal,quadratic,50000,300000,0.9422,0.9449,0.9423,0.7007,0.6697,0.6848,0.8149
flow,0,16,4,0.0096,polar8,polar,50000,300000,0.9885,0.9906,0.9897,0.8499,0.7802,0.8136,0.9021
flow,0,16,4,0.0096,polar8_cal,polar,50000,300000,0.9883,0.9901,0.9897,0.7964,0.7984,0.7974,0.8938
flow,0,16,4,0.0096,knn,knn,100000,600000,0.6714,0.6776,0.6689,0.3600,0.0351,0.0640,0.3708
flow,0,16,4,0.0096,altered_knn,altered_knn,100000,400000,0.8355,0.8431,0.8418,0.0352,0.0533,0.0424,0.4427
flow,0,16,4,0.0096,quadratic,quadratic,100000,600000,0.9739,0.9780,0.9749,0.9095,0.5488,0.6845,0.8313
flow,0,16,4,0.0096,quadratic_cal,quadratic,100000,600000,0.9735,0.9758,0.9747,0.7183,0.7295,0.7239,0.8498
flow,0,16,4,0.0096,polar8,polar,100000,600000,0.9893,0.9912,0.9904,0.8612,0.7984,0.8286,0.9099
flow,0,16,4,0.0096,polar8_cal,polar,100000,600000,0.9890,0.9906,0.9903,0.8102,0.8270,0.8185,0.9046
flow,0,16,8,0.0099,knn,knn,20000,240000,0.5320,0.5365,0.5324,0.1412,0.0828,0.1043,0.3204
flow,0,16,8,0.0099,altered_knn,altered_knn,20000,160000,0.7411,0.7457,0.7778,0.0295,0.2798,0.0534,0.3995
flow,0,16,8,0.0099,quadratic,quadratic,20000,240000,0.9247,0.9288,0.9266,0.6805,0.5167,0.5874,0.7581
flow,0,16,8,0.0099,quadratic_cal,quadratic,20000,240000,0.9235,0.9267,0.9260,0.5628,0.6027,0.5821,0.7544
flow,0,16,8,0.0099,polar8,polar,20000,240000,0.9769,0.9797,0.9785,0.8282,0.7006,0.7591,0.8694
flow,0,16,8,0.0099,polar8_cal,polar,20000,240000,0.9763,0.9788,0.9784,0.7231,0.7258,0.7245,0.8516
flow,0,16,8,0.0099,knn,knn,50000,600000,0.5465,0.5511,0.5463,0.1621,0.0853,0.1118,0.3314
flow,0,16,8,0.0099,altered_knn,altered_knn,50000,400000,0.7793,0.7867,0.7849,0.0385,0.0423,0.0403,0.4135
flow,0,16,8,0.0099,quadratic,quadratic,50000,600000,0.9540,0.9583,0.9560,0.8063,0.5180,0.6308,0.7945
flow,0,16,8,0.0099,quadratic_cal,quadratic,50000,600000,0.9528,0.9558,0.9554,0.6269,0.6475,0.6370,0.7964
flow,0,16,8,0.0099,polar8,polar,50000,600000,0.9790,0.9816,0.9805,0.8248,0.7138,0.7653,0.8735
flow,0,16,8,0.0099,polar8_cal,polar,50000,600000,0.9789,0.9812,0.9806,0.7783,0.7429,0.7602,0.8707
flow,0,16,8,0.0099,knn,knn,100000,1200000,0.5577,0.5624,0.5580,0.1949,0.0910,0.1240,0.3432
flow,0,16,8,0.0099,altered_knn,altered_knn,100000,800000,0.7821,0.7893,0.7896,0.0381,0.0613,0.0470,0.4181
flow,0,16,8,0.0099,quadratic,quadratic,100000,1200000,0.9629,0.9672,0.9650,0.8220,0.5338,0.6473,0.8072
flow,0,16,8,0.0099,quadratic_cal,quadratic,100000,1200000,0.9615,0.9643,0.9642,0.6208,0.6816,0.6498,0.8071
flow,0,16,8,0.0099,polar8,polar,100000,1200000,0.9781,0.9806,0.9803,0.7116,0.7233,0.7174,0.8490
flow,0,16,8,0.0099,polar8_cal,polar,100000,1200000,0.9780,0.9805,0.9803,0.6970,0.7296,0.7130,0.8467
flow,0,16,16,0.0102,knn,knn,20000,480000,0.4383,0.4417,0.4343,0.0696,0.1171,0.0873,0.2645
flow,0,16,16,0.0102,altered_knn,altered_knn,20000,320000,0.7062,0.7126,0.7007,0.0403,0.0900,0.0557,0.3841
flow,0,16,16,0.0102,quadratic,quadratic,20000,480000,0.9284,0.9330,0.9203,0.6664,0.4808,0.5586,0.7458
flow,0,16,16,0.0102,quadratic_cal,quadratic,20000,480000,0.9272,0.9311,0.9198,0.5513,0.5537,0.5525,0.7418
flow,0,16,16,0.0102,polar8,polar,20000,480000,0.9624,0.9660,0.9621,0.5787,0.6156,0.5966,0.7813
flow,0,16,16,0.0102,polar8_cal,polar,20000,480000,0.9623,0.9658,0.9621,0.5722,0.6226,0.5963,0.7811
flow,0,16,16,0.0102,knn,knn,50000,1200000,0.4573,0.4608,0.4525,0.0831,0.1242,0.0995,0.2802
flow,0,16,16,0.0102,altered_knn,altered_knn,50000,800000,0.7065,0.7124,0.7089,0.0335,0.1425,0.0542,0.3833
flow,0,16,16,0.0102,quadratic,quadratic,50000,1200000,0.9473,0.9521,0.9439,0.7325,0.4753,0.5765,0.7643
flow,0,16,16,0.0102,quadratic_cal,quadratic,50000,1200000,0.9461,0.9498,0.9434,0.5821,0.5848,0.5835,0.7666
flow,0,16,16,0.0102,polar8,polar,50000,1200000,0.9659,0.9694,0.9657,0.6466,0.6223,0.6342,0.8018
flow,0,16,16,0.0102,polar8_cal,polar,50000,1200000,0.9658,0.9691,0.9658,0.6246,0.6391,0.6318,0.8005
flow,0,16,16,0.0102,knn,knn,100000,2400000,0.4707,0.4742,0.4663,0.0916,0.1284,0.1069,0.2906
flow,0,16,16,0.0102,altered_knn,altered_knn,100000,1600000,0.7143,0.7202,0.7153,0.0366,0.1409,0.0581,0.3891
flow,0,16,16,0.0102,quadratic,quadratic,100000,2400000,0.9504,0.9552,0.9475,0.7383,0.4854,0.5857,0.7704
flow,0,16,16,0.0102,quadratic_cal,quadratic,100000,2400000,0.9493,0.9531,0.9471,0.5945,0.5796,0.5870,0.7700
flow,0,16,16,0.0102,polar8,polar,100000,2400000,0.9677,0.9713,0.9673,0.7305,0.6284,0.6756,0.8234
flow,0,16,16,0.0102,polar8_cal,polar,100000,2400000,0.9674,0.9706,0.9673,0.6708,0.6577,0.6642,0.8174
flow,0,32,2,0.0083,knn,knn,20000,60000,0.7468,0.7530,0.7411,0.2000,0.0060,0.0116,0.3823
flow,0,32,2,0.0083,altered_knn,altered_knn,20000,40000,0.7530,0.7558,0.8459,0.0163,0.4222,0.0314,0.3936
flow,0,32,2,0.0083,quadratic,quadratic,20000,60000,0.9307,0.9358,0.9280,0.8425,0.3204,0.4642,0.7000
flow,0,32,2,0.0083,quadratic_cal,quadratic,20000,60000,0.9298,0.9328,0.9276,0.5651,0.5719,0.5685,0.7506
flow,0,32,2,0.0083,polar8,polar,20000,60000,0.9837,0.9845,0.9827,0.8765,0.8922,0.8843,0.9344
flow,0,32,2,0.0083,polar8_cal,polar,20000,60000,0.9833,0.9840,0.9826,0.8315,0.9012,0.8649,0.9245
flow,0,32,2,0.0083,knn,knn,50000,150000,0.7602,0.7666,0.7534,0.2000,0.0030,0.0059,0.3863
flow,0,32,2,0.0083,altered_knn,altered_knn,50000,100000,0.8419,0.8476,0.8813,0.0158,0.1737,0.0290,0.4383
flow,0,32,2,0.0083,quadratic,quadratic,50000,150000,0.9305,0.9357,0.9279,0.8468,0.3144,0.4585,0.6971
flow,0,32,2,0.0083,quadratic_cal,quadratic,50000,150000,0.9295,0.9325,0.9274,0.5549,0.5749,0.5647,0.7486
flow,0,32,2,0.0083,polar8,polar,50000,150000,0.9859,0.9866,0.9854,0.8384,0.9012,0.8687,0.9277
flow,0,32,2,0.0083,polar8_cal,polar,50000,150000,0.9857,0.9864,0.9854,0.8167,0.9072,0.8596,0.9230
flow,0,32,2,0.0083,knn,knn,100000,300000,0.7592,0.7656,0.7528,0.0000,0.0000,0.0000,0.3828
flow,0,32,2,0.0083,altered_knn,altered_knn,100000,200000,0.7282,0.7303,0.8337,0.0161,0.4820,0.0311,0.3807
flow,0,32,2,0.0083,quadratic,quadratic,100000,300000,0.9359,0.9412,0.9334,0.9211,0.3144,0.4688,0.7050
flow,0,32,2,0.0083,quadratic_cal,quadratic,100000,300000,0.9359,0.9387,0.9333,0.6484,0.6018,0.6242,0.7815
flow,0,32,2,0.0083,polar8,polar,100000,300000,0.9891,0.9898,0.9899,0.7415,0.9102,0.8172,0.9035
flow,0,32,2,0.0083,polar8_cal,polar,100000,300000,0.9896,0.9904,0.9898,0.8125,0.8952,0.8519,0.9211
flow,0,32,4,0.0099,knn,knn,20000,120000,0.5838,0.5895,0.5811,0.1000,0.0114,0.0205,0.3050
flow,0,32,4,0.0099,altered_knn,altered_knn,20000,80000,0.8100,0.8177,0.8153,0.0280,0.0393,0.0327,0.4252
flow,0,32,4,0.0099,quadratic,quadratic,20000,120000,0.9340,0.9392,0.9346,0.7788,0.4112,0.5382,0.7387
flow,0,32,4,0.0099,quadratic_cal,quadratic,20000,120000,0.9328,0.9360,0.9340,0.5607,0.6155,0.5868,0.7614
flow,0,32,4,0.0099,polar8,polar,20000,120000,0.9771,0.9795,0.9770,0.9124,0.7398,0.8171,0.8983
flow,0,32,4,0.0099,polar8_cal,polar,20000,120000,0.9769,0.9789,0.9771,0.8215,0.7766,0.7984,0.8887
flow,0,32,4,0.0099,knn,knn,50000,300000,0.5975,0.6034,0.5942,0.0984,0.0076,0.0141,0.3088
flow,0,32,4,0.0099,altered_knn,altered_knn,50000,200000,0.7916,0.7976,0.8156,0.0305,0.1904,0.0525,0.4251
flow,0,32,4,0.0099,quadratic,quadratic,50000,300000,0.9420,0.9473,0.9424,0.8743,0.4061,0.5546,0.7510
flow,0,32,4,0.0099,quadratic_cal,quadratic,50000,300000,0.9415,0.9447,0.9422,0.6485,0.6180,0.6329,0.7888
flow,0,32,4,0.0099,polar8,polar,50000,300000,0.9844,0.9866,0.9850,0.8699,0.7551,0.8084,0.8975
flow,0,32,4,0.0099,polar8_cal,polar,50000,300000,0.9840,0.9861,0.9851,0.7940,0.7779,0.7859,0.8860
flow,0,32,4,0.0099,knn,knn,100000,600000,0.6060,0.6119,0.6032,0.1587,0.0127,0.0235,0.3177
flow,0,32,4,0.0099,altered_knn,altered_knn,100000,400000,0.8125,0.8203,0.8163,0.0324,0.0330,0.0327,0.4265
flow,0,32,4,0.0099,quadratic,quadratic,100000,600000,0.9581,0.9633,0.9589,0.9178,0.4391,0.5940,0.7786
flow,0,32,4,0.0099,quadratic_cal,quadratic,100000,600000,0.9583,0.9608,0.9589,0.7042,0.7069,0.7055,0.8331
flow,0,32,4,0.0099,polar8,polar,100000,600000,0.9865,0.9886,0.9886,0.6559,0.7766,0.7112,0.8499
flow,0,32,4,0.0099,polar8_cal,polar,100000,600000,0.9872,0.9895,0.9889,0.7175,0.7576,0.7370,0.8633
flow,0,32,8,0.0100,knn,knn,20000,240000,0.4588,0.4631,0.4586,0.0716,0.0326,0.0448,0.2539
flow,0,32,8,0.0100,altered_knn,altered_knn,20000,160000,0.7590,0.7657,0.7703,0.0373,0.0966,0.0538,0.4098
flow,0,32,8,0.0100,quadratic,quadratic,20000,240000,0.9289,0.9335,0.9311,0.6908,0.4734,0.5618,0.7476
flow,0,32,8,0.0100,quadratic_cal,quadratic,20000,240000,0.9282,0.9316,0.9308,0.5777,0.5875,0.5825,0.7571
flow,0,32,8,0.0100,polar8,polar,20000,240000,0.9732,0.9759,0.9741,0.9047,0.7085,0.7947,0.8853
flow,0,32,8,0.0100,polar8_cal,polar,20000,240000,0.9725,0.9743,0.9739,0.7512,0.7912,0.7707,0.8725
flow,0,32,8,0.0100,knn,knn,50000,600000,0.4716,0.4761,0.4710,0.0734,0.0245,0.0367,0.2564
flow,0,32,8,0.0100,altered_knn,altered_knn,50000,400000,0.7623,0.7695,0.7692,0.0390,0.0545,0.0455,0.4075
flow,0,32,8,0.0100,quadratic,quadratic,50000,600000,0.9554,0.9604,0.9574,0.8776,0.4583,0.6021,0.7813
flow,0,32,8,0.0100,quadratic_cal,quadratic,50000,600000,0.9544,0.9567,0.9569,0.6191,0.7298,0.6699,0.8133
flow,0,32,8,0.0100,polar8,polar,50000,600000,0.9777,0.9801,0.9795,0.7611,0.7411,0.7510,0.8655
flow,0,32,8,0.0100,polar8_cal,polar,50000,600000,0.9776,0.9800,0.9795,0.7511,0.7492,0.7502,0.8651
flow,0,32,8,0.0100,knn,knn,100000,1200000,0.4797,0.4842,0.4794,0.0902,0.0295,0.0444,0.2643
flow,0,32,8,0.0100,altered_knn,altered_knn,100000,800000,0.7566,0.7638,0.7647,0.0283,0.0476,0.0355,0.3996
flow,0,32,8,0.0100,quadratic,quadratic,100000,1200000,0.9698,0.9743,0.9717,0.9120,0.5197,0.6621,0.8182
flow,0,32,8,0.0100,quadratic_cal,quadratic,100000,1200000,0.9688,0.9710,0.9711,0.6607,0.7592,0.7065,0.8387
flow,0,32,8,0.0100,polar8,polar,100000,1200000,0.9779,0.9802,0.9809,0.6220,0.7511,0.6805,0.8304
flow,0,32,8,0.0100,polar8_cal,polar,100000,1200000,0.9779,0.9812,0.9808,0.6597,0.6539,0.6568,0.8190
flow,0,32,16,0.0093,knn,knn,20000,480000,0.3565,0.3594,0.3513,0.0437,0.0456,0.0446,0.2020
flow,0,32,16,0.0093,altered_knn,altered_knn,20000,320000,0.6927,0.6984,0.6857,0.0421,0.0841,0.0561,0.3773
flow,0,32,16,0.0093,quadratic,quadratic,20000,480000,0.9216,0.9257,0.9082,0.7600,0.4834,0.5910,0.7583
flow,0,32,16,0.0093,quadratic_cal,quadratic,20000,480000,0.9205,0.9234,0.9078,0.5907,0.6105,0.6004,0.7619
flow,0,32,16,0.0093,polar8,polar,20000,480000,0.9476,0.9499,0.9513,0.2585,0.6959,0.3769,0.6634
flow,0,32,16,0.0093,polar8_cal,polar,20000,480000,0.9518,0.9574,0.9462,0.3627,0.3591,0.3609,0.6591
flow,0,32,16,0.0093,knn,knn,50000,1200000,0.3709,0.3739,0.3652,0.0558,0.0507,0.0531,0.2135
flow,0,32,16,0.0093,altered_knn,altered_knn,50000,800000,0.6837,0.6886,0.6852,0.0340,0.1605,0.0561,0.3723
flow,0,32,16,0.0093,quadratic,quadratic,50000,1200000,0.9518,0.9559,0.9457,0.8610,0.5024,0.6345,0.7952
flow,0,32,16,0.0093,quadratic_cal,quadratic,50000,1200000,0.9508,0.9533,0.9453,0.6423,0.6807,0.6610,0.8072
flow,0,32,16,0.0093,polar8,polar,50000,1200000,0.9345,0.9366,0.9473,0.1582,0.7152,0.2591,0.5978
flow,0,32,16,0.0093,polar8_cal,polar,50000,1200000,0.9399,0.9476,0.9290,0.1065,0.1142,0.1102,0.5289
flow,0,32,16,0.0093,knn,knn,100000,2400000,0.3775,0.3806,0.3715,0.0594,0.0493,0.0539,0.2172
flow,0,32,16,0.0093,altered_knn,altered_knn,100000,1600000,0.6850,0.6906,0.6812,0.0294,0.0875,0.0440,0.3673
flow,0,32,16,0.0093,quadratic,quadratic,100000,2400000,0.9589,0.9629,0.9553,0.8765,0.5345,0.6640,0.8135
flow,0,32,16,0.0093,quadratic_cal,quadratic,100000,2400000,0.9580,0.9604,0.9549,0.6658,0.7020,0.6834,0.8219
flow,0,32,16,0.0093,polar8,polar,100000,2400000,0.9368,0.9388,0.9446,0.1762,0.7240,0.2834,0.6111
flow,0,32,16,0.0093,polar8_cal,polar,100000,2400000,0.9402,0.9462,0.9278,0.2504,0.3000,0.2729,0.6096
flow,0,64,2,0.0083,knn,knn,20000,60000,0.7035,0.7094,0.6972,0.1818,0.0060,0.0116,0.3605
flow,0,64,2,0.0083,altered_knn,altered_knn,20000,40000,0.8217,0.8271,0.8595,0.0164,0.1856,0.0301,0.4286
flow,0,64,2,0.0083,quadratic,quadratic,20000,60000,0.9301,0.9355,0.9283,0.5160,0.2904,0.3716,0.6536
flow,0,64,2,0.0083,quadratic_cal,quadratic,20000,60000,0.9286,0.9328,0.9278,0.3972,0.4281,0.4121,0.6725
flow,0,64,2,0.0083,polar8,polar,20000,60000,0.9592,0.9603,0.9558,0.9167,0.8234,0.8675,0.9139
flow,0,64,2,0.0083,polar8_cal,polar,20000,60000,0.9578,0.9585,0.9556,0.6934,0.8802,0.7757,0.8671
flow,0,64,2,0.0083,knn,knn,50000,150000,0.7133,0.7193,0.7072,0.0000,0.0000,0.0000,0.3597
flow,0,64,2,0.0083,altered_knn,altered_knn,50000,100000,0.8284,0.8339,0.8642,0.0159,0.1707,0.0291,0.4315
flow,0,64,2,0.0083,quadratic,quadratic,50000,150000,0.9322,0.9375,0.9300,0.6273,0.3024,0.4081,0.6728
flow,0,64,2,0.0083,quadratic_cal,quadratic,50000,150000,0.9301,0.9337,0.9293,0.4239,0.5000,0.4588,0.6963
flow,0,64,2,0.0083,polar8,polar,50000,150000,0.9600,0.9609,0.9568,0.8567,0.8593,0.8580,0.9094
flow,0,64,2,0.0083,polar8_cal,polar,50000,150000,0.9595,0.9601,0.9566,0.7801,0.8922,0.8324,0.8962
flow,0,64,2,0.0083,knn,knn,100000,300000,0.7247,0.7308,0.7186,0.0000,0.0000,0.0000,0.3654
flow,0,64,2,0.0083,altered_knn,altered_knn,100000,200000,0.8396,0.8454,0.8718,0.0152,0.1437,0.0274,0.4364
flow,0,64,2,0.0083,quadratic,quadratic,100000,300000,0.9372,0.9423,0.9346,0.8088,0.3293,0.4681,0.7052
flow,0,64,2,0.0083,quadratic_cal,quadratic,100000,300000,0.9351,0.9381,0.9340,0.4686,0.5808,0.5187,0.7284
flow,0,64,2,0.0083,polar8,polar,100000,300000,0.9677,0.9685,0.9654,0.8011,0.8683,0.8333,0.9009
flow,0,64,2,0.0083,polar8_cal,polar,100000,300000,0.9675,0.9681,0.9654,0.7667,0.8952,0.8260,0.8970
flow,0,64,4,0.0089,knn,knn,20000,120000,0.5329,0.5377,0.5300,0.0136,0.0028,0.0046,0.2712
flow,0,64,4,0.0089,altered_knn,altered_knn,20000,80000,0.7156,0.7198,0.7739,0.0148,0.2493,0.0279,0.3739
flow,0,64,4,0.0089,quadratic,quadratic,20000,120000,0.9238,0.9290,0.9245,0.4667,0.3431,0.3955,0.6623
flow,0,64,4,0.0089,quadratic_cal,quadratic,20000,120000,0.9229,0.9277,0.9243,0.3980,0.3936,0.3958,0.6617
flow,0,64,4,0.0089,polar8,polar,20000,120000,0.9686,0.9704,0.9678,0.8698,0.7675,0.8155,0.8929
flow,0,64,4,0.0089,polar8_cal,polar,20000,120000,0.9683,0.9699,0.9679,0.7933,0.7955,0.7944,0.8821
flow,0,64,4,0.0089,knn,knn,50000,300000,0.5448,0.5497,0.5417,0.0110,0.0014,0.0025,0.2761
flow,0,64,4,0.0089,altered_knn,altered_knn,50000,200000,0.7723,0.7784,0.7924,0.0176,0.1036,0.0301,0.4042
flow,0,64,4,0.0089,quadratic,quadratic,50000,300000,0.9353,0.9407,0.9352,0.6299,0.3361,0.4384,0.6895
flow,0,64,4,0.0089,quadratic_cal,quadratic,50000,300000,0.9334,0.9372,0.9345,0.4426,0.5182,0.4774,0.7073
flow,0,64,4,0.0089,polar8,polar,50000,300000,0.9681,0.9697,0.9672,0.8481,0.7899,0.8180,0.8938
flow,0,64,4,0.0089,polar8_cal,polar,50000,300000,0.9677,0.9692,0.9672,0.7826,0.8067,0.7945,0.8818
flow,0,64,4,0.0089,knn,knn,100000,600000,0.5521,0.5570,0.5492,0.0658,0.0070,0.0127,0.2848
flow,0,64,4,0.0089,altered_knn,altered_knn,100000,400000,0.7422,0.7465,0.7937,0.0179,0.2619,0.0336,0.3901
flow,0,64,4,0.0089,quadratic,quadratic,100000,600000,0.9448,0.9502,0.9444,0.8084,0.3487,0.4873,0.7187
flow,0,64,4,0.0089,quadratic_cal,quadratic,100000,600000,0.9437,0.9465,0.9439,0.5422,0.6387,0.5865,0.7665
flow,0,64,4,0.0089,polar8,polar,100000,600000,0.9725,0.9740,0.9729,0.7664,0.8039,0.7847,0.8793
flow,0,64,4,0.0089,polar8_cal,polar,100000,600000,0.9725,0.9740,0.9729,0.7653,0.8039,0.7842,0.8791
flow,0,64,8,0.0085,knn,knn,20000,240000,0.4017,0.4050,0.4006,0.0225,0.0140,0.0173,0.2112
flow,0,64,8,0.0085,altered_knn,altered_knn,20000,160000,0.7114,0.7164,0.7338,0.0183,0.1245,0.0320,0.3742
flow,0,64,8,0.0085,quadratic,quadratic,20000,240000,0.9142,0.9184,0.9163,0.5140,0.4193,0.4619,0.6901
flow,0,64,8,0.0085,quadratic_cal,quadratic,20000,240000,0.9135,0.9174,0.9161,0.4529,0.4606,0.4567,0.6871
flow,0,64,8,0.0085,polar8,polar,20000,240000,0.9580,0.9598,0.9584,0.8283,0.7428,0.7832,0.8715
flow,0,64,8,0.0085,polar8_cal,polar,20000,240000,0.9562,0.9574,0.9577,0.6202,0.8158,0.7046,0.8310
flow,0,64,8,0.0085,knn,knn,50000,600000,0.4122,0.4157,0.4108,0.0290,0.0147,0.0195,0.2176
flow,0,64,8,0.0085,altered_knn,altered_knn,50000,400000,0.7292,0.7344,0.7484,0.0228,0.1282,0.0387,0.3865
flow,0,64,8,0.0085,quadratic,quadratic,50000,600000,0.9370,0.9415,0.9387,0.7839,0.4090,0.5375,0.7395
flow,0,64,8,0.0085,quadratic_cal,quadratic,50000,600000,0.9353,0.9376,0.9380,0.5135,0.6735,0.5827,0.7601
flow,0,64,8,0.0085,polar8,polar,50000,600000,0.9694,0.9712,0.9703,0.7923,0.7561,0.7738,0.8725
flow,0,64,8,0.0085,polar8_cal,polar,50000,600000,0.9677,0.9691,0.9697,0.6163,0.8084,0.6994,0.8342
flow,0,64,8,0.0085,knn,knn,100000,1200000,0.4196,0.4230,0.4178,0.0380,0.0184,0.0248,0.2239
flow,0,64,8,0.0085,altered_knn,altered_knn,100000,800000,0.7483,0.7541,0.7577,0.0309,0.0766,0.0440,0.3991
flow,0,64,8,0.0085,quadratic,quadratic,100000,1200000,0.9489,0.9531,0.9503,0.8585,0.4606,0.5995,0.7763
flow,0,64,8,0.0085,quadratic_cal,quadratic,100000,1200000,0.9475,0.9489,0.9495,0.5633,0.7738,0.6520,0.8005
flow,0,64,8,0.0085,polar8,polar,100000,1200000,0.9739,0.9756,0.9772,0.5382,0.7686,0.6331,0.8044
flow,0,64,8,0.0085,polar8_cal,polar,100000,1200000,0.9748,0.9771,0.9774,0.6176,0.7104,0.6607,0.8189
flow,0,64,16,0.0078,knn,knn,20000,480000,0.2911,0.2931,0.2858,0.0242,0.0336,0.0281,0.1606
flow,0,64,16,0.0078,altered_knn,altered_knn,20000,320000,0.6497,0.6537,0.6541,0.0241,0.1477,0.0415,0.3476
flow,0,64,16,0.0078,quadratic,quadratic,20000,480000,0.8997,0.9033,0.8828,0.6526,0.4502,0.5328,0.7180
flow,0,64,16,0.0078,quadratic_cal,quadratic,20000,480000,0.8978,0.9002,0.8821,0.4445,0.5966,0.5095,0.7048
flow,0,64,16,0.0078,polar8,polar,20000,480000,0.9500,0.9517,0.9427,0.5601,0.7403,0.6377,0.7947
flow,0,64,16,0.0078,polar8_cal,polar,20000,480000,0.9502,0.9519,0.9427,0.5755,0.7307,0.6439,0.7979
flow,0,64,16,0.0078,knn,knn,50000,1200000,0.3013,0.3035,0.2959,0.0218,0.0260,0.0237,0.1636
flow,0,64,16,0.0078,altered_knn,altered_knn,50000,800000,0.6709,0.6757,0.6631,0.0363,0.0596,0.0451,0.3604
flow,0,64,16,0.0078,quadratic,quadratic,50000,1200000,0.9305,0.9339,0.9166,0.8023,0.4954,0.6126,0.7732
flow,0,64,16,0.0078,quadratic_cal,quadratic,50000,1200000,0.9289,0.9305,0.9159,0.5477,0.7299,0.6258,0.7782
flow,0,64,16,0.0078,polar8,polar,50000,1200000,0.9284,0.9296,0.9429,0.1255,0.7695,0.2158,0.5727
flow,0,64,16,0.0078,polar8_cal,polar,50000,1200000,0.9384,0.9440,0.9239,0.1671,0.2193,0.1897,0.5669
flow,0,64,16,0.0078,knn,knn,100000,2400000,0.3090,0.3112,0.3037,0.0268,0.0300,0.0283,0.1698
flow,0,64,16,0.0078,altered_knn,altered_knn,100000,1600000,0.6694,0.6729,0.6759,0.0309,0.2213,0.0543,0.3636
flow,0,64,16,0.0078,quadratic,quadratic,100000,2400000,0.9513,0.9543,0.9426,0.8545,0.5642,0.6797,0.8170
flow,0,64,16,0.0078,quadratic_cal,quadratic,100000,2400000,0.9490,0.9503,0.9415,0.5502,0.7895,0.6485,0.7994
flow,0,64,16,0.0078,polar8,polar,100000,2400000,0.8813,0.8822,0.9180,0.0633,0.7743,0.1171,0.4996
flow,0,64,16,0.0078,polar8_cal,polar,100000,2400000,0.8948,0.9015,0.8811,0.0314,0.0356,0.0334,0.4675
