d,K,T,N,n_hall,n_hall_plain,n_ours,n_iq,n_sas,n_cas,eps,lam,rho_sas,rho_cas,secs,cas|interp,cas|invalid,iq@0.2|interp,iq@0.2|invalid,iq@0.4|interp,iq@0.4|invalid,iq@0.6|interp,iq@0.6|invalid,iq@0.8|interp,iq@0.8|invalid,lam@0.2,lam@0.4,lam@0.6,lam@0.8,n_interp,n_invalid,n_iq@0.2,n_iq@0.4,n_iq@0.6,n_iq@0.8,ours@0.02|interp,ours@0.02|invalid,ours@0.05|interp,ours@0.05|invalid,ours@0.1|interp,ours@0.1|invalid,ours@0.2|interp,ours@0.2|invalid,ours@0.3|interp,ours@0.3|invalid,ours@0.5|interp,ours@0.5|invalid,ours@0.8|interp,ours@0.8|invalid,ours@1.2|interp,ours@1.2|invalid,rods_window,sampler,sas|interp,sas|invalid,tube_d_med,gt
2,2,500,200000,2034,2023,37,,649,579,1.2,,0.3,0.3,829.8,580,875,86,81,274,5,434,3,491,5,0.05,0.002,0.002,0.002,921,1113,1867,1755,1597,1538,761,58,823,148,869,270,908,491,914,672,919,886,919,1032,917,1080,"[0.1, 0.5]",,506,879,0.17820626497268677,gt_cache:d2_K2_s0.pt (100000 seeds) + 100000 model-labelled
2,4,500,200000,2221,2221,27,,462,405,1.2,,0.3,0.3,866.4,1298,518,451,43,609,49,453,44,712,4,0.05,0.05,0.05,0.002,1527,694,1727,1563,1724,1505,1233,29,1378,87,1456,169,1499,307,1511,412,1519,545,1522,633,1523,671,"[0.1, 0.5]",,1243,516,0.14031094312667847,learned-sampler on 200000 seeds
2,8,500,200000,2216,2216,31,,265,277,1.2,,0.3,0.3,859.5,1651,288,466,31,490,43,692,5,857,4,0.05,0.05,0.005,0.005,1817,399,1719,1683,1519,1355,1554,28,1666,45,1746,76,1792,159,1806,222,1808,306,1811,361,1807,378,"[0.1, 0.5]",,1666,285,0.07743038237094879,learned-sampler on 200000 seeds
4,2,500,200000,2035,2035,65,,500,456,1.2,,0.3,0.3,849.0,560,1019,266,98,506,109,419,136,361,89,0.05,0.05,0.05,0.05,694,1341,1671,1420,1480,1585,401,61,527,158,608,328,671,597,685,792,691,1054,693,1222,690,1280,"[0.1, 0.5]",,515,1020,0.35159724950790405,learned-sampler on 200000 seeds
4,4,500,200000,2282,2281,72,,382,386,1.2,,0.3,0.3,862.8,1169,727,451,70,769,75,971,78,998,64,0.05,0.05,0.05,0.05,1298,984,1761,1438,1233,1220,875,39,1022,109,1140,224,1227,427,1258,558,1279,746,1276,879,1276,934,"[0.1, 0.5]",,1169,731,0.319956511259079,learned-sampler on 200000 seeds
4,8,500,200000,2332,2332,84,,336,346,1.2,,0.3,0.3,879.7,1493,493,518,28,784,39,815,41,953,2,0.05,0.05,0.05,0.005,1636,696,1786,1509,1476,1377,1216,16,1387,55,1501,123,1589,262,1611,383,1609,523,1617,606,1606,642,"[0.1, 0.5]",,1499,497,0.3021830916404724,learned-sampler on 200000 seeds
4,16,500,200000,2694,2694,88,,480,459,1.2,,0.3,0.3,927.2,1900,335,473,17,526,23,725,1,858,1,0.05,0.05,0.001,0.001,2187,507,2204,2145,1968,1835,1699,13,1916,36,2048,77,2134,185,2152,272,2159,370,2171,423,2152,454,"[0.1, 0.5]",,1881,333,0.2565593719482422,learned-sampler on 200000 seeds
8,2,500,200000,2210,2210,56,,454,449,1.2,,0.3,0.3,863.7,463,1298,205,135,298,158,198,185,163,99,0.05,0.05,0.05,0.05,503,1707,1870,1754,1827,1948,277,77,366,185,436,403,485,754,498,1016,502,1351,502,1559,499,1655,"[0.1, 0.5]",,457,1299,0.4527778923511505,learned-sampler on 200000 seeds
8,4,500,200000,2181,2181,89,,453,436,1.2,,0.3,0.3,880.0,928,817,222,73,482,82,409,132,308,3,0.05,0.05,0.05,0.001,1047,1134,1886,1617,1640,1870,593,43,756,106,916,232,1010,456,1027,637,1038,855,1044,987,1039,1053,"[0.1, 0.5]",,913,815,0.4497714638710022,learned-sampler on 200000 seeds
8,8,500,200000,2372,2372,104,,505,459,1.2,,0.3,0.3,917.1,1300,613,281,49,623,54,383,110,278,0,0.05,0.05,0.05,0.001,1488,884,2042,1695,1879,2094,861,26,1105,72,1297,148,1411,321,1457,481,1468,656,1471,754,1467,801,"[0.1, 0.5]",,1261,606,0.43094950914382935,learned-sampler on 200000 seeds
8,16,500,200000,2618,2618,91,,602,575,1.2,,0.3,0.3,950.1,1646,397,322,22,452,23,582,1,713,1,0.05,0.05,0.001,0.001,1950,668,2274,2143,2035,1904,1233,14,1500,37,1712,82,1848,196,1909,301,1928,455,1930,563,1933,594,"[0.1, 0.5]",,1622,394,0.4025726914405823,learned-sampler on 200000 seeds
16,2,500,200000,2065,2065,57,,452,391,1.2,,0.3,0.3,849.4,431,1243,125,160,163,175,356,200,206,319,0.05,0.05,0.05,0.05,434,1631,1780,1727,1509,1540,204,75,301,185,381,387,421,751,431,1001,434,1310,434,1515,434,1574,"[0.1, 0.5]",,375,1238,0.5730810761451721,learned-sampler on 200000 seeds
16,4,500,200000,2106,2106,79,,523,381,1.2,,0.3,0.3,856.9,742,983,185,87,275,103,506,128,329,189,0.05,0.05,0.05,0.05,773,1333,1834,1728,1472,1588,398,30,552,103,689,267,760,557,769,763,773,1040,773,1206,773,1254,"[0.1, 0.5]",,633,950,0.5766735672950745,learned-sampler on 200000 seeds
16,8,500,200000,2250,2250,91,,521,420,1.2,,0.3,0.3,853.7,1053,777,265,62,384,79,420,115,202,79,0.05,0.05,0.05,0.05,1124,1126,1923,1787,1715,1969,596,22,805,79,971,196,1100,408,1112,599,1119,845,1122,992,1121,1038,"[0.1, 0.5]",,970,759,0.5656986236572266,learned-sampler on 200000 seeds
16,16,500,200000,2357,2357,49,,582,419,1.2,,0.3,0.3,896.1,1368,570,275,38,409,44,235,85,304,2,0.05,0.05,0.05,0.001,1507,850,2044,1904,2037,2051,861,14,1114,55,1317,138,1451,303,1479,457,1500,636,1502,760,1504,804,"[0.1, 0.5]",,1222,553,0.5474914908409119,learned-sampler on 200000 seeds
32,2,500,200000,1965,1964,43,,341,277,1.2,,0.3,0.3,830.4,346,1342,166,274,179,293,195,321,57,393,0.05,0.05,0.05,0.05,346,1619,1525,1493,1449,1515,182,88,253,221,312,451,341,794,344,1040,345,1343,345,1533,345,1577,"[0.1, 0.5]",,300,1324,0.7402920126914978,learned-sampler on 200000 seeds
32,4,500,200000,2019,2019,63,,517,266,1.2,,0.3,0.3,825.6,624,1129,206,174,276,193,289,220,59,289,0.05,0.05,0.05,0.05,628,1391,1639,1550,1510,1671,326,117,454,203,567,360,616,645,628,877,628,1147,628,1280,628,1328,"[0.1, 0.5]",,452,1050,0.7459149360656738,learned-sampler on 200000 seeds
32,8,500,200000,2098,2097,84,,666,277,1.2,,0.3,0.3,839.0,983,838,288,95,370,99,260,107,253,58,0.05,0.05,0.05,0.002,987,1111,1715,1629,1731,1787,560,88,743,149,883,252,977,466,982,683,984,870,984,993,984,1030,"[0.1, 0.5]",,693,739,0.7335466742515564,learned-sampler on 200000 seeds
32,16,500,200000,2285,2284,71,,716,320,1.2,,0.3,0.3,851.4,1244,721,338,53,465,58,295,80,246,44,0.05,0.05,0.05,0.001,1263,1022,1894,1762,1910,1995,713,75,931,107,1116,208,1234,415,1255,582,1261,780,1262,904,1263,951,"[0.1, 0.5]",,951,618,0.7270441651344299,learned-sampler on 200000 seeds
64,2,500,200000,2067,2066,61,,482,344,1.2,,0.3,0.3,847.6,340,1383,184,287,226,312,220,348,99,423,0.05,0.05,0.05,0.05,340,1727,1596,1529,1499,1545,196,137,271,272,325,474,338,863,340,1111,340,1436,340,1623,340,1666,"[0.1, 0.5]",,280,1305,0.9801286458969116,learned-sampler on 200000 seeds
64,4,500,200000,2019,2019,49,,504,303,1.2,,0.3,0.3,833.2,542,1174,292,207,342,232,320,251,86,341,0.05,0.05,0.05,0.05,543,1476,1520,1445,1448,1592,298,125,418,202,514,376,541,707,542,951,543,1211,543,1385,543,1427,"[0.1, 0.5]",,437,1078,0.9813930988311768,learned-sampler on 200000 seeds
64,8,500,200000,2175,2175,49,,691,271,1.2,,0.3,0.3,848.3,766,1138,335,140,403,149,353,161,185,117,0.05,0.05,0.05,0.005,774,1401,1700,1623,1661,1873,415,223,569,290,703,411,767,694,773,908,773,1170,774,1312,774,1352,"[0.1, 0.5]",,569,915,0.9772056937217712,learned-sampler on 200000 seeds
64,16,500,200000,2402,2402,71,,939,346,1.2,,0.3,0.3,880.6,1052,1004,407,101,536,111,449,149,336,196,0.05,0.05,0.05,0.02,1071,1331,1894,1755,1804,1870,579,259,773,322,949,422,1035,644,1061,842,1069,1070,1071,1218,1071,1260,"[0.1, 0.5]",,713,750,0.9697358012199402,learned-sampler on 200000 seeds
128,2,500,200000,1736,1736,24,,266,215,1.2,,0.3,0.3,891.1,249,1272,173,410,184,433,211,451,249,531,0.05,0.05,0.05,0.05,249,1487,1153,1119,1074,956,122,65,188,198,235,385,246,722,248,989,249,1269,249,1429,249,1463,"[0.1, 0.5]",ddim,209,1261,1.308820366859436,learned-sampler on 200000 seeds
128,4,500,200000,1473,1472,24,,211,164,1.2,,0.3,0.3,857.2,323,986,229,300,235,313,233,317,162,357,0.05,0.05,0.05,0.05,325,1148,944,925,923,954,146,43,234,124,292,273,321,547,324,725,325,953,325,1086,325,1124,"[0.1, 0.5]",ddim,291,971,1.3102772235870361,learned-sampler on 200000 seeds
128,8,500,200000,1470,1470,32,,250,154,1.2,,0.3,0.3,864.3,498,818,296,198,312,207,312,215,203,275,0.05,0.05,0.05,0.05,501,969,976,951,943,992,226,28,335,80,439,197,490,414,497,613,500,803,501,901,501,937,"[0.1, 0.5]",ddim,421,799,1.3034272193908691,learned-sampler on 200000 seeds
128,16,500,200000,1316,1316,24,,196,116,1.2,,0.3,0.3,828.9,535,665,307,148,338,162,338,173,331,292,0.05,0.05,0.05,0.05,542,774,861,816,805,693,242,34,357,69,459,148,528,329,538,470,542,636,542,725,542,750,"[0.1, 0.5]",ddim,473,647,1.3003188371658325,learned-sampler on 200000 seeds
256,2,500,200000,1803,1801,29,,271,233,1.2,,0.3,0.3,896.8,230,1340,203,532,208,563,222,584,228,633,0.05,0.05,0.05,0.05,230,1573,1068,1032,997,942,113,67,180,181,216,376,228,742,230,1023,230,1325,230,1496,230,1544,"[0.1, 0.5]",ddim,213,1319,1.7799781560897827,learned-sampler on 200000 seeds
256,4,500,200000,1517,1517,18,,223,184,1.2,,0.3,0.3,865.2,303,1030,247,401,255,427,263,430,254,456,0.05,0.05,0.05,0.05,306,1211,869,835,824,807,159,28,229,99,281,246,302,555,303,767,306,1027,306,1166,306,1193,"[0.1, 0.5]",ddim,274,1020,1.7785658836364746,learned-sampler on 200000 seeds
256,8,500,200000,1576,1575,31,,386,195,1.2,,0.3,0.3,865.1,410,971,290,308,311,333,314,347,318,484,0.05,0.05,0.05,0.05,417,1159,978,932,915,774,203,146,317,192,383,336,408,581,415,775,416,970,417,1096,417,1128,"[0.1, 0.5]",ddim,330,860,1.7765787839889526,learned-sampler on 200000 seeds
256,16,500,200000,1315,1315,25,,230,136,1.2,,0.3,0.3,833.1,420,759,322,219,339,237,359,252,404,356,0.05,0.05,0.05,0.05,423,892,774,739,704,555,189,63,287,95,368,174,414,390,418,558,420,741,421,847,421,869,"[0.1, 0.5]",ddim,375,710,1.7730141878128052,learned-sampler on 200000 seeds
