process,d,K,T_train,hall_gt,T,model,arch,n_per_mode,n_anchors,roundtrip_acc,full_acc,mode_acc,mode_f1,hall_prec,hall_rec,hall_f1,balanced
ddim,2,2,150,0.0274,800,analytic,analytic,0,0,nan,0.9582,0.9808,0.9717,0.4579,0.1588,0.2358,0.6083
ddim,2,2,150,0.0274,800,knn,knn,125,374,0.9947,0.8948,0.9148,0.9102,0.2886,0.1843,0.2249,0.5699
ddim,2,2,150,0.0274,800,altered_knn,altered_knn,125,250,0.9947,0.9162,0.9268,0.9539,0.1799,0.5383,0.2697,0.5982
ddim,2,2,150,0.0274,800,kernel,kernel,125,374,0.9947,0.9229,0.9441,0.9365,0.4060,0.1734,0.2430,0.5935
ddim,2,2,150,0.0274,800,linear,linear,125,374,0.9947,0.7616,0.7679,0.8579,0.0627,0.5401,0.1124,0.4401
ddim,2,2,150,0.0274,800,quadratic,quadratic,125,374,0.9947,0.9568,0.9789,0.9706,0.4344,0.1752,0.2497,0.6143
ddim,2,2,150,0.0274,800,polar2,polar,125,374,0.9947,0.9592,0.9804,0.9724,0.4829,0.2062,0.2890,0.6347
ddim,2,2,150,0.0274,800,polar3,polar,125,374,0.9947,0.9577,0.9804,0.9714,0.4337,0.1551,0.2285,0.6044
ddim,2,2,150,0.0274,800,polar8,polar,125,374,0.9947,0.9574,0.9800,0.9713,0.4146,0.1551,0.2258,0.6029
ddim,2,2,150,0.0274,800,mlp,mlp,125,374,0.9947,0.9594,0.9815,0.9724,0.5132,0.1770,0.2632,0.6224
ddim,2,2,150,0.0274,800,knn,knn,250,750,0.9933,0.9365,0.9569,0.9545,0.2561,0.2099,0.2307,0.5938
ddim,2,2,150,0.0274,800,altered_knn,altered_knn,250,500,0.9933,0.9148,0.9295,0.9494,0.1581,0.3923,0.2254,0.5774
ddim,2,2,150,0.0274,800,kernel,kernel,250,750,0.9933,0.9462,0.9685,0.9607,0.3660,0.1569,0.2197,0.5941
ddim,2,2,150,0.0274,800,linear,linear,250,750,0.9933,0.6955,0.6936,0.8160,0.0658,0.7664,0.1212,0.4074
ddim,2,2,150,0.0274,800,quadratic,quadratic,250,750,0.9933,0.9597,0.9823,0.9733,0.4410,0.1569,0.2315,0.6069
ddim,2,2,150,0.0274,800,polar2,polar,250,750,0.9933,0.9580,0.9799,0.9715,0.4500,0.1807,0.2578,0.6189
ddim,2,2,150,0.0274,800,polar3,polar,250,750,0.9933,0.9574,0.9798,0.9713,0.4178,0.1624,0.2339,0.6068
ddim,2,2,150,0.0274,800,polar8,polar,250,750,0.9933,0.9579,0.9803,0.9715,0.4384,0.1624,0.2370,0.6087
ddim,2,2,150,0.0274,800,mlp,mlp,250,750,0.9933,0.9584,0.9807,0.9717,0.4688,0.1642,0.2432,0.6120
ddim,2,2,150,0.0274,800,knn,knn,500,1500,0.9907,0.9479,0.9660,0.9645,0.3429,0.3066,0.3237,0.6448
ddim,2,2,150,0.0274,800,altered_knn,altered_knn,500,1000,0.9907,0.9261,0.9464,0.9512,0.1534,0.2080,0.1766,0.5615
ddim,2,2,150,0.0274,800,kernel,kernel,500,1500,0.9907,0.9537,0.9736,0.9669,0.4770,0.2464,0.3249,0.6493
ddim,2,2,150,0.0274,800,linear,linear,500,1500,0.9907,0.7050,0.7030,0.8229,0.0685,0.7755,0.1259,0.4145
ddim,2,2,150,0.0274,800,quadratic,quadratic,500,1500,0.9907,0.9587,0.9806,0.9726,0.4316,0.1843,0.2583,0.6194
ddim,2,2,150,0.0274,800,polar2,polar,500,1500,0.9907,0.9578,0.9792,0.9716,0.4400,0.2007,0.2757,0.6274
ddim,2,2,150,0.0274,800,polar3,polar,500,1500,0.9907,0.9578,0.9792,0.9715,0.4435,0.2007,0.2764,0.6278
ddim,2,2,150,0.0274,800,polar8,polar,500,1500,0.9907,0.9575,0.9793,0.9715,0.4232,0.1861,0.2586,0.6189
ddim,2,2,150,0.0274,800,mlp,mlp,500,1500,0.9907,0.9576,0.9798,0.9714,0.4332,0.1715,0.2458,0.6128
ddim,2,2,150,0.0274,800,knn,knn,1000,3000,0.9903,0.9511,0.9680,0.9680,0.3510,0.3504,0.3507,0.6594
ddim,2,2,150,0.0274,800,altered_knn,altered_knn,1000,2000,0.9903,0.9413,0.9594,0.9650,0.2124,0.2993,0.2485,0.6039
ddim,2,2,150,0.0274,800,kernel,kernel,1000,3000,0.9903,0.9546,0.9738,0.9687,0.4335,0.2737,0.3356,0.6547
ddim,2,2,150,0.0274,800,linear,linear,1000,3000,0.9903,0.6841,0.6815,0.8080,0.0643,0.7774,0.1188,0.4002
ddim,2,2,150,0.0274,800,quadratic,quadratic,1000,3000,0.9903,0.9574,0.9786,0.9712,0.4380,0.2062,0.2804,0.6295
ddim,2,2,150,0.0274,800,polar2,polar,1000,3000,0.9903,0.9581,0.9792,0.9718,0.4457,0.2099,0.2854,0.6323
ddim,2,2,150,0.0274,800,polar3,polar,1000,3000,0.9903,0.9584,0.9794,0.9718,0.4680,0.2135,0.2932,0.6363
ddim,2,2,150,0.0274,800,polar8,polar,1000,3000,0.9903,0.9582,0.9796,0.9718,0.4500,0.1971,0.2741,0.6269
ddim,2,2,150,0.0274,800,mlp,mlp,1000,3000,0.9903,0.9577,0.9799,0.9714,0.4326,0.1697,0.2438,0.6118
ddim,2,4,150,0.0297,800,analytic,analytic,0,0,nan,0.9325,0.9549,0.9447,0.6111,0.2037,0.3056,0.6302
ddim,2,4,150,0.0297,800,knn,knn,125,748,0.9465,0.8463,0.8656,0.8608,0.3368,0.2155,0.2628,0.5642
ddim,2,4,150,0.0297,800,altered_knn,altered_knn,125,500,0.9465,0.8861,0.9126,0.8999,0.1477,0.0219,0.0381,0.4753
ddim,2,4,150,0.0297,800,kernel,kernel,125,748,0.9465,0.8785,0.8974,0.8959,0.2881,0.2643,0.2757,0.5865
ddim,2,4,150,0.0297,800,linear,linear,125,748,0.9465,0.1947,0.1803,0.2506,0.0243,0.6667,0.0469,0.1136
ddim,2,4,150,0.0297,800,quadratic,quadratic,125,748,0.9465,0.9113,0.9311,0.9267,0.3936,0.2677,0.3186,0.6248
ddim,2,4,150,0.0297,800,polar2,polar,125,748,0.9465,0.9211,0.9400,0.9379,0.3488,0.3030,0.3243,0.6322
ddim,2,4,150,0.0297,800,polar3,polar,125,748,0.9465,0.9281,0.9464,0.9447,0.3698,0.3300,0.3488,0.6476
ddim,2,4,150,0.0297,800,polar8,polar,125,748,0.9465,0.9297,0.9504,0.9451,0.3788,0.2525,0.3030,0.6267
ddim,2,4,150,0.0297,800,mlp,mlp,125,748,0.9465,0.9252,0.9467,0.9420,0.3182,0.2239,0.2628,0.6048
ddim,2,4,150,0.0297,800,knn,knn,250,1500,0.9347,0.8923,0.9121,0.9099,0.2763,0.2475,0.2611,0.5866
ddim,2,4,150,0.0297,800,altered_knn,altered_knn,250,1000,0.9347,0.9034,0.9300,0.9172,0.2530,0.0354,0.0620,0.4960
ddim,2,4,150,0.0297,800,kernel,kernel,250,1500,0.9347,0.9067,0.9273,0.9254,0.2551,0.2323,0.2432,0.5852
ddim,2,4,150,0.0297,800,linear,linear,250,1500,0.9347,0.1820,0.1682,0.2408,0.0228,0.6347,0.0441,0.1061
ddim,2,4,150,0.0297,800,quadratic,quadratic,250,1500,0.9347,0.9176,0.9378,0.9329,0.3899,0.2593,0.3114,0.6246
ddim,2,4,150,0.0297,800,polar2,polar,250,1500,0.9347,0.9194,0.9385,0.9377,0.2950,0.2980,0.2965,0.6175
ddim,2,4,150,0.0297,800,polar3,polar,250,1500,0.9347,0.9301,0.9493,0.9452,0.4087,0.3013,0.3469,0.6481
ddim,2,4,150,0.0297,800,polar8,polar,250,1500,0.9347,0.9284,0.9488,0.9433,0.4047,0.2609,0.3173,0.6331
ddim,2,4,150,0.0297,800,mlp,mlp,250,1500,0.9347,0.9307,0.9525,0.9441,0.4906,0.2205,0.3043,0.6284
ddim,2,4,150,0.0297,800,knn,knn,500,3000,0.9267,0.9011,0.9196,0.9223,0.2395,0.2980,0.2656,0.5926
ddim,2,4,150,0.0297,800,altered_knn,altered_knn,500,2000,0.9267,0.9046,0.9312,0.9213,0.1058,0.0370,0.0549,0.4930
ddim,2,4,150,0.0297,800,kernel,kernel,500,3000,0.9267,0.9092,0.9289,0.9307,0.2303,0.2660,0.2469,0.5879
ddim,2,4,150,0.0297,800,linear,linear,500,3000,0.9267,0.1856,0.1720,0.2453,0.0228,0.6313,0.0440,0.1080
ddim,2,4,150,0.0297,800,quadratic,quadratic,500,3000,0.9267,0.9162,0.9361,0.9321,0.3597,0.2677,0.3069,0.6215
ddim,2,4,150,0.0297,800,polar2,polar,500,3000,0.9267,0.9110,0.9302,0.9323,0.2308,0.2828,0.2542,0.5922
ddim,2,4,150,0.0297,800,polar3,polar,500,3000,0.9267,0.9245,0.9437,0.9423,0.3195,0.2980,0.3084,0.6260
ddim,2,4,150,0.0297,800,polar8,polar,500,3000,0.9267,0.9250,0.9447,0.9414,0.3581,0.2845,0.3171,0.6309
ddim,2,4,150,0.0297,800,mlp,mlp,500,3000,0.9267,0.9329,0.9540,0.9454,0.5496,0.2424,0.3364,0.6452
ddim,2,4,150,0.0297,800,knn,knn,1000,6000,0.9277,0.9156,0.9349,0.9375,0.2335,0.2862,0.2572,0.5960
ddim,2,4,150,0.0297,800,altered_knn,altered_knn,1000,4000,0.9277,0.8925,0.9143,0.9283,0.0900,0.1801,0.1200,0.5172
ddim,2,4,150,0.0297,800,kernel,kernel,1000,6000,0.9277,0.9152,0.9349,0.9361,0.2440,0.2727,0.2576,0.5962
ddim,2,4,150,0.0297,800,linear,linear,1000,6000,0.9277,0.1890,0.1754,0.2489,0.0230,0.6330,0.0443,0.1099
ddim,2,4,150,0.0297,800,quadratic,quadratic,1000,6000,0.9277,0.9149,0.9346,0.9304,0.3744,0.2710,0.3145,0.6245
ddim,2,4,150,0.0297,800,polar2,polar,1000,6000,0.9277,0.9174,0.9367,0.9371,0.2595,0.2879,0.2729,0.6048
ddim,2,4,150,0.0297,800,polar3,polar,1000,6000,0.9277,0.9244,0.9446,0.9417,0.3166,0.2660,0.2891,0.6168
ddim,2,4,150,0.0297,800,polar8,polar,1000,6000,0.9277,0.9298,0.9498,0.9442,0.4275,0.2778,0.3367,0.6432
ddim,2,4,150,0.0297,800,mlp,mlp,1000,6000,0.9277,0.9331,0.9547,0.9456,0.5592,0.2306,0.3266,0.6406
ddim,2,8,150,0.0342,800,analytic,analytic,0,0,nan,0.8658,0.8917,0.8810,0.3840,0.1332,0.1978,0.5448
ddim,2,8,150,0.0342,800,knn,knn,125,1496,0.9198,0.7778,0.7982,0.8076,0.1170,0.2020,0.1482,0.4732
ddim,2,8,150,0.0342,800,altered_knn,altered_knn,125,1000,0.9198,0.7966,0.8235,0.8111,0.1395,0.0351,0.0561,0.4398
ddim,2,8,150,0.0342,800,kernel,kernel,125,1496,0.9198,0.8031,0.8230,0.8406,0.1082,0.2416,0.1495,0.4862
ddim,2,8,150,0.0342,800,linear,linear,125,1496,0.9198,0.1020,0.0822,0.1227,0.0249,0.6618,0.0481,0.0651
ddim,2,8,150,0.0342,800,quadratic,quadratic,125,1496,0.9198,0.8183,0.8383,0.8524,0.1279,0.2548,0.1703,0.5043
ddim,2,8,150,0.0342,800,polar2,polar,125,1496,0.9198,0.8194,0.8394,0.8547,0.1275,0.2562,0.1702,0.5048
ddim,2,8,150,0.0342,800,polar3,polar,125,1496,0.9198,0.8448,0.8649,0.8763,0.1574,0.2767,0.2006,0.5328
ddim,2,8,150,0.0342,800,polar8,polar,125,1496,0.9198,0.8565,0.8797,0.8807,0.1810,0.2006,0.1903,0.5350
ddim,2,8,150,0.0342,800,mlp,mlp,125,1496,0.9198,0.8529,0.8766,0.8757,0.1853,0.1845,0.1849,0.5307
ddim,2,8,150,0.0342,800,knn,knn,250,3000,0.9107,0.8158,0.8364,0.8441,0.1523,0.2357,0.1851,0.5107
ddim,2,8,150,0.0342,800,altered_knn,altered_knn,250,2000,0.9107,0.8347,0.8636,0.8503,0.1319,0.0176,0.0310,0.4473
ddim,2,8,150,0.0342,800,kernel,kernel,250,3000,0.9107,0.8243,0.8455,0.8579,0.1190,0.2255,0.1558,0.5007
ddim,2,8,150,0.0342,800,linear,linear,250,3000,0.9107,0.0860,0.0654,0.1021,0.0248,0.6691,0.0477,0.0566
ddim,2,8,150,0.0342,800,quadratic,quadratic,250,3000,0.9107,0.8263,0.8464,0.8611,0.1267,0.2592,0.1702,0.5083
ddim,2,8,150,0.0342,800,polar2,polar,250,3000,0.9107,0.8230,0.8424,0.8563,0.1421,0.2738,0.1871,0.5147
ddim,2,8,150,0.0342,800,polar3,polar,250,3000,0.9107,0.8540,0.8763,0.8815,0.1654,0.2240,0.1903,0.5333
ddim,2,8,150,0.0342,800,polar8,polar,250,3000,0.9107,0.8582,0.8818,0.8794,0.2143,0.1933,0.2032,0.5425
ddim,2,8,150,0.0342,800,mlp,mlp,250,3000,0.9107,0.8627,0.8883,0.8802,0.2707,0.1391,0.1838,0.5360
ddim,2,8,150,0.0342,800,knn,knn,500,6000,0.9003,0.8317,0.8529,0.8617,0.1460,0.2343,0.1799,0.5164
ddim,2,8,150,0.0342,800,altered_knn,altered_knn,500,4000,0.9003,0.8528,0.8824,0.8678,0.1774,0.0161,0.0295,0.4560
ddim,2,8,150,0.0342,800,kernel,kernel,500,6000,0.9003,0.8300,0.8510,0.8621,0.1320,0.2372,0.1696,0.5103
ddim,2,8,150,0.0342,800,linear,linear,500,6000,0.9003,0.0897,0.0694,0.1075,0.0248,0.6662,0.0478,0.0586
ddim,2,8,150,0.0342,800,quadratic,quadratic,500,6000,0.9003,0.8256,0.8454,0.8635,0.1182,0.2665,0.1637,0.5046
ddim,2,8,150,0.0342,800,polar2,polar,500,6000,0.9003,0.8088,0.8279,0.8443,0.1231,0.2679,0.1687,0.4983
ddim,2,8,150,0.0342,800,polar3,polar,500,6000,0.9003,0.8443,0.8661,0.8712,0.1640,0.2284,0.1909,0.5285
ddim,2,8,150,0.0342,800,polar8,polar,500,6000,0.9003,0.8589,0.8822,0.8797,0.2262,0.2020,0.2135,0.5478
ddim,2,8,150,0.0342,800,mlp,mlp,500,6000,0.9003,0.8646,0.8899,0.8814,0.3051,0.1479,0.1992,0.5446
ddim,2,8,150,0.0342,800,knn,knn,1000,12000,0.8982,0.8449,0.8669,0.8716,0.1687,0.2255,0.1930,0.5299
ddim,2,8,150,0.0342,800,altered_knn,altered_knn,1000,8000,0.8982,0.8512,0.8805,0.8671,0.1416,0.0234,0.0402,0.4604
ddim,2,8,150,0.0342,800,kernel,kernel,1000,12000,0.8982,0.8393,0.8615,0.8690,0.1365,0.2123,0.1662,0.5139
ddim,2,8,150,0.0342,800,linear,linear,1000,12000,0.8982,0.0905,0.0701,0.1084,0.0248,0.6662,0.0478,0.0590
ddim,2,8,150,0.0342,800,quadratic,quadratic,1000,12000,0.8982,0.8291,0.8488,0.8666,0.1220,0.2723,0.1685,0.5087
ddim,2,8,150,0.0342,800,polar2,polar,1000,12000,0.8982,0.8154,0.8353,0.8506,0.1205,0.2518,0.1630,0.4992
ddim,2,8,150,0.0342,800,polar3,polar,1000,12000,0.8982,0.8457,0.8678,0.8725,0.1601,0.2196,0.1852,0.5265
ddim,2,8,150,0.0342,800,polar8,polar,1000,12000,0.8982,0.8620,0.8852,0.8811,0.2657,0.2050,0.2314,0.5583
ddim,2,8,150,0.0342,800,mlp,mlp,1000,12000,0.8982,0.8655,0.8910,0.8818,0.3279,0.1464,0.2024,0.5467
ddim,2,16,150,0.0522,800,analytic,analytic,0,0,nan,0.7698,0.8080,0.7898,0.4551,0.0775,0.1325,0.4702
ddim,2,16,150,0.0522,800,knn,knn,125,2992,0.9041,0.6972,0.7231,0.7248,0.2112,0.2268,0.2187,0.4709
ddim,2,16,150,0.0522,800,altered_knn,altered_knn,125,2000,0.9041,0.7089,0.7455,0.7269,0.5275,0.0459,0.0845,0.4150
ddim,2,16,150,0.0522,800,kernel,kernel,125,2992,0.9041,0.6808,0.7051,0.7229,0.1235,0.2402,0.1631,0.4341
ddim,2,16,150,0.0522,800,linear,linear,125,2992,0.9041,0.0597,0.0112,0.0227,0.0500,0.9407,0.0949,0.0530
ddim,2,16,150,0.0522,800,quadratic,quadratic,125,2992,0.9041,0.7137,0.7250,0.7627,0.1831,0.5091,0.2693,0.4971
ddim,2,16,150,0.0522,800,polar2,polar,125,2992,0.9041,0.7627,0.7949,0.7824,0.3495,0.1789,0.2367,0.5158
ddim,2,16,150,0.0522,800,polar3,polar,125,2992,0.9041,0.7735,0.8072,0.7953,0.3202,0.1627,0.2157,0.5115
ddim,2,16,150,0.0522,800,polar8,polar,125,2992,0.9041,0.7698,0.8051,0.7920,0.3185,0.1301,0.1848,0.4949
ddim,2,16,150,0.0522,800,mlp,mlp,125,2992,0.9041,0.7323,0.7648,0.7626,0.1505,0.1445,0.1475,0.4561
ddim,2,16,150,0.0522,800,knn,knn,250,6000,0.9045,0.7231,0.7530,0.7521,0.2019,0.1809,0.1908,0.4719
ddim,2,16,150,0.0522,800,altered_knn,altered_knn,250,4000,0.9045,0.6948,0.7212,0.7512,0.0902,0.2172,0.1275,0.4243
ddim,2,16,150,0.0522,800,kernel,kernel,250,6000,0.9045,0.6903,0.7179,0.7333,0.1068,0.1914,0.1371,0.4275
ddim,2,16,150,0.0522,800,linear,linear,250,6000,0.9045,0.0593,0.0109,0.0223,0.0497,0.9368,0.0945,0.0527
ddim,2,16,150,0.0522,800,quadratic,quadratic,250,6000,0.9045,0.7077,0.7185,0.7587,0.1770,0.5120,0.2631,0.4908
ddim,2,16,150,0.0522,800,polar2,polar,250,6000,0.9045,0.7671,0.7988,0.7863,0.3670,0.1914,0.2516,0.5252
ddim,2,16,150,0.0522,800,polar3,polar,250,6000,0.9045,0.7779,0.8114,0.7981,0.3839,0.1694,0.2351,0.5233
ddim,2,16,150,0.0522,800,polar8,polar,250,6000,0.9045,0.7739,0.8091,0.7951,0.3734,0.1368,0.2003,0.5047
ddim,2,16,150,0.0522,800,mlp,mlp,250,6000,0.9045,0.7495,0.7852,0.7726,0.2688,0.1024,0.1483,0.4668
ddim,2,16,150,0.0522,800,knn,knn,500,12000,0.9048,0.7406,0.7705,0.7716,0.1944,0.1990,0.1967,0.4836
ddim,2,16,150,0.0522,800,altered_knn,altered_knn,500,8000,0.9048,0.7368,0.7740,0.7686,0.0873,0.0632,0.0733,0.4236
ddim,2,16,150,0.0522,800,kernel,kernel,500,12000,0.9048,0.7035,0.7320,0.7451,0.1117,0.1866,0.1398,0.4359
ddim,2,16,150,0.0522,800,linear,linear,500,12000,0.9048,0.0595,0.0111,0.0228,0.0497,0.9368,0.0945,0.0528
ddim,2,16,150,0.0522,800,quadratic,quadratic,500,12000,0.9048,0.7076,0.7180,0.7595,0.1746,0.5187,0.2613,0.4896
ddim,2,16,150,0.0522,800,polar2,polar,500,12000,0.9048,0.7691,0.7998,0.7890,0.3616,0.2124,0.2676,0.5337
ddim,2,16,150,0.0522,800,polar3,polar,500,12000,0.9048,0.7768,0.8102,0.7973,0.3689,0.1722,0.2348,0.5225
ddim,2,16,150,0.0522,800,polar8,polar,500,12000,0.9048,0.7734,0.8083,0.7943,0.3814,0.1416,0.2066,0.5074
ddim,2,16,150,0.0522,800,mlp,mlp,500,12000,0.9048,0.7620,0.7983,0.7825,0.4144,0.1043,0.1667,0.4825
ddim,2,16,150,0.0522,800,knn,knn,1000,24000,0.9046,0.7404,0.7716,0.7713,0.1814,0.1751,0.1782,0.4749
ddim,2,16,150,0.0522,800,altered_knn,altered_knn,1000,16000,0.9046,0.7538,0.7950,0.7750,0.2000,0.0077,0.0147,0.4049
ddim,2,16,150,0.0522,800,kernel,kernel,1000,24000,0.9046,0.7045,0.7349,0.7447,0.0993,0.1522,0.1202,0.4275
ddim,2,16,150,0.0522,800,linear,linear,1000,24000,0.9046,0.0589,0.0103,0.0211,0.0498,0.9397,0.0946,0.0525
ddim,2,16,150,0.0522,800,quadratic,quadratic,1000,24000,0.9046,0.7063,0.7168,0.7575,0.1757,0.5167,0.2623,0.4895
ddim,2,16,150,0.0522,800,polar2,polar,1000,24000,0.9046,0.7670,0.7980,0.7870,0.3561,0.2048,0.2600,0.5290
ddim,2,16,150,0.0522,800,polar3,polar,1000,24000,0.9046,0.7758,0.8095,0.7962,0.3675,0.1646,0.2274,0.5184
ddim,2,16,150,0.0522,800,polar8,polar,1000,24000,0.9046,0.7721,0.8073,0.7926,0.4023,0.1340,0.2010,0.5042
ddim,2,16,150,0.0522,800,mlp,mlp,1000,24000,0.9046,0.7538,0.7898,0.7739,0.4190,0.1014,0.1633,0.4765
ddim,4,2,150,0.0306,800,analytic,analytic,0,0,nan,0.9649,0.9878,0.9768,0.8400,0.2398,0.3731,0.6805
ddim,4,2,150,0.0306,800,knn,knn,125,374,0.9920,0.8249,0.8497,0.8372,0.7273,0.0392,0.0743,0.4620
ddim,4,2,150,0.0306,800,altered_knn,altered_knn,125,250,0.9920,0.8234,0.8434,0.8753,0.0577,0.1909,0.0887,0.4660
ddim,4,2,150,0.0306,800,kernel,kernel,125,374,0.9920,0.8936,0.9205,0.9067,1.0000,0.0440,0.0844,0.5024
ddim,4,2,150,0.0306,800,linear,linear,125,374,0.9920,0.7048,0.7126,0.8214,0.0487,0.4568,0.0881,0.4004
ddim,4,2,150,0.0306,800,quadratic,quadratic,125,374,0.9920,0.9600,0.9839,0.9720,0.9007,0.2072,0.3369,0.6604
ddim,4,2,150,0.0306,800,polar2,polar,125,374,0.9920,0.9581,0.9812,0.9736,0.4484,0.2268,0.3012,0.6412
ddim,4,2,150,0.0306,800,polar3,polar,125,374,0.9920,0.9530,0.9767,0.9670,0.5511,0.2023,0.2959,0.6363
ddim,4,2,150,0.0306,800,polar8,polar,125,374,0.9920,0.9342,0.9569,0.9514,0.3410,0.2170,0.2652,0.6110
ddim,4,2,150,0.0306,800,mlp,mlp,125,374,0.9920,0.9539,0.9770,0.9694,0.4444,0.2219,0.2960,0.6365
ddim,4,2,150,0.0306,800,knn,knn,250,750,0.9907,0.8345,0.8587,0.8462,0.7288,0.0701,0.1280,0.4933
ddim,4,2,150,0.0306,800,altered_knn,altered_knn,250,500,0.9907,0.8780,0.9039,0.9063,0.0517,0.0604,0.0557,0.4798
ddim,4,2,150,0.0306,800,kernel,kernel,250,750,0.9907,0.8755,0.9010,0.8874,1.0000,0.0701,0.1311,0.5161
ddim,4,2,150,0.0306,800,linear,linear,250,750,0.9907,0.6479,0.6524,0.7820,0.0440,0.5057,0.0810,0.3667
ddim,4,2,150,0.0306,800,quadratic,quadratic,250,750,0.9907,0.9629,0.9874,0.9753,0.8657,0.1892,0.3106,0.6490
ddim,4,2,150,0.0306,800,polar2,polar,250,750,0.9907,0.9628,0.9860,0.9758,0.6714,0.2300,0.3426,0.6643
ddim,4,2,150,0.0306,800,polar3,polar,250,750,0.9907,0.9599,0.9838,0.9733,0.6396,0.2055,0.3111,0.6474
ddim,4,2,150,0.0306,800,polar8,polar,250,750,0.9907,0.9398,0.9624,0.9590,0.2932,0.2268,0.2557,0.6091
ddim,4,2,150,0.0306,800,mlp,mlp,250,750,0.9907,0.9503,0.9728,0.9632,0.6476,0.2398,0.3500,0.6614
ddim,4,2,150,0.0306,800,knn,knn,500,1500,0.9887,0.8554,0.8797,0.8675,0.7465,0.0865,0.1550,0.5173
ddim,4,2,150,0.0306,800,altered_knn,altered_knn,500,1000,0.9887,0.7954,0.8061,0.8805,0.0720,0.4568,0.1244,0.4652
ddim,4,2,150,0.0306,800,kernel,kernel,500,1500,0.9887,0.8844,0.9098,0.8964,1.0000,0.0832,0.1536,0.5317
ddim,4,2,150,0.0306,800,linear,linear,500,1500,0.9887,0.6746,0.6819,0.8024,0.0424,0.4454,0.0774,0.3797
ddim,4,2,150,0.0306,800,quadratic,quadratic,500,1500,0.9887,0.9637,0.9880,0.9761,0.8451,0.1958,0.3179,0.6529
ddim,4,2,150,0.0306,800,polar2,polar,500,1500,0.9887,0.9640,0.9869,0.9761,0.7989,0.2398,0.3689,0.6779
ddim,4,2,150,0.0306,800,polar3,polar,500,1500,0.9887,0.9642,0.9868,0.9764,0.7766,0.2496,0.3778,0.6823
ddim,4,2,150,0.0306,800,polar8,polar,500,1500,0.9887,0.9591,0.9825,0.9725,0.6204,0.2186,0.3233,0.6529
ddim,4,2,150,0.0306,800,mlp,mlp,500,1500,0.9887,0.9623,0.9850,0.9753,0.6637,0.2447,0.3576,0.6713
ddim,4,2,150,0.0306,800,knn,knn,1000,3000,0.9887,0.8737,0.8979,0.8857,0.8272,0.1093,0.1931,0.5455
ddim,4,2,150,0.0306,800,altered_knn,altered_knn,1000,2000,0.9887,0.9157,0.9418,0.9370,0.1329,0.0897,0.1071,0.5245
ddim,4,2,150,0.0306,800,kernel,kernel,1000,3000,0.9887,0.9022,0.9278,0.9145,0.9655,0.0914,0.1669,0.5474
ddim,4,2,150,0.0306,800,linear,linear,1000,3000,0.9887,0.6577,0.6631,0.7897,0.0438,0.4878,0.0803,0.3717
ddim,4,2,150,0.0306,800,quadratic,quadratic,1000,3000,0.9887,0.9637,0.9878,0.9761,0.8378,0.2023,0.3259,0.6568
ddim,4,2,150,0.0306,800,polar2,polar,1000,3000,0.9887,0.9648,0.9874,0.9767,0.8148,0.2512,0.3840,0.6857
ddim,4,2,150,0.0306,800,polar3,polar,1000,3000,0.9887,0.9655,0.9877,0.9771,0.8351,0.2643,0.4015,0.6946
ddim,4,2,150,0.0306,800,polar8,polar,1000,3000,0.9887,0.9647,0.9873,0.9767,0.7979,0.2512,0.3821,0.6847
ddim,4,2,150,0.0306,800,mlp,mlp,1000,3000,0.9887,0.9651,0.9876,0.9771,0.7959,0.2545,0.3857,0.6866
ddim,4,4,150,0.0205,800,analytic,analytic,0,0,nan,0.8889,0.9036,0.8976,0.3781,0.1854,0.2488,0.5762
ddim,4,4,150,0.0205,800,knn,knn,125,748,0.9652,0.6877,0.6999,0.7013,0.1208,0.1049,0.1123,0.4061
ddim,4,4,150,0.0205,800,altered_knn,altered_knn,125,500,0.9652,0.7219,0.7329,0.7669,0.0363,0.1976,0.0613,0.3971
ddim,4,4,150,0.0205,800,kernel,kernel,125,748,0.9652,0.7262,0.7394,0.7340,0.2500,0.0976,0.1404,0.4399
ddim,4,4,150,0.0205,800,linear,linear,125,748,0.9652,0.2750,0.2638,0.3472,0.0228,0.8098,0.0444,0.1541
ddim,4,4,150,0.0205,800,quadratic,quadratic,125,748,0.9652,0.8593,0.8734,0.8687,0.3182,0.1878,0.2362,0.5548
ddim,4,4,150,0.0205,800,polar2,polar,125,748,0.9652,0.8729,0.8861,0.8922,0.1333,0.2439,0.1724,0.5292
ddim,4,4,150,0.0205,800,polar3,polar,125,748,0.9652,0.8718,0.8863,0.8833,0.2168,0.1829,0.1984,0.5423
ddim,4,4,150,0.0205,800,polar8,polar,125,748,0.9652,0.8438,0.8572,0.8589,0.1400,0.2024,0.1655,0.5114
ddim,4,4,150,0.0205,800,mlp,mlp,125,748,0.9652,0.8858,0.9008,0.8975,0.2222,0.1707,0.1931,0.5470
ddim,4,4,150,0.0205,800,knn,knn,250,1500,0.9633,0.7248,0.7374,0.7348,0.1694,0.1244,0.1435,0.4404
ddim,4,4,150,0.0205,800,altered_knn,altered_knn,250,1000,0.9633,0.6914,0.6982,0.7706,0.0361,0.3683,0.0658,0.3820
ddim,4,4,150,0.0205,800,kernel,kernel,250,1500,0.9633,0.7835,0.7977,0.7912,0.3675,0.1049,0.1632,0.4804
ddim,4,4,150,0.0205,800,linear,linear,250,1500,0.9633,0.2508,0.2392,0.3214,0.0221,0.8098,0.0430,0.1411
ddim,4,4,150,0.0205,800,quadratic,quadratic,250,1500,0.9633,0.8711,0.8857,0.8793,0.3810,0.1756,0.2404,0.5631
ddim,4,4,150,0.0205,800,polar2,polar,250,1500,0.9633,0.8738,0.8872,0.8884,0.1752,0.2341,0.2004,0.5438
ddim,4,4,150,0.0205,800,polar3,polar,250,1500,0.9633,0.8742,0.8879,0.8890,0.1664,0.2220,0.1902,0.5390
ddim,4,4,150,0.0205,800,polar8,polar,250,1500,0.9633,0.8794,0.8935,0.8911,0.2240,0.2049,0.2140,0.5538
ddim,4,4,150,0.0205,800,mlp,mlp,250,1500,0.9633,0.8855,0.8995,0.8977,0.2254,0.2122,0.2186,0.5591
ddim,4,4,150,0.0205,800,knn,knn,500,3000,0.9653,0.7426,0.7562,0.7561,0.1242,0.0976,0.1093,0.4327
ddim,4,4,150,0.0205,800,altered_knn,altered_knn,500,2000,0.9653,0.7693,0.7811,0.8125,0.0429,0.2049,0.0709,0.4260
ddim,4,4,150,0.0205,800,kernel,kernel,500,3000,0.9653,0.7813,0.7956,0.7921,0.3015,0.1000,0.1502,0.4729
ddim,4,4,150,0.0205,800,linear,linear,500,3000,0.9653,0.2374,0.2251,0.3040,0.0220,0.8244,0.0429,0.1340
ddim,4,4,150,0.0205,800,quadratic,quadratic,500,3000,0.9653,0.8708,0.8856,0.8799,0.3613,0.1683,0.2296,0.5576
ddim,4,4,150,0.0205,800,polar2,polar,500,3000,0.9653,0.8802,0.8942,0.8921,0.2199,0.2098,0.2147,0.5545
ddim,4,4,150,0.0205,800,polar3,polar,500,3000,0.9653,0.8849,0.8989,0.8959,0.2536,0.2171,0.2339,0.5664
ddim,4,4,150,0.0205,800,polar8,polar,500,3000,0.9653,0.8848,0.8991,0.8963,0.2330,0.2000,0.2152,0.5572
ddim,4,4,150,0.0205,800,mlp,mlp,500,3000,0.9653,0.8859,0.9001,0.8967,0.2679,0.2098,0.2353,0.5677
ddim,4,4,150,0.0205,800,knn,knn,1000,6000,0.9642,0.7711,0.7844,0.7829,0.2137,0.1366,0.1667,0.4755
ddim,4,4,150,0.0205,800,altered_knn,altered_knn,1000,4000,0.9642,0.8074,0.8217,0.8313,0.0564,0.1220,0.0772,0.4495
ddim,4,4,150,0.0205,800,kernel,kernel,1000,6000,0.9642,0.8039,0.8182,0.8142,0.4016,0.1244,0.1899,0.5041
ddim,4,4,150,0.0205,800,linear,linear,1000,6000,0.9642,0.2341,0.2217,0.3000,0.0220,0.8268,0.0428,0.1322
ddim,4,4,150,0.0205,800,quadratic,quadratic,1000,6000,0.9642,0.8731,0.8877,0.8820,0.3817,0.1732,0.2383,0.5630
ddim,4,4,150,0.0205,800,polar2,polar,1000,6000,0.9642,0.8804,0.8947,0.8905,0.2842,0.1976,0.2331,0.5639
ddim,4,4,150,0.0205,800,polar3,polar,1000,6000,0.9642,0.8849,0.8990,0.8937,0.3671,0.2122,0.2689,0.5840
ddim,4,4,150,0.0205,800,polar8,polar,1000,6000,0.9642,0.8874,0.9017,0.8964,0.3443,0.2049,0.2569,0.5793
ddim,4,4,150,0.0205,800,mlp,mlp,1000,6000,0.9642,0.8894,0.9038,0.8981,0.3807,0.2024,0.2643,0.5841
ddim,4,8,150,0.0290,800,analytic,analytic,0,0,nan,0.8832,0.9044,0.8945,0.5178,0.1759,0.2625,0.5835
ddim,4,8,150,0.0290,800,knn,knn,125,1496,0.9612,0.6025,0.6121,0.6359,0.0818,0.2828,0.1268,0.3695
ddim,4,8,150,0.0290,800,altered_knn,altered_knn,125,1000,0.9612,0.7649,0.7867,0.7812,0.0578,0.0345,0.0432,0.4150
ddim,4,8,150,0.0290,800,kernel,kernel,125,1496,0.9612,0.6714,0.6837,0.7050,0.0823,0.2586,0.1248,0.4043
ddim,4,8,150,0.0290,800,linear,linear,125,1496,0.9612,0.1395,0.1205,0.1786,0.0259,0.7741,0.0501,0.0853
ddim,4,8,150,0.0290,800,quadratic,quadratic,125,1496,0.9612,0.8561,0.8745,0.8686,0.4000,0.2414,0.3011,0.5878
ddim,4,8,150,0.0290,800,polar2,polar,125,1496,0.9612,0.8516,0.8696,0.8692,0.2376,0.2483,0.2428,0.5562
ddim,4,8,150,0.0290,800,polar3,polar,125,1496,0.9612,0.8561,0.8738,0.8732,0.2460,0.2621,0.2538,0.5638
ddim,4,8,150,0.0290,800,polar8,polar,125,1496,0.9612,0.8384,0.8577,0.8547,0.1944,0.1931,0.1938,0.5257
ddim,4,8,150,0.0290,800,mlp,mlp,125,1496,0.9612,0.8457,0.8630,0.8666,0.1914,0.2672,0.2230,0.5430
ddim,4,8,150,0.0290,800,knn,knn,250,3000,0.9570,0.6385,0.6497,0.6716,0.0806,0.2655,0.1237,0.3867
ddim,4,8,150,0.0290,800,altered_knn,altered_knn,250,2000,0.9570,0.7426,0.7563,0.7948,0.0666,0.2862,0.1080,0.4322
ddim,4,8,150,0.0290,800,kernel,kernel,250,3000,0.9570,0.7102,0.7237,0.7402,0.0929,0.2586,0.1367,0.4302
ddim,4,8,150,0.0290,800,linear,linear,250,3000,0.9570,0.1172,0.0974,0.1507,0.0254,0.7810,0.0492,0.0733
ddim,4,8,150,0.0290,800,quadratic,quadratic,250,3000,0.9570,0.8622,0.8814,0.8747,0.3951,0.2207,0.2832,0.5823
ddim,4,8,150,0.0290,800,polar2,polar,250,3000,0.9570,0.8585,0.8772,0.8753,0.2514,0.2345,0.2426,0.5599
ddim,4,8,150,0.0290,800,polar3,polar,250,3000,0.9570,0.8722,0.8913,0.8878,0.2772,0.2328,0.2530,0.5722
ddim,4,8,150,0.0290,800,polar8,polar,250,3000,0.9570,0.8676,0.8870,0.8828,0.2704,0.2172,0.2409,0.5640
ddim,4,8,150,0.0290,800,mlp,mlp,250,3000,0.9570,0.8651,0.8844,0.8826,0.2248,0.2190,0.2218,0.5531
ddim,4,8,150,0.0290,800,knn,knn,500,6000,0.9577,0.6840,0.6967,0.7139,0.0992,0.2603,0.1437,0.4202
ddim,4,8,150,0.0290,800,altered_knn,altered_knn,500,4000,0.9577,0.7764,0.7935,0.8139,0.0758,0.2069,0.1109,0.4522
ddim,4,8,150,0.0290,800,kernel,kernel,500,6000,0.9577,0.7325,0.7471,0.7606,0.1026,0.2414,0.1440,0.4456
ddim,4,8,150,0.0290,800,linear,linear,500,6000,0.9577,0.1226,0.1025,0.1579,0.0259,0.7948,0.0502,0.0764
ddim,4,8,150,0.0290,800,quadratic,quadratic,500,6000,0.9577,0.8574,0.8766,0.8702,0.3754,0.2155,0.2738,0.5752
ddim,4,8,150,0.0290,800,polar2,polar,500,6000,0.9577,0.8641,0.8830,0.8788,0.3061,0.2328,0.2644,0.5737
ddim,4,8,150,0.0290,800,polar3,polar,500,6000,0.9577,0.8745,0.8938,0.8888,0.3159,0.2293,0.2657,0.5798
ddim,4,8,150,0.0290,800,polar8,polar,500,6000,0.9577,0.8789,0.8981,0.8919,0.3646,0.2345,0.2854,0.5918
ddim,4,8,150,0.0290,800,mlp,mlp,500,6000,0.9577,0.8769,0.8971,0.8920,0.2802,0.2000,0.2334,0.5653
ddim,4,8,150,0.0290,800,knn,knn,1000,12000,0.9565,0.7113,0.7249,0.7390,0.1118,0.2534,0.1551,0.4400
ddim,4,8,150,0.0290,800,altered_knn,altered_knn,1000,8000,0.9565,0.7614,0.7751,0.8196,0.0662,0.3052,0.1089,0.4420
ddim,4,8,150,0.0290,800,kernel,kernel,1000,12000,0.9565,0.7505,0.7658,0.7762,0.1217,0.2397,0.1614,0.4636
ddim,4,8,150,0.0290,800,linear,linear,1000,12000,0.9565,0.1220,0.1017,0.1572,0.0261,0.8000,0.0505,0.0761
ddim,4,8,150,0.0290,800,quadratic,quadratic,1000,12000,0.9565,0.8534,0.8723,0.8659,0.3938,0.2207,0.2829,0.5776
ddim,4,8,150,0.0290,800,polar2,polar,1000,12000,0.9565,0.8637,0.8822,0.8778,0.3349,0.2431,0.2817,0.5820
ddim,4,8,150,0.0290,800,polar3,polar,1000,12000,0.9565,0.8792,0.8986,0.8934,0.3350,0.2310,0.2735,0.5860
ddim,4,8,150,0.0290,800,polar8,polar,1000,12000,0.9565,0.8819,0.9011,0.8946,0.3971,0.2397,0.2989,0.6000
ddim,4,8,150,0.0290,800,mlp,mlp,1000,12000,0.9565,0.8834,0.9040,0.8953,0.4484,0.1948,0.2716,0.5878
ddim,4,16,150,0.0428,800,analytic,analytic,0,0,nan,0.8456,0.8793,0.8627,0.4040,0.0933,0.1517,0.5155
ddim,4,16,150,0.0428,800,knn,knn,125,2992,0.9662,0.5549,0.5649,0.6013,0.0871,0.3326,0.1381,0.3515
ddim,4,16,150,0.0428,800,altered_knn,altered_knn,125,2000,0.9662,0.7015,0.7237,0.7405,0.1025,0.2054,0.1368,0.4302
ddim,4,16,150,0.0428,800,kernel,kernel,125,2992,0.9662,0.5671,0.5739,0.6357,0.0760,0.4154,0.1285,0.3512
ddim,4,16,150,0.0428,800,linear,linear,125,2992,0.9662,0.0756,0.0418,0.0793,0.0374,0.8296,0.0716,0.0567
ddim,4,16,150,0.0428,800,quadratic,quadratic,125,2992,0.9662,0.8140,0.8399,0.8391,0.2309,0.2357,0.2333,0.5366
ddim,4,16,150,0.0428,800,polar2,polar,125,2992,0.9662,0.8273,0.8557,0.8510,0.2341,0.1937,0.2120,0.5339
ddim,4,16,150,0.0428,800,polar3,polar,125,2992,0.9662,0.8224,0.8511,0.8483,0.1967,0.1820,0.1891,0.5201
ddim,4,16,150,0.0428,800,polar8,polar,125,2992,0.9662,0.8180,0.8467,0.8423,0.2147,0.1774,0.1942,0.5205
ddim,4,16,150,0.0428,800,mlp,mlp,125,2992,0.9662,0.7979,0.8263,0.8262,0.1570,0.1645,0.1607,0.4935
ddim,4,16,150,0.0428,800,knn,knn,250,6000,0.9663,0.5934,0.6054,0.6350,0.1049,0.3256,0.1587,0.3820
ddim,4,16,150,0.0428,800,altered_knn,altered_knn,250,4000,0.9663,0.7290,0.7536,0.7604,0.1274,0.1797,0.1491,0.4514
ddim,4,16,150,0.0428,800,kernel,kernel,250,6000,0.9663,0.6152,0.6259,0.6730,0.0904,0.3769,0.1458,0.3859
ddim,4,16,150,0.0428,800,linear,linear,250,6000,0.9663,0.0708,0.0363,0.0695,0.0378,0.8436,0.0723,0.0543
ddim,4,16,150,0.0428,800,quadratic,quadratic,250,6000,0.9663,0.8169,0.8427,0.8425,0.2300,0.2415,0.2356,0.5391
ddim,4,16,150,0.0428,800,polar2,polar,250,6000,0.9663,0.8373,0.8661,0.8576,0.3088,0.1960,0.2398,0.5529
ddim,4,16,150,0.0428,800,polar3,polar,250,6000,0.9663,0.8338,0.8630,0.8553,0.2694,0.1820,0.2173,0.5402
ddim,4,16,150,0.0428,800,polar8,polar,250,6000,0.9663,0.8324,0.8628,0.8522,0.2927,0.1540,0.2018,0.5323
ddim,4,16,150,0.0428,800,mlp,mlp,250,6000,0.9663,0.8268,0.8566,0.8498,0.2299,0.1634,0.1910,0.5238
ddim,4,16,150,0.0428,800,knn,knn,500,12000,0.9653,0.6454,0.6615,0.6842,0.1136,0.2859,0.1626,0.4121
ddim,4,16,150,0.0428,800,altered_knn,altered_knn,500,8000,0.9653,0.7644,0.7944,0.7868,0.1577,0.0957,0.1191,0.4567
ddim,4,16,150,0.0428,800,kernel,kernel,500,12000,0.9653,0.6710,0.6849,0.7228,0.1076,0.3606,0.1657,0.4253
ddim,4,16,150,0.0428,800,linear,linear,500,12000,0.9653,0.0734,0.0391,0.0748,0.0377,0.8401,0.0722,0.0557
ddim,4,16,150,0.0428,800,quadratic,quadratic,500,12000,0.9653,0.8194,0.8450,0.8461,0.2205,0.2462,0.2326,0.5388
ddim,4,16,150,0.0428,800,polar2,polar,500,12000,0.9653,0.8383,0.8670,0.8588,0.3040,0.1972,0.2392,0.5531
ddim,4,16,150,0.0428,800,polar3,polar,500,12000,0.9653,0.8356,0.8650,0.8563,0.2884,0.1797,0.2214,0.5432
ddim,4,16,150,0.0428,800,polar8,polar,500,12000,0.9653,0.8381,0.8688,0.8573,0.3108,0.1505,0.2028,0.5358
ddim,4,16,150,0.0428,800,mlp,mlp,500,12000,0.9653,0.8416,0.8731,0.8603,0.3333,0.1400,0.1972,0.5351
ddim,4,16,150,0.0428,800,knn,knn,1000,24000,0.9666,0.6849,0.7033,0.7180,0.1413,0.2742,0.1865,0.4449
ddim,4,16,150,0.0428,800,altered_knn,altered_knn,1000,16000,0.9666,0.7746,0.8020,0.8038,0.1449,0.1634,0.1536,0.4778
ddim,4,16,150,0.0428,800,kernel,kernel,1000,24000,0.9666,0.7107,0.7278,0.7533,0.1297,0.3291,0.1860,0.4569
ddim,4,16,150,0.0428,800,linear,linear,1000,24000,0.9666,0.0727,0.0381,0.0734,0.0378,0.8436,0.0724,0.0553
ddim,4,16,150,0.0428,800,quadratic,quadratic,1000,24000,0.9666,0.8227,0.8485,0.8493,0.2241,0.2474,0.2352,0.5418
ddim,4,16,150,0.0428,800,polar2,polar,1000,24000,0.9666,0.8408,0.8701,0.8614,0.3021,0.1879,0.2317,0.5509
ddim,4,16,150,0.0428,800,polar3,polar,1000,24000,0.9666,0.8416,0.8714,0.8624,0.2912,0.1774,0.2204,0.5459
ddim,4,16,150,0.0428,800,polar8,polar,1000,24000,0.9666,0.8418,0.8719,0.8602,0.3537,0.1692,0.2289,0.5504
ddim,4,16,150,0.0428,800,mlp,mlp,1000,24000,0.9666,0.8445,0.8773,0.8617,0.4017,0.1120,0.1752,0.5263
ddim,8,2,150,0.0278,800,analytic,analytic,0,0,nan,0.9370,0.9566,0.9471,0.8284,0.2518,0.3862,0.6714
ddim,8,2,150,0.0278,800,knn,knn,125,374,0.9920,0.7267,0.7471,0.7367,0.6429,0.0162,0.0316,0.3893
ddim,8,2,150,0.0278,800,altered_knn,altered_knn,125,250,0.9920,0.6734,0.6801,0.7866,0.0425,0.4424,0.0775,0.3788
ddim,8,2,150,0.0278,800,kernel,kernel,125,374,0.9920,0.8122,0.8354,0.8228,0.0000,0.0000,0.0000,0.4177
ddim,8,2,150,0.0278,800,linear,linear,125,374,0.9920,0.7239,0.7323,0.8359,0.0451,0.4317,0.0817,0.4070
ddim,8,2,150,0.0278,800,quadratic,quadratic,125,374,0.9920,0.9071,0.9279,0.9177,0.7874,0.1799,0.2928,0.6104
ddim,8,2,150,0.0278,800,polar2,polar,125,374,0.9920,0.9214,0.9417,0.9320,0.7564,0.2122,0.3315,0.6366
ddim,8,2,150,0.0278,800,polar3,polar,125,374,0.9920,0.8576,0.8771,0.8684,0.5939,0.1763,0.2718,0.5745
ddim,8,2,150,0.0278,800,polar8,polar,125,374,0.9920,0.8259,0.8458,0.8370,0.4706,0.1295,0.2031,0.5245
ddim,8,2,150,0.0278,800,mlp,mlp,125,374,0.9920,0.9105,0.9321,0.9213,0.8447,0.1565,0.2640,0.5980
ddim,8,2,150,0.0278,800,knn,knn,250,750,0.9920,0.7599,0.7814,0.7703,0.4286,0.0108,0.0211,0.4012
ddim,8,2,150,0.0278,800,altered_knn,altered_knn,250,500,0.9920,0.7163,0.7250,0.8165,0.0473,0.4155,0.0849,0.4049
ddim,8,2,150,0.0278,800,kernel,kernel,250,750,0.9920,0.8702,0.8951,0.8825,0.0000,0.0000,0.0000,0.4475
ddim,8,2,150,0.0278,800,linear,linear,250,750,0.9920,0.6808,0.6904,0.8048,0.0315,0.3435,0.0577,0.3741
ddim,8,2,150,0.0278,800,quadratic,quadratic,250,750,0.9920,0.9183,0.9390,0.9286,0.8926,0.1942,0.3191,0.6290
ddim,8,2,150,0.0278,800,polar2,polar,250,750,0.9920,0.9258,0.9464,0.9388,0.4715,0.2086,0.2893,0.6178
ddim,8,2,150,0.0278,800,polar3,polar,250,750,0.9920,0.8945,0.9145,0.9053,0.6792,0.1942,0.3021,0.6083
ddim,8,2,150,0.0278,800,polar8,polar,250,750,0.9920,0.8679,0.8882,0.8786,0.6822,0.1583,0.2569,0.5726
ddim,8,2,150,0.0278,800,mlp,mlp,250,750,0.9920,0.9262,0.9476,0.9369,0.8534,0.1781,0.2946,0.6211
ddim,8,2,150,0.0278,800,knn,knn,500,1500,0.9900,0.7657,0.7874,0.7751,0.5000,0.0072,0.0142,0.4008
ddim,8,2,150,0.0278,800,altered_knn,altered_knn,500,1000,0.9900,0.8179,0.8337,0.8737,0.0637,0.2662,0.1028,0.4683
ddim,8,2,150,0.0278,800,kernel,kernel,500,1500,0.9900,0.9065,0.9324,0.9192,0.0000,0.0000,0.0000,0.4662
ddim,8,2,150,0.0278,800,linear,linear,500,1500,0.9900,0.6967,0.7057,0.8187,0.0365,0.3849,0.0666,0.3862
ddim,8,2,150,0.0278,800,quadratic,quadratic,500,1500,0.9900,0.9322,0.9533,0.9425,0.9167,0.1978,0.3254,0.6393
ddim,8,2,150,0.0278,800,polar2,polar,500,1500,0.9900,0.9341,0.9528,0.9459,0.5673,0.2806,0.3755,0.6641
ddim,8,2,150,0.0278,800,polar3,polar,500,1500,0.9900,0.9276,0.9470,0.9374,0.8589,0.2518,0.3894,0.6682
ddim,8,2,150,0.0278,800,polar8,polar,500,1500,0.9900,0.9012,0.9219,0.9116,0.7795,0.1781,0.2899,0.6059
ddim,8,2,150,0.0278,800,mlp,mlp,500,1500,0.9900,0.9311,0.9522,0.9416,0.8699,0.1924,0.3152,0.6337
ddim,8,2,150,0.0278,800,knn,knn,1000,3000,0.9903,0.7983,0.8209,0.8084,0.5000,0.0072,0.0142,0.4176
ddim,8,2,150,0.0278,800,altered_knn,altered_knn,1000,2000,0.9903,0.7657,0.7743,0.8565,0.0609,0.4658,0.1077,0.4410
ddim,8,2,150,0.0278,800,kernel,kernel,1000,3000,0.9903,0.9139,0.9400,0.9267,0.0000,0.0000,0.0000,0.4700
ddim,8,2,150,0.0278,800,linear,linear,1000,3000,0.9903,0.6845,0.6907,0.8114,0.0415,0.4676,0.0762,0.3834
ddim,8,2,150,0.0278,800,quadratic,quadratic,1000,3000,0.9903,0.9332,0.9545,0.9436,0.9298,0.1906,0.3164,0.6355
ddim,8,2,150,0.0278,800,polar2,polar,1000,3000,0.9903,0.9334,0.9520,0.9463,0.4876,0.2824,0.3576,0.6548
ddim,8,2,150,0.0278,800,polar3,polar,1000,3000,0.9903,0.9337,0.9530,0.9438,0.8011,0.2608,0.3935,0.6732
ddim,8,2,150,0.0278,800,polar8,polar,1000,3000,0.9903,0.9223,0.9431,0.9331,0.7569,0.1960,0.3114,0.6272
ddim,8,2,150,0.0278,800,mlp,mlp,1000,3000,0.9903,0.9324,0.9531,0.9429,0.8273,0.2068,0.3309,0.6420
ddim,8,4,150,0.0150,800,analytic,analytic,0,0,nan,0.9220,0.9303,0.9274,0.5969,0.3800,0.4644,0.6973
ddim,8,4,150,0.0150,800,knn,knn,125,748,0.9813,0.6115,0.6198,0.6142,0.1351,0.0667,0.0893,0.3545
ddim,8,4,150,0.0150,800,altered_knn,altered_knn,125,500,0.9813,0.7775,0.7882,0.7944,0.0382,0.0767,0.0510,0.4196
ddim,8,4,150,0.0150,800,kernel,kernel,125,748,0.9813,0.8052,0.8175,0.8075,0.0000,0.0000,0.0000,0.4088
ddim,8,4,150,0.0150,800,linear,linear,125,748,0.9813,0.3185,0.3140,0.4587,0.0136,0.6133,0.0265,0.1703
ddim,8,4,150,0.0150,800,quadratic,quadratic,125,748,0.9813,0.8893,0.8985,0.8948,0.4831,0.2867,0.3598,0.6292
ddim,8,4,150,0.0150,800,polar2,polar,125,748,0.9813,0.8993,0.9086,0.9070,0.3537,0.2900,0.3187,0.6137
ddim,8,4,150,0.0150,800,polar3,polar,125,748,0.9813,0.8374,0.8458,0.8455,0.2848,0.2867,0.2857,0.5658
ddim,8,4,150,0.0150,800,polar8,polar,125,748,0.9813,0.7894,0.7979,0.7981,0.1988,0.2300,0.2133,0.5056
ddim,8,4,150,0.0150,800,mlp,mlp,125,748,0.9813,0.9040,0.9140,0.9117,0.3319,0.2500,0.2852,0.5996
ddim,8,4,150,0.0150,800,knn,knn,250,1500,0.9807,0.6026,0.6106,0.6072,0.2336,0.0833,0.1229,0.3667
ddim,8,4,150,0.0150,800,altered_knn,altered_knn,250,1000,0.9807,0.7950,0.8062,0.8059,0.0578,0.0533,0.0555,0.4309
ddim,8,4,150,0.0150,800,kernel,kernel,250,1500,0.9807,0.8330,0.8457,0.8387,0.0000,0.0000,0.0000,0.4229
ddim,8,4,150,0.0150,800,linear,linear,250,1500,0.9807,0.3082,0.3038,0.4500,0.0131,0.6000,0.0256,0.1647
ddim,8,4,150,0.0150,800,quadratic,quadratic,250,1500,0.9807,0.9130,0.9222,0.9184,0.5776,0.3100,0.4035,0.6628
ddim,8,4,150,0.0150,800,polar2,polar,250,1500,0.9807,0.9085,0.9163,0.9161,0.3839,0.3967,0.3902,0.6532
ddim,8,4,150,0.0150,800,polar3,polar,250,1500,0.9807,0.8765,0.8853,0.8829,0.4428,0.2967,0.3553,0.6203
ddim,8,4,150,0.0150,800,polar8,polar,250,1500,0.9807,0.8139,0.8230,0.8213,0.2876,0.2167,0.2471,0.5351
ddim,8,4,150,0.0150,800,mlp,mlp,250,1500,0.9807,0.9104,0.9203,0.9169,0.4651,0.2667,0.3390,0.6296
ddim,8,4,150,0.0150,800,knn,knn,500,3000,0.9813,0.6382,0.6473,0.6446,0.1806,0.0433,0.0699,0.3586
ddim,8,4,150,0.0150,800,altered_knn,altered_knn,500,2000,0.9813,0.8054,0.8161,0.8251,0.0396,0.0967,0.0562,0.4362
ddim,8,4,150,0.0150,800,kernel,kernel,500,3000,0.9813,0.8386,0.8514,0.8447,0.0000,0.0000,0.0000,0.4257
ddim,8,4,150,0.0150,800,linear,linear,500,3000,0.9813,0.3097,0.3053,0.4563,0.0132,0.6033,0.0258,0.1655
ddim,8,4,150,0.0150,800,quadratic,quadratic,500,3000,0.9813,0.9163,0.9255,0.9219,0.5901,0.3167,0.4121,0.6688
ddim,8,4,150,0.0150,800,polar2,polar,500,3000,0.9813,0.9146,0.9221,0.9219,0.4153,0.4167,0.4160,0.6691
ddim,8,4,150,0.0150,800,polar3,polar,500,3000,0.9813,0.9062,0.9143,0.9127,0.4872,0.3800,0.4270,0.6706
ddim,8,4,150,0.0150,800,polar8,polar,500,3000,0.9813,0.8674,0.8764,0.8755,0.3547,0.2767,0.3109,0.5937
ddim,8,4,150,0.0150,800,mlp,mlp,500,3000,0.9813,0.9130,0.9225,0.9194,0.4971,0.2867,0.3636,0.6431
ddim,8,4,150,0.0150,800,knn,knn,1000,6000,0.9823,0.6699,0.6794,0.6760,0.1687,0.0467,0.0731,0.3762
ddim,8,4,150,0.0150,800,altered_knn,altered_knn,1000,4000,0.9823,0.7319,0.7372,0.8123,0.0296,0.3867,0.0550,0.3961
ddim,8,4,150,0.0150,800,kernel,kernel,1000,6000,0.9823,0.8677,0.8809,0.8742,0.0000,0.0000,0.0000,0.4405
ddim,8,4,150,0.0150,800,linear,linear,1000,6000,0.9823,0.2971,0.2925,0.4439,0.0129,0.6000,0.0252,0.1589
ddim,8,4,150,0.0150,800,quadratic,quadratic,1000,6000,0.9823,0.9196,0.9290,0.9251,0.6276,0.3033,0.4090,0.6690
ddim,8,4,150,0.0150,800,polar2,polar,1000,6000,0.9823,0.9175,0.9253,0.9240,0.4803,0.4067,0.4404,0.6829
ddim,8,4,150,0.0150,800,polar3,polar,1000,6000,0.9823,0.9143,0.9220,0.9200,0.5422,0.4067,0.4648,0.6934
ddim,8,4,150,0.0150,800,polar8,polar,1000,6000,0.9823,0.8923,0.9010,0.9003,0.3606,0.3233,0.3409,0.6210
ddim,8,4,150,0.0150,800,mlp,mlp,1000,6000,0.9823,0.9124,0.9214,0.9189,0.4899,0.3233,0.3896,0.6555
ddim,8,8,150,0.0228,800,analytic,analytic,0,0,nan,0.8748,0.8894,0.8815,0.5990,0.2516,0.3544,0.6219
ddim,8,8,150,0.0228,800,knn,knn,125,1496,0.9860,0.4850,0.4939,0.4927,0.1079,0.1050,0.1064,0.3002
ddim,8,8,150,0.0228,800,altered_knn,altered_knn,125,1000,0.9860,0.7154,0.7302,0.7289,0.0886,0.0832,0.0858,0.4080
ddim,8,8,150,0.0228,800,kernel,kernel,125,1496,0.9860,0.7264,0.7413,0.7317,0.3774,0.0875,0.1421,0.4417
ddim,8,8,150,0.0228,800,linear,linear,125,1496,0.9860,0.1618,0.1473,0.2430,0.0211,0.7812,0.0411,0.0942
ddim,8,8,150,0.0228,800,quadratic,quadratic,125,1496,0.9860,0.8189,0.8324,0.8263,0.5115,0.2429,0.3294,0.5809
ddim,8,8,150,0.0228,800,polar2,polar,125,1496,0.9860,0.8227,0.8351,0.8328,0.3488,0.2954,0.3199,0.5775
ddim,8,8,150,0.0228,800,polar3,polar,125,1496,0.9860,0.7929,0.8079,0.8013,0.4094,0.1532,0.2229,0.5154
ddim,8,8,150,0.0228,800,polar8,polar,125,1496,0.9860,0.7349,0.7463,0.7449,0.2665,0.2473,0.2565,0.5014
ddim,8,8,150,0.0228,800,mlp,mlp,125,1496,0.9860,0.8228,0.8371,0.8315,0.4128,0.2123,0.2803,0.5587
ddim,8,8,150,0.0228,800,knn,knn,250,3000,0.9870,0.5163,0.5264,0.5220,0.1218,0.0832,0.0988,0.3126
ddim,8,8,150,0.0228,800,altered_knn,altered_knn,250,2000,0.9870,0.7006,0.7094,0.7423,0.0677,0.3282,0.1122,0.4108
ddim,8,8,150,0.0228,800,kernel,kernel,250,3000,0.9870,0.7674,0.7848,0.7737,0.7059,0.0263,0.0506,0.4177
ddim,8,8,150,0.0228,800,linear,linear,250,3000,0.9870,0.1489,0.1339,0.2244,0.0211,0.7921,0.0411,0.0875
ddim,8,8,150,0.0228,800,quadratic,quadratic,250,3000,0.9870,0.8467,0.8611,0.8533,0.6221,0.2341,0.3402,0.6006
ddim,8,8,150,0.0228,800,polar2,polar,250,3000,0.9870,0.8485,0.8615,0.8567,0.4433,0.2910,0.3514,0.6065
ddim,8,8,150,0.0228,800,polar3,polar,250,3000,0.9870,0.8327,0.8461,0.8404,0.4387,0.2582,0.3251,0.5856
ddim,8,8,150,0.0228,800,polar8,polar,250,3000,0.9870,0.7757,0.7883,0.7862,0.2489,0.2385,0.2436,0.5159
ddim,8,8,150,0.0228,800,mlp,mlp,250,3000,0.9870,0.8378,0.8521,0.8465,0.4047,0.2276,0.2913,0.5717
ddim,8,8,150,0.0228,800,knn,knn,500,6000,0.9858,0.5449,0.5553,0.5532,0.0998,0.1007,0.1002,0.3278
ddim,8,8,150,0.0228,800,altered_knn,altered_knn,500,4000,0.9858,0.7303,0.7410,0.7654,0.0711,0.2713,0.1126,0.4268
ddim,8,8,150,0.0228,800,kernel,kernel,500,6000,0.9858,0.7651,0.7824,0.7728,0.6667,0.0263,0.0505,0.4165
ddim,8,8,150,0.0228,800,linear,linear,500,6000,0.9858,0.1528,0.1377,0.2297,0.0213,0.7965,0.0414,0.0896
ddim,8,8,150,0.0228,800,quadratic,quadratic,500,6000,0.9858,0.8560,0.8704,0.8623,0.6307,0.2429,0.3507,0.6105
ddim,8,8,150,0.0228,800,polar2,polar,500,6000,0.9858,0.8686,0.8825,0.8761,0.5020,0.2757,0.3559,0.6192
ddim,8,8,150,0.0228,800,polar3,polar,500,6000,0.9858,0.8605,0.8745,0.8686,0.4384,0.2648,0.3302,0.6023
ddim,8,8,150,0.0228,800,polar8,polar,500,6000,0.9858,0.8324,0.8462,0.8429,0.2857,0.2451,0.2638,0.5550
ddim,8,8,150,0.0228,800,mlp,mlp,500,6000,0.9858,0.8539,0.8683,0.8622,0.4315,0.2341,0.3035,0.5859
ddim,8,8,150,0.0228,800,knn,knn,1000,12000,0.9843,0.5629,0.5733,0.5722,0.0966,0.1182,0.1063,0.3398
ddim,8,8,150,0.0228,800,altered_knn,altered_knn,1000,8000,0.9843,0.7598,0.7761,0.7738,0.0698,0.0613,0.0653,0.4207
ddim,8,8,150,0.0228,800,kernel,kernel,1000,12000,0.9843,0.7881,0.8059,0.7958,0.7647,0.0284,0.0549,0.4304
ddim,8,8,150,0.0228,800,linear,linear,1000,12000,0.9843,0.1514,0.1361,0.2282,0.0215,0.8074,0.0419,0.0890
ddim,8,8,150,0.0228,800,quadratic,quadratic,1000,12000,0.9843,0.8600,0.8745,0.8661,0.6488,0.2385,0.3488,0.6117
ddim,8,8,150,0.0228,800,polar2,polar,1000,12000,0.9843,0.8695,0.8834,0.8768,0.5060,0.2757,0.3569,0.6202
ddim,8,8,150,0.0228,800,polar3,polar,1000,12000,0.9843,0.8690,0.8829,0.8763,0.5207,0.2757,0.3605,0.6217
ddim,8,8,150,0.0228,800,polar8,polar,1000,12000,0.9843,0.8623,0.8762,0.8709,0.4100,0.2691,0.3250,0.6006
ddim,8,8,150,0.0228,800,mlp,mlp,1000,12000,0.9843,0.8644,0.8786,0.8723,0.4685,0.2604,0.3347,0.6067
ddim,8,16,150,0.0255,800,analytic,analytic,0,0,nan,0.8448,0.8622,0.8545,0.5257,0.1804,0.2686,0.5654
ddim,8,16,150,0.0255,800,knn,knn,125,2992,0.9796,0.4040,0.4088,0.4240,0.0544,0.2216,0.0873,0.2480
ddim,8,16,150,0.0255,800,altered_knn,altered_knn,125,2000,0.9796,0.6591,0.6689,0.6924,0.0762,0.2843,0.1202,0.3946
ddim,8,16,150,0.0255,800,kernel,kernel,125,2992,0.9796,0.2890,0.2740,0.4125,0.0319,0.8608,0.0616,0.1678
ddim,8,16,150,0.0255,800,linear,linear,125,2992,0.9796,0.0979,0.0781,0.1452,0.0238,0.8549,0.0463,0.0622
ddim,8,16,150,0.0255,800,quadratic,quadratic,125,2992,0.9796,0.8135,0.8291,0.8234,0.4764,0.2176,0.2988,0.5639
ddim,8,16,150,0.0255,800,polar2,polar,125,2992,0.9796,0.7925,0.8073,0.8070,0.2112,0.2294,0.2199,0.5136
ddim,8,16,150,0.0255,800,polar3,polar,125,2992,0.9796,0.7739,0.7892,0.7853,0.2824,0.1922,0.2287,0.5089
ddim,8,16,150,0.0255,800,polar8,polar,125,2992,0.9796,0.7068,0.7176,0.7247,0.1670,0.2941,0.2131,0.4653
ddim,8,16,150,0.0255,800,mlp,mlp,125,2992,0.9796,0.7946,0.8098,0.8085,0.2619,0.2157,0.2366,0.5232
ddim,8,16,150,0.0255,800,knn,knn,250,6000,0.9790,0.4404,0.4468,0.4603,0.0542,0.1961,0.0850,0.2659
ddim,8,16,150,0.0255,800,altered_knn,altered_knn,250,4000,0.9790,0.6867,0.6998,0.7102,0.0827,0.1863,0.1145,0.4072
ddim,8,16,150,0.0255,800,kernel,kernel,250,6000,0.9790,0.4995,0.4931,0.6183,0.0444,0.7471,0.0838,0.2884
ddim,8,16,150,0.0255,800,linear,linear,250,6000,0.9790,0.0872,0.0665,0.1272,0.0242,0.8804,0.0470,0.0568
ddim,8,16,150,0.0255,800,quadratic,quadratic,250,6000,0.9790,0.8352,0.8517,0.8447,0.5497,0.2059,0.2996,0.5756
ddim,8,16,150,0.0255,800,polar2,polar,250,6000,0.9790,0.8263,0.8422,0.8383,0.3542,0.2216,0.2726,0.5574
ddim,8,16,150,0.0255,800,polar3,polar,250,6000,0.9790,0.8101,0.8250,0.8226,0.3122,0.2412,0.2721,0.5486
ddim,8,16,150,0.0255,800,polar8,polar,250,6000,0.9790,0.7652,0.7782,0.7825,0.2033,0.2667,0.2307,0.5045
ddim,8,16,150,0.0255,800,mlp,mlp,250,6000,0.9790,0.7932,0.8081,0.8068,0.2758,0.2255,0.2481,0.5281
ddim,8,16,150,0.0255,800,knn,knn,500,12000,0.9778,0.4727,0.4803,0.4917,0.0597,0.1824,0.0900,0.2852
ddim,8,16,150,0.0255,800,altered_knn,altered_knn,500,8000,0.9778,0.7113,0.7258,0.7324,0.0872,0.1569,0.1121,0.4190
ddim,8,16,150,0.0255,800,kernel,kernel,500,12000,0.9778,0.7005,0.7066,0.7600,0.0738,0.4686,0.1275,0.4170
ddim,8,16,150,0.0255,800,linear,linear,500,12000,0.9778,0.0874,0.0665,0.1274,0.0243,0.8843,0.0472,0.0569
ddim,8,16,150,0.0255,800,quadratic,quadratic,500,12000,0.9778,0.8412,0.8581,0.8510,0.5435,0.1961,0.2882,0.5731
ddim,8,16,150,0.0255,800,polar2,polar,500,12000,0.9778,0.8354,0.8523,0.8473,0.3650,0.1882,0.2484,0.5504
ddim,8,16,150,0.0255,800,polar3,polar,500,12000,0.9778,0.8312,0.8474,0.8427,0.3819,0.2157,0.2757,0.5615
ddim,8,16,150,0.0255,800,polar8,polar,500,12000,0.9778,0.8200,0.8352,0.8330,0.3050,0.2392,0.2681,0.5517
ddim,8,16,150,0.0255,800,mlp,mlp,500,12000,0.9778,0.8140,0.8305,0.8269,0.2798,0.1843,0.2222,0.5263
ddim,8,16,150,0.0255,800,knn,knn,1000,24000,0.9784,0.4896,0.4979,0.5092,0.0608,0.1706,0.0896,0.2938
ddim,8,16,150,0.0255,800,altered_knn,altered_knn,1000,16000,0.9784,0.7244,0.7426,0.7358,0.0745,0.0275,0.0401,0.3914
ddim,8,16,150,0.0255,800,kernel,kernel,1000,24000,0.9784,0.7553,0.7661,0.7928,0.0971,0.3412,0.1512,0.4587
ddim,8,16,150,0.0255,800,linear,linear,1000,24000,0.9784,0.0884,0.0676,0.1284,0.0243,0.8843,0.0473,0.0574
ddim,8,16,150,0.0255,800,quadratic,quadratic,1000,24000,0.9784,0.8426,0.8596,0.8527,0.5294,0.1941,0.2841,0.5718
ddim,8,16,150,0.0255,800,polar2,polar,1000,24000,0.9784,0.8404,0.8573,0.8515,0.4156,0.1980,0.2683,0.5628
ddim,8,16,150,0.0255,800,polar3,polar,1000,24000,0.9784,0.8377,0.8545,0.8483,0.4249,0.1941,0.2665,0.5605
ddim,8,16,150,0.0255,800,polar8,polar,1000,24000,0.9784,0.8369,0.8538,0.8477,0.4199,0.1902,0.2618,0.5578
ddim,8,16,150,0.0255,800,mlp,mlp,1000,24000,0.9784,0.8339,0.8512,0.8455,0.3490,0.1745,0.2327,0.5419
ddim,16,2,150,0.0207,800,analytic,analytic,0,0,nan,0.9503,0.9634,0.9573,0.8364,0.3325,0.4759,0.7197
ddim,16,2,150,0.0207,800,knn,knn,125,374,0.9947,0.7142,0.7293,0.7216,0.0000,0.0000,0.0000,0.3646
ddim,16,2,150,0.0207,800,altered_knn,altered_knn,125,250,0.9947,0.7369,0.7471,0.8026,0.0338,0.2554,0.0597,0.4034
ddim,16,2,150,0.0207,800,kernel,kernel,125,374,0.9947,0.8145,0.8318,0.8224,0.0000,0.0000,0.0000,0.4159
ddim,16,2,150,0.0207,800,linear,linear,125,374,0.9947,0.6890,0.6986,0.7974,0.0184,0.2337,0.0342,0.3664
ddim,16,2,150,0.0207,800,quadratic,quadratic,125,374,0.9947,0.6562,0.6633,0.7182,0.0393,0.3229,0.0701,0.3667
ddim,16,2,150,0.0207,800,polar2,polar,125,374,0.9947,0.8668,0.8807,0.8772,0.3372,0.2120,0.2604,0.5705
ddim,16,2,150,0.0207,800,polar3,polar,125,374,0.9947,0.8577,0.8708,0.8688,0.3065,0.2386,0.2683,0.5696
ddim,16,2,150,0.0207,800,polar8,polar,125,374,0.9947,0.8490,0.8648,0.8590,0.2925,0.1036,0.1530,0.5089
ddim,16,2,150,0.0207,800,mlp,mlp,125,374,0.9947,0.9216,0.9385,0.9310,0.5200,0.1253,0.2019,0.5702
ddim,16,2,150,0.0207,800,knn,knn,250,750,0.9933,0.7317,0.7473,0.7382,0.0000,0.0000,0.0000,0.3736
ddim,16,2,150,0.0207,800,altered_knn,altered_knn,250,500,0.9933,0.7740,0.7849,0.8362,0.0381,0.2578,0.0664,0.4257
ddim,16,2,150,0.0207,800,kernel,kernel,250,750,0.9933,0.8612,0.8794,0.8702,0.0000,0.0000,0.0000,0.4397
ddim,16,2,150,0.0207,800,linear,linear,250,750,0.9933,0.7208,0.7308,0.8283,0.0206,0.2482,0.0380,0.3844
ddim,16,2,150,0.0207,800,quadratic,quadratic,250,750,0.9933,0.9191,0.9346,0.9289,0.4333,0.1880,0.2622,0.5984
ddim,16,2,150,0.0207,800,polar2,polar,250,750,0.9933,0.9096,0.9254,0.9182,0.5702,0.1663,0.2575,0.5914
ddim,16,2,150,0.0207,800,polar3,polar,250,750,0.9933,0.8995,0.9141,0.9078,0.5752,0.2120,0.3099,0.6120
ddim,16,2,150,0.0207,800,polar8,polar,250,750,0.9933,0.8712,0.8879,0.8802,0.4545,0.0843,0.1423,0.5151
ddim,16,2,150,0.0207,800,mlp,mlp,250,750,0.9933,0.9373,0.9544,0.9462,0.6835,0.1301,0.2186,0.5865
ddim,16,2,150,0.0207,800,knn,knn,500,1500,0.9907,0.7463,0.7622,0.7528,0.0000,0.0000,0.0000,0.3811
ddim,16,2,150,0.0207,800,altered_knn,altered_knn,500,1000,0.9907,0.8221,0.8362,0.8666,0.0365,0.1566,0.0592,0.4477
ddim,16,2,150,0.0207,800,kernel,kernel,500,1500,0.9907,0.8936,0.9125,0.9030,0.0000,0.0000,0.0000,0.4563
ddim,16,2,150,0.0207,800,linear,linear,500,1500,0.9907,0.7082,0.7166,0.8255,0.0232,0.3108,0.0432,0.3799
ddim,16,2,150,0.0207,800,quadratic,quadratic,500,1500,0.9907,0.9386,0.9550,0.9475,0.6481,0.1687,0.2677,0.6113
ddim,16,2,150,0.0207,800,polar2,polar,500,1500,0.9907,0.9413,0.9553,0.9490,0.7582,0.2795,0.4085,0.6819
ddim,16,2,150,0.0207,800,polar3,polar,500,1500,0.9907,0.9223,0.9369,0.9303,0.6857,0.2313,0.3459,0.6414
ddim,16,2,150,0.0207,800,polar8,polar,500,1500,0.9907,0.8967,0.9126,0.9051,0.6421,0.1470,0.2392,0.5759
ddim,16,2,150,0.0207,800,mlp,mlp,500,1500,0.9907,0.9419,0.9586,0.9504,0.8205,0.1542,0.2596,0.6091
ddim,16,2,150,0.0207,800,knn,knn,1000,3000,0.9903,0.7691,0.7854,0.7763,0.0000,0.0000,0.0000,0.3927
ddim,16,2,150,0.0207,800,altered_knn,altered_knn,1000,2000,0.9903,0.8291,0.8433,0.8745,0.0360,0.1566,0.0585,0.4509
ddim,16,2,150,0.0207,800,kernel,kernel,1000,3000,0.9903,0.9113,0.9306,0.9208,0.0000,0.0000,0.0000,0.4653
ddim,16,2,150,0.0207,800,linear,linear,1000,3000,0.9903,0.6797,0.6871,0.8078,0.0220,0.3301,0.0412,0.3642
ddim,16,2,150,0.0207,800,quadratic,quadratic,1000,3000,0.9903,0.9455,0.9612,0.9538,0.7658,0.2048,0.3232,0.6422
ddim,16,2,150,0.0207,800,polar2,polar,1000,3000,0.9903,0.9462,0.9587,0.9552,0.5421,0.3566,0.4302,0.6945
ddim,16,2,150,0.0207,800,polar3,polar,1000,3000,0.9903,0.9373,0.9510,0.9445,0.8345,0.2916,0.4321,0.6916
ddim,16,2,150,0.0207,800,polar8,polar,1000,3000,0.9903,0.9141,0.9295,0.9220,0.7857,0.1855,0.3002,0.6149
ddim,16,2,150,0.0207,800,mlp,mlp,1000,3000,0.9903,0.9426,0.9585,0.9506,0.8696,0.1928,0.3156,0.6370
ddim,16,4,150,0.0159,800,analytic,analytic,0,0,nan,0.9413,0.9501,0.9465,0.7371,0.4044,0.5223,0.7362
ddim,16,4,150,0.0159,800,knn,knn,125,748,0.9853,0.5591,0.5681,0.5636,0.0444,0.0063,0.0110,0.2896
ddim,16,4,150,0.0159,800,altered_knn,altered_knn,125,500,0.9853,0.7410,0.7518,0.7614,0.0286,0.0721,0.0410,0.3964
ddim,16,4,150,0.0159,800,kernel,kernel,125,748,0.9853,0.7812,0.7939,0.7869,0.0000,0.0000,0.0000,0.3969
ddim,16,4,150,0.0159,800,linear,linear,125,748,0.9853,0.4131,0.4130,0.5747,0.0117,0.4201,0.0228,0.2179
ddim,16,4,150,0.0159,800,quadratic,quadratic,125,748,0.9853,0.7809,0.7897,0.7933,0.1467,0.2382,0.1816,0.4856
ddim,16,4,150,0.0159,800,polar2,polar,125,748,0.9853,0.8093,0.8172,0.8164,0.3456,0.3229,0.3339,0.5756
ddim,16,4,150,0.0159,800,polar3,polar,125,748,0.9853,0.8262,0.8348,0.8336,0.3381,0.2947,0.3149,0.5749
ddim,16,4,150,0.0159,800,polar8,polar,125,748,0.9853,0.7917,0.8015,0.7984,0.3742,0.1912,0.2531,0.5273
ddim,16,4,150,0.0159,800,mlp,mlp,125,748,0.9853,0.8851,0.8958,0.8918,0.4898,0.2257,0.3090,0.6024
ddim,16,4,150,0.0159,800,knn,knn,250,1500,0.9887,0.5767,0.5858,0.5814,0.1250,0.0157,0.0279,0.3068
ddim,16,4,150,0.0159,800,altered_knn,altered_knn,250,1000,0.9887,0.7177,0.7241,0.7802,0.0330,0.3260,0.0599,0.3920
ddim,16,4,150,0.0159,800,kernel,kernel,250,1500,0.9887,0.8142,0.8274,0.8215,0.0000,0.0000,0.0000,0.4137
ddim,16,4,150,0.0159,800,linear,linear,250,1500,0.9887,0.4133,0.4130,0.5763,0.0120,0.4326,0.0233,0.2182
ddim,16,4,150,0.0159,800,quadratic,quadratic,250,1500,0.9887,0.8787,0.8890,0.8855,0.4759,0.2476,0.3258,0.6074
ddim,16,4,150,0.0159,800,polar2,polar,250,1500,0.9887,0.8697,0.8791,0.8762,0.5165,0.2947,0.3752,0.6272
ddim,16,4,150,0.0159,800,polar3,polar,250,1500,0.9887,0.8516,0.8604,0.8580,0.5351,0.3103,0.3929,0.6266
ddim,16,4,150,0.0159,800,polar8,polar,250,1500,0.9887,0.8309,0.8409,0.8374,0.5076,0.2100,0.2971,0.5690
ddim,16,4,150,0.0159,800,mlp,mlp,250,1500,0.9887,0.9095,0.9202,0.9155,0.6864,0.2539,0.3707,0.6454
ddim,16,4,150,0.0159,800,knn,knn,500,3000,0.9870,0.5932,0.6027,0.5981,0.0741,0.0063,0.0116,0.3071
ddim,16,4,150,0.0159,800,altered_knn,altered_knn,500,2000,0.9870,0.7842,0.7947,0.8133,0.0361,0.1379,0.0572,0.4259
ddim,16,4,150,0.0159,800,kernel,kernel,500,3000,0.9870,0.8434,0.8571,0.8510,0.0000,0.0000,0.0000,0.4285
ddim,16,4,150,0.0159,800,linear,linear,500,3000,0.9870,0.4024,0.4013,0.5662,0.0128,0.4734,0.0249,0.2131
ddim,16,4,150,0.0159,800,quadratic,quadratic,500,3000,0.9870,0.9163,0.9271,0.9226,0.6250,0.2508,0.3579,0.6425
ddim,16,4,150,0.0159,800,polar2,polar,500,3000,0.9870,0.9131,0.9211,0.9202,0.4750,0.4169,0.4441,0.6826
ddim,16,4,150,0.0159,800,polar3,polar,500,3000,0.9870,0.8946,0.9036,0.8998,0.7143,0.3448,0.4651,0.6843
ddim,16,4,150,0.0159,800,polar8,polar,500,3000,0.9870,0.8715,0.8814,0.8772,0.6434,0.2602,0.3705,0.6259
ddim,16,4,150,0.0159,800,mlp,mlp,500,3000,0.9870,0.9149,0.9257,0.9205,0.7864,0.2539,0.3839,0.6548
ddim,16,4,150,0.0159,800,knn,knn,1000,6000,0.9873,0.6113,0.6211,0.6165,0.0909,0.0094,0.0170,0.3191
ddim,16,4,150,0.0159,800,altered_knn,altered_knn,1000,4000,0.9873,0.8140,0.8265,0.8235,0.0726,0.0408,0.0522,0.4393
ddim,16,4,150,0.0159,800,kernel,kernel,1000,6000,0.9873,0.8795,0.8938,0.8869,0.0000,0.0000,0.0000,0.4469
ddim,16,4,150,0.0159,800,linear,linear,1000,6000,0.9873,0.3898,0.3882,0.5541,0.0128,0.4859,0.0249,0.2066
ddim,16,4,150,0.0159,800,quadratic,quadratic,1000,6000,0.9873,0.9300,0.9406,0.9356,0.7928,0.2759,0.4093,0.6750
ddim,16,4,150,0.0159,800,polar2,polar,1000,6000,0.9873,0.9277,0.9353,0.9352,0.4637,0.4608,0.4623,0.6988
ddim,16,4,150,0.0159,800,polar3,polar,1000,6000,0.9873,0.9157,0.9242,0.9205,0.7826,0.3950,0.5250,0.7246
ddim,16,4,150,0.0159,800,polar8,polar,1000,6000,0.9873,0.8922,0.9020,0.8976,0.7132,0.2884,0.4107,0.6564
ddim,16,4,150,0.0159,800,mlp,mlp,1000,6000,0.9873,0.9158,0.9260,0.9214,0.7541,0.2884,0.4172,0.6716
ddim,16,8,150,0.0382,800,analytic,analytic,0,0,nan,0.9186,0.9459,0.9320,0.8894,0.2314,0.3672,0.6566
ddim,16,8,150,0.0382,800,knn,knn,125,1496,0.9840,0.4184,0.4339,0.4247,0.1068,0.0288,0.0453,0.2396
ddim,16,8,150,0.0382,800,altered_knn,altered_knn,125,1000,0.9840,0.5290,0.5267,0.6451,0.0578,0.5882,0.1052,0.3159
ddim,16,8,150,0.0382,800,kernel,kernel,125,1496,0.9840,0.0382,0.0000,0.0000,0.0382,1.0000,0.0737,0.0368
ddim,16,8,150,0.0382,800,linear,linear,125,1496,0.9840,0.2495,0.2330,0.3663,0.0336,0.6654,0.0640,0.1485
ddim,16,8,150,0.0382,800,quadratic,quadratic,125,1496,0.9840,0.7559,0.7796,0.7697,0.4212,0.1608,0.2327,0.5062
ddim,16,8,150,0.0382,800,polar2,polar,125,1496,0.9840,0.7765,0.7992,0.7887,0.6270,0.2065,0.3107,0.5549
ddim,16,8,150,0.0382,800,polar3,polar,125,1496,0.9840,0.8002,0.8231,0.8127,0.6404,0.2235,0.3314,0.5773
ddim,16,8,150,0.0382,800,polar8,polar,125,1496,0.9840,0.7257,0.7476,0.7379,0.5038,0.1752,0.2599,0.5038
ddim,16,8,150,0.0382,800,mlp,mlp,125,1496,0.9840,0.8521,0.8802,0.8663,0.7190,0.1438,0.2397,0.5599
ddim,16,8,150,0.0382,800,knn,knn,250,3000,0.9873,0.4314,0.4476,0.4378,0.1379,0.0261,0.0440,0.2458
ddim,16,8,150,0.0382,800,altered_knn,altered_knn,250,2000,0.9873,0.6890,0.7041,0.7379,0.0933,0.3072,0.1432,0.4236
ddim,16,8,150,0.0382,800,kernel,kernel,250,3000,0.9873,0.0382,0.0000,0.0000,0.0382,0.9987,0.0736,0.0368
ddim,16,8,150,0.0382,800,linear,linear,250,3000,0.9873,0.2351,0.2168,0.3495,0.0343,0.6967,0.0654,0.1411
ddim,16,8,150,0.0382,800,quadratic,quadratic,250,3000,0.9873,0.8402,0.8673,0.8537,0.7722,0.1595,0.2644,0.5658
ddim,16,8,150,0.0382,800,polar2,polar,250,3000,0.9873,0.8230,0.8473,0.8378,0.4807,0.2118,0.2940,0.5706
ddim,16,8,150,0.0382,800,polar3,polar,250,3000,0.9873,0.8269,0.8509,0.8390,0.7783,0.2248,0.3489,0.5999
ddim,16,8,150,0.0382,800,polar8,polar,250,3000,0.9873,0.7730,0.7966,0.7849,0.7340,0.1804,0.2896,0.5431
ddim,16,8,150,0.0382,800,mlp,mlp,250,3000,0.9873,0.8617,0.8895,0.8752,0.8621,0.1634,0.2747,0.5821
ddim,16,8,150,0.0382,800,knn,knn,500,6000,0.9865,0.4595,0.4769,0.4685,0.1149,0.0222,0.0372,0.2571
ddim,16,8,150,0.0382,800,altered_knn,altered_knn,500,4000,0.9865,0.7013,0.7171,0.7538,0.0882,0.3046,0.1368,0.4269
ddim,16,8,150,0.0382,800,kernel,kernel,500,6000,0.9865,0.0424,0.0053,0.0105,0.0376,0.9765,0.0724,0.0388
ddim,16,8,150,0.0382,800,linear,linear,500,6000,0.9865,0.2319,0.2135,0.3458,0.0341,0.6954,0.0650,0.1392
ddim,16,8,150,0.0382,800,quadratic,quadratic,500,6000,0.9865,0.8827,0.9112,0.8964,0.9143,0.1673,0.2829,0.5970
ddim,16,8,150,0.0382,800,polar2,polar,500,6000,0.9865,0.8783,0.9043,0.8943,0.5164,0.2261,0.3145,0.6094
ddim,16,8,150,0.0382,800,polar3,polar,500,6000,0.9865,0.8563,0.8817,0.8687,0.8925,0.2170,0.3491,0.6154
ddim,16,8,150,0.0382,800,polar8,polar,500,6000,0.9865,0.8096,0.8344,0.8221,0.8256,0.1856,0.3031,0.5688
ddim,16,8,150,0.0382,800,mlp,mlp,500,6000,0.9865,0.8641,0.8935,0.8784,0.8727,0.1255,0.2194,0.5565
ddim,16,8,150,0.0382,800,knn,knn,1000,12000,0.9865,0.4730,0.4908,0.4813,0.1481,0.0261,0.0444,0.2676
ddim,16,8,150,0.0382,800,altered_knn,altered_knn,1000,8000,0.9865,0.7253,0.7435,0.7668,0.1054,0.2667,0.1511,0.4473
ddim,16,8,150,0.0382,800,kernel,kernel,1000,12000,0.9865,0.1652,0.1354,0.2360,0.0404,0.9124,0.0774,0.1064
ddim,16,8,150,0.0382,800,linear,linear,1000,12000,0.9865,0.2260,0.2070,0.3386,0.0342,0.7046,0.0653,0.1362
ddim,16,8,150,0.0382,800,quadratic,quadratic,1000,12000,0.9865,0.8954,0.9242,0.9092,0.9496,0.1725,0.2920,0.6081
ddim,16,8,150,0.0382,800,polar2,polar,1000,12000,0.9865,0.8895,0.9157,0.9068,0.4515,0.2314,0.3060,0.6108
ddim,16,8,150,0.0382,800,polar3,polar,1000,12000,0.9865,0.8908,0.9170,0.9033,0.9725,0.2314,0.3738,0.6454
ddim,16,8,150,0.0382,800,polar8,polar,1000,12000,0.9865,0.8529,0.8788,0.8656,0.9112,0.2013,0.3298,0.6043
ddim,16,8,150,0.0382,800,mlp,mlp,1000,12000,0.9865,0.8777,0.9062,0.8915,0.8921,0.1621,0.2743,0.5902
ddim,16,16,150,0.0438,800,analytic,analytic,0,0,nan,0.8338,0.8633,0.8482,0.8608,0.1904,0.3119,0.5876
ddim,16,16,150,0.0438,800,knn,knn,125,2992,0.9863,0.3130,0.3240,0.3136,0.1166,0.0730,0.0898,0.2069
ddim,16,16,150,0.0438,800,altered_knn,altered_knn,125,2000,0.9863,0.6220,0.6444,0.6480,0.1036,0.1345,0.1171,0.3807
ddim,16,16,150,0.0438,800,kernel,kernel,125,2992,0.9863,0.0438,0.0000,0.0000,0.0439,1.0000,0.0840,0.0420
ddim,16,16,150,0.0438,800,linear,linear,125,2992,0.9863,0.1468,0.1221,0.2199,0.0348,0.6853,0.0662,0.0942
ddim,16,16,150,0.0438,800,quadratic,quadratic,125,2992,0.9863,0.7077,0.7337,0.7217,0.5103,0.1414,0.2214,0.4776
ddim,16,16,150,0.0438,800,polar2,polar,125,2992,0.9863,0.7197,0.7458,0.7332,0.6244,0.1517,0.2440,0.4949
ddim,16,16,150,0.0438,800,polar3,polar,125,2992,0.9863,0.7418,0.7667,0.7547,0.6192,0.1984,0.3005,0.5336
ddim,16,16,150,0.0438,800,polar8,polar,125,2992,0.9863,0.6610,0.6805,0.6709,0.5971,0.2349,0.3372,0.5088
ddim,16,16,150,0.0438,800,mlp,mlp,125,2992,0.9863,0.7536,0.7821,0.7679,0.7188,0.1311,0.2218,0.5020
ddim,16,16,150,0.0438,800,knn,knn,250,6000,0.9872,0.3368,0.3492,0.3383,0.1216,0.0673,0.0866,0.2179
ddim,16,16,150,0.0438,800,altered_knn,altered_knn,250,4000,0.9872,0.6495,0.6719,0.6765,0.1215,0.1619,0.1388,0.4053
ddim,16,16,150,0.0438,800,kernel,kernel,250,6000,0.9872,0.0438,0.0000,0.0000,0.0439,1.0000,0.0840,0.0420
ddim,16,16,150,0.0438,800,linear,linear,250,6000,0.9872,0.1342,0.1079,0.1999,0.0352,0.7070,0.0670,0.0875
ddim,16,16,150,0.0438,800,quadratic,quadratic,250,6000,0.9872,0.7861,0.8147,0.7998,0.7989,0.1631,0.2708,0.5428
ddim,16,16,150,0.0438,800,polar2,polar,250,6000,0.9872,0.7674,0.7933,0.7847,0.3908,0.2041,0.2682,0.5307
ddim,16,16,150,0.0438,800,polar3,polar,250,6000,0.9872,0.7695,0.7954,0.7827,0.7200,0.2052,0.3194,0.5574
ddim,16,16,150,0.0438,800,polar8,polar,250,6000,0.9872,0.7072,0.7309,0.7194,0.6364,0.1916,0.2945,0.5127
ddim,16,16,150,0.0438,800,mlp,mlp,250,6000,0.9872,0.7710,0.8007,0.7862,0.5967,0.1231,0.2042,0.5024
ddim,16,16,150,0.0438,800,knn,knn,500,12000,0.9863,0.3599,0.3739,0.3661,0.1161,0.0559,0.0754,0.2247
ddim,16,16,150,0.0438,800,altered_knn,altered_knn,500,8000,0.9863,0.6740,0.6981,0.7004,0.1264,0.1494,0.1370,0.4175
ddim,16,16,150,0.0438,800,kernel,kernel,500,12000,0.9863,0.0438,0.0000,0.0000,0.0439,1.0000,0.0840,0.0420
ddim,16,16,150,0.0438,800,linear,linear,500,12000,0.9863,0.1339,0.1077,0.1979,0.0351,0.7058,0.0669,0.0873
ddim,16,16,150,0.0438,800,quadratic,quadratic,500,12000,0.9863,0.8146,0.8448,0.8294,0.8671,0.1562,0.2647,0.5548
ddim,16,16,150,0.0438,800,polar2,polar,500,12000,0.9863,0.8015,0.8295,0.8185,0.4615,0.1916,0.2707,0.5501
ddim,16,16,150,0.0438,800,polar3,polar,500,12000,0.9863,0.7995,0.8267,0.8127,0.8465,0.2075,0.3333,0.5800
ddim,16,16,150,0.0438,800,polar8,polar,500,12000,0.9863,0.7486,0.7744,0.7620,0.6979,0.1870,0.2950,0.5347
ddim,16,16,150,0.0438,800,mlp,mlp,500,12000,0.9863,0.7903,0.8202,0.8056,0.6740,0.1391,0.2306,0.5254
ddim,16,16,150,0.0438,800,knn,knn,1000,24000,0.9871,0.3741,0.3897,0.3825,0.0777,0.0353,0.0486,0.2191
ddim,16,16,150,0.0438,800,altered_knn,altered_knn,1000,16000,0.9871,0.6869,0.7127,0.7101,0.1471,0.1243,0.1347,0.4237
ddim,16,16,150,0.0438,800,kernel,kernel,1000,24000,0.9871,0.0438,0.0000,0.0000,0.0439,1.0000,0.0840,0.0420
ddim,16,16,150,0.0438,800,linear,linear,1000,24000,0.9871,0.1337,0.1072,0.1980,0.0354,0.7115,0.0674,0.0873
ddim,16,16,150,0.0438,800,quadratic,quadratic,1000,24000,0.9871,0.8245,0.8555,0.8395,0.8725,0.1482,0.2534,0.5545
ddim,16,16,150,0.0438,800,polar2,polar,1000,24000,0.9871,0.8162,0.8452,0.8353,0.3904,0.1847,0.2508,0.5480
ddim,16,16,150,0.0438,800,polar3,polar,1000,24000,0.9871,0.8249,0.8538,0.8386,0.9144,0.1950,0.3214,0.5876
ddim,16,16,150,0.0438,800,polar8,polar,1000,24000,0.9871,0.7988,0.8266,0.8125,0.7824,0.1927,0.3092,0.5679
ddim,16,16,150,0.0438,800,mlp,mlp,1000,24000,0.9871,0.8127,0.8438,0.8280,0.7933,0.1357,0.2317,0.5378
ddim,32,2,150,0.0153,800,analytic,analytic,0,0,nan,0.9250,0.9322,0.9286,0.8712,0.4641,0.6055,0.7689
ddim,32,2,150,0.0153,800,knn,knn,125,374,0.9920,0.6916,0.7023,0.6895,0.5000,0.0033,0.0065,0.3544
ddim,32,2,150,0.0153,800,altered_knn,altered_knn,125,250,0.9920,0.7062,0.7131,0.7719,0.0246,0.2647,0.0449,0.3790
ddim,32,2,150,0.0153,800,kernel,kernel,125,374,0.9920,0.8135,0.8261,0.8190,0.0000,0.0000,0.0000,0.4131
ddim,32,2,150,0.0153,800,linear,linear,125,374,0.9920,0.6852,0.6913,0.7862,0.0175,0.2908,0.0330,0.3622
ddim,32,2,150,0.0153,800,quadratic,quadratic,125,374,0.9920,0.4729,0.4763,0.5353,0.0167,0.2549,0.0313,0.2538
ddim,32,2,150,0.0153,800,polar2,polar,125,374,0.9920,0.8438,0.8532,0.8585,0.1341,0.2418,0.1725,0.5128
ddim,32,2,150,0.0153,800,polar3,polar,125,374,0.9920,0.8671,0.8771,0.8800,0.1528,0.2222,0.1811,0.5291
ddim,32,2,150,0.0153,800,polar8,polar,125,374,0.9920,0.8724,0.8852,0.8796,0.1892,0.0458,0.0737,0.4795
ddim,32,2,150,0.0153,800,mlp,mlp,125,374,0.9920,0.9009,0.9137,0.9083,0.2824,0.0784,0.1228,0.5182
ddim,32,2,150,0.0153,800,knn,knn,250,750,0.9920,0.7045,0.7154,0.7046,0.0000,0.0000,0.0000,0.3577
ddim,32,2,150,0.0153,800,altered_knn,altered_knn,250,500,0.9920,0.5849,0.5866,0.7211,0.0194,0.4804,0.0373,0.3119
ddim,32,2,150,0.0153,800,kernel,kernel,250,750,0.9920,0.8514,0.8647,0.8576,0.0000,0.0000,0.0000,0.4323
ddim,32,2,150,0.0153,800,linear,linear,250,750,0.9920,0.6633,0.6688,0.7804,0.0159,0.3105,0.0303,0.3496
ddim,32,2,150,0.0153,800,quadratic,quadratic,250,750,0.9920,0.5089,0.5126,0.5849,0.0161,0.2712,0.0304,0.2715
ddim,32,2,150,0.0153,800,polar2,polar,250,750,0.9920,0.8655,0.8750,0.8743,0.2609,0.2549,0.2579,0.5664
ddim,32,2,150,0.0153,800,polar3,polar,250,750,0.9920,0.8812,0.8912,0.8888,0.3229,0.2353,0.2722,0.5817
ddim,32,2,150,0.0153,800,polar8,polar,250,750,0.9920,0.8729,0.8856,0.8796,0.3148,0.0556,0.0944,0.4900
ddim,32,2,150,0.0153,800,mlp,mlp,250,750,0.9920,0.9079,0.9205,0.9144,0.5962,0.1013,0.1732,0.5468
ddim,32,2,150,0.0153,800,knn,knn,500,1500,0.9900,0.7142,0.7253,0.7144,0.0000,0.0000,0.0000,0.3627
ddim,32,2,150,0.0153,800,altered_knn,altered_knn,500,1000,0.9900,0.7774,0.7864,0.8348,0.0232,0.1961,0.0416,0.4140
ddim,32,2,150,0.0153,800,kernel,kernel,500,1500,0.9900,0.8909,0.9047,0.8974,0.0000,0.0000,0.0000,0.4524
ddim,32,2,150,0.0153,800,linear,linear,500,1500,0.9900,0.6859,0.6915,0.8056,0.0170,0.3235,0.0324,0.3620
ddim,32,2,150,0.0153,800,quadratic,quadratic,500,1500,0.9900,0.7290,0.7361,0.7800,0.0335,0.2745,0.0597,0.3979
ddim,32,2,150,0.0153,800,polar2,polar,500,1500,0.9900,0.8969,0.9069,0.9025,0.6142,0.2549,0.3603,0.6336
ddim,32,2,150,0.0153,800,polar3,polar,500,1500,0.9900,0.9041,0.9153,0.9101,0.5758,0.1863,0.2815,0.5984
ddim,32,2,150,0.0153,800,polar8,polar,500,1500,0.9900,0.8954,0.9082,0.9019,0.5116,0.0719,0.1261,0.5171
ddim,32,2,150,0.0153,800,mlp,mlp,500,1500,0.9900,0.9158,0.9277,0.9219,0.7077,0.1503,0.2480,0.5879
ddim,32,2,150,0.0153,800,knn,knn,1000,3000,0.9900,0.7332,0.7446,0.7349,0.0000,0.0000,0.0000,0.3723
ddim,32,2,150,0.0153,800,altered_knn,altered_knn,1000,2000,0.9900,0.7877,0.7975,0.8430,0.0199,0.1569,0.0353,0.4164
ddim,32,2,150,0.0153,800,kernel,kernel,1000,3000,0.9900,0.9069,0.9210,0.9137,0.0000,0.0000,0.0000,0.4605
ddim,32,2,150,0.0153,800,linear,linear,1000,3000,0.9900,0.6939,0.6998,0.8173,0.0167,0.3203,0.0318,0.3658
ddim,32,2,150,0.0153,800,quadratic,quadratic,1000,3000,0.9900,0.8983,0.9095,0.9065,0.2910,0.1797,0.2222,0.5658
ddim,32,2,150,0.0153,800,polar2,polar,1000,3000,0.9900,0.9133,0.9214,0.9174,0.8462,0.3954,0.5390,0.7302
ddim,32,2,150,0.0153,800,polar3,polar,1000,3000,0.9900,0.9123,0.9214,0.9168,0.8559,0.3301,0.4764,0.6989
ddim,32,2,150,0.0153,800,polar8,polar,1000,3000,0.9900,0.8960,0.9078,0.9019,0.7679,0.1405,0.2376,0.5727
ddim,32,2,150,0.0153,800,mlp,mlp,1000,3000,0.9900,0.9174,0.9287,0.9230,0.8286,0.1895,0.3085,0.6186
ddim,32,4,150,0.0318,800,analytic,analytic,0,0,nan,0.8879,0.9084,0.8960,0.9767,0.2642,0.4158,0.6621
ddim,32,4,150,0.0318,800,knn,knn,125,748,0.9880,0.4958,0.5119,0.5039,0.1364,0.0047,0.0091,0.2605
ddim,32,4,150,0.0318,800,altered_knn,altered_knn,125,500,0.9880,0.6686,0.6894,0.6851,0.0548,0.0362,0.0436,0.3665
ddim,32,4,150,0.0318,800,kernel,kernel,125,748,0.9880,0.0318,0.0001,0.0001,0.0318,1.0000,0.0616,0.0308
ddim,32,4,150,0.0318,800,linear,linear,125,748,0.9880,0.4555,0.4560,0.6094,0.0276,0.4418,0.0519,0.2540
ddim,32,4,150,0.0318,800,quadratic,quadratic,125,748,0.9880,0.3874,0.3928,0.4341,0.0322,0.2233,0.0562,0.2245
ddim,32,4,150,0.0318,800,polar2,polar,125,748,0.9880,0.7882,0.8075,0.8004,0.3743,0.2013,0.2618,0.5346
ddim,32,4,150,0.0318,800,polar3,polar,125,748,0.9880,0.8112,0.8309,0.8247,0.3525,0.2123,0.2650,0.5479
ddim,32,4,150,0.0318,800,polar8,polar,125,748,0.9880,0.7831,0.8060,0.7953,0.3750,0.0849,0.1385,0.4722
ddim,32,4,150,0.0318,800,mlp,mlp,125,748,0.9880,0.8404,0.8646,0.8523,0.5323,0.1038,0.1737,0.5192
ddim,32,4,150,0.0318,800,knn,knn,250,1500,0.9893,0.5076,0.5242,0.5152,0.0000,0.0000,0.0000,0.2621
ddim,32,4,150,0.0318,800,altered_knn,altered_knn,250,1000,0.9893,0.7024,0.7250,0.7175,0.0356,0.0157,0.0218,0.3734
ddim,32,4,150,0.0318,800,kernel,kernel,250,1500,0.9893,0.0410,0.0105,0.0231,0.0312,0.9701,0.0605,0.0355
ddim,32,4,150,0.0318,800,linear,linear,250,1500,0.9893,0.4337,0.4313,0.5922,0.0296,0.5079,0.0559,0.2436
ddim,32,4,150,0.0318,800,quadratic,quadratic,250,1500,0.9893,0.5225,0.5319,0.5718,0.0442,0.2374,0.0745,0.3032
ddim,32,4,150,0.0318,800,polar2,polar,250,1500,0.9893,0.8119,0.8322,0.8213,0.6966,0.1950,0.3047,0.5684
ddim,32,4,150,0.0318,800,polar3,polar,250,1500,0.9893,0.8319,0.8528,0.8418,0.6649,0.1965,0.3034,0.5781
ddim,32,4,150,0.0318,800,polar8,polar,250,1500,0.9893,0.8083,0.8303,0.8187,0.6593,0.1399,0.2309,0.5306
ddim,32,4,150,0.0318,800,mlp,mlp,250,1500,0.9893,0.8486,0.8730,0.8597,0.7312,0.1069,0.1866,0.5298
ddim,32,4,150,0.0318,800,knn,knn,500,3000,0.9873,0.5234,0.5404,0.5313,0.1429,0.0031,0.0062,0.2733
ddim,32,4,150,0.0318,800,altered_knn,altered_knn,500,2000,0.9873,0.7215,0.7427,0.7450,0.0628,0.0786,0.0698,0.4062
ddim,32,4,150,0.0318,800,kernel,kernel,500,3000,0.9873,0.1455,0.1218,0.2230,0.0315,0.8695,0.0609,0.0913
ddim,32,4,150,0.0318,800,linear,linear,500,3000,0.9873,0.4255,0.4232,0.5872,0.0282,0.4969,0.0534,0.2383
ddim,32,4,150,0.0318,800,quadratic,quadratic,500,3000,0.9873,0.7545,0.7731,0.7703,0.2204,0.1871,0.2024,0.4878
ddim,32,4,150,0.0318,800,polar2,polar,500,3000,0.9873,0.8533,0.8751,0.8627,0.8768,0.1903,0.3127,0.5939
ddim,32,4,150,0.0318,800,polar3,polar,500,3000,0.9873,0.8597,0.8820,0.8695,0.9127,0.1808,0.3018,0.5919
ddim,32,4,150,0.0318,800,polar8,polar,500,3000,0.9873,0.8335,0.8577,0.8443,0.8267,0.0975,0.1744,0.5161
ddim,32,4,150,0.0318,800,mlp,mlp,500,3000,0.9873,0.8711,0.8957,0.8817,0.9059,0.1211,0.2136,0.5546
ddim,32,4,150,0.0318,800,knn,knn,1000,6000,0.9878,0.5433,0.5611,0.5504,0.0000,0.0000,0.0000,0.2806
ddim,32,4,150,0.0318,800,altered_knn,altered_knn,1000,4000,0.9878,0.7563,0.7807,0.7686,0.1216,0.0142,0.0254,0.4030
ddim,32,4,150,0.0318,800,kernel,kernel,1000,6000,0.9878,0.8172,0.8367,0.8503,0.1129,0.2264,0.1506,0.4936
ddim,32,4,150,0.0318,800,linear,linear,1000,6000,0.9878,0.4234,0.4205,0.5854,0.0288,0.5126,0.0545,0.2375
ddim,32,4,150,0.0318,800,quadratic,quadratic,1000,6000,0.9878,0.8426,0.8663,0.8539,0.6417,0.1211,0.2037,0.5350
ddim,32,4,150,0.0318,800,polar2,polar,1000,6000,0.9878,0.8800,0.9009,0.8888,0.9172,0.2437,0.3851,0.6430
ddim,32,4,150,0.0318,800,polar3,polar,1000,6000,0.9878,0.8748,0.8964,0.8838,0.9789,0.2186,0.3573,0.6269
ddim,32,4,150,0.0318,800,polar8,polar,1000,6000,0.9878,0.8597,0.8833,0.8698,0.9474,0.1415,0.2462,0.5648
ddim,32,4,150,0.0318,800,mlp,mlp,1000,6000,0.9878,0.8603,0.8855,0.8713,0.9524,0.0943,0.1717,0.5286
ddim,32,8,150,0.0269,800,analytic,analytic,0,0,nan,0.8650,0.8820,0.8739,0.8544,0.2505,0.3874,0.6347
ddim,32,8,150,0.0269,800,knn,knn,125,1496,0.9873,0.3708,0.3801,0.3752,0.0887,0.0334,0.0485,0.2143
ddim,32,8,150,0.0269,800,altered_knn,altered_knn,125,1000,0.9873,0.6034,0.6182,0.6177,0.0606,0.0686,0.0643,0.3413
ddim,32,8,150,0.0269,800,kernel,kernel,125,1496,0.9873,0.0269,0.0000,0.0000,0.0270,1.0000,0.0525,0.0262
ddim,32,8,150,0.0269,800,linear,linear,125,1496,0.9873,0.2979,0.2898,0.4386,0.0232,0.5918,0.0447,0.1673
ddim,32,8,150,0.0269,800,quadratic,quadratic,125,1496,0.9873,0.4255,0.4311,0.4669,0.0338,0.2245,0.0587,0.2449
ddim,32,8,150,0.0269,800,polar2,polar,125,1496,0.9873,0.7282,0.7428,0.7397,0.2989,0.1985,0.2386,0.4907
ddim,32,8,150,0.0269,800,polar3,polar,125,1496,0.9873,0.7578,0.7734,0.7692,0.3281,0.1948,0.2445,0.5090
ddim,32,8,150,0.0269,800,polar8,polar,125,1496,0.9873,0.7261,0.7415,0.7371,0.3206,0.1707,0.2228,0.4821
ddim,32,8,150,0.0269,800,mlp,mlp,125,1496,0.9873,0.7901,0.8088,0.8006,0.4766,0.1132,0.1829,0.4959
ddim,32,8,150,0.0269,800,knn,knn,250,3000,0.9893,0.3828,0.3930,0.3874,0.0597,0.0148,0.0238,0.2084
ddim,32,8,150,0.0269,800,altered_knn,altered_knn,250,2000,0.9893,0.6518,0.6697,0.6605,0.0441,0.0056,0.0099,0.3398
ddim,32,8,150,0.0269,800,kernel,kernel,250,3000,0.9893,0.0269,0.0000,0.0000,0.0270,1.0000,0.0525,0.0262
ddim,32,8,150,0.0269,800,linear,linear,250,3000,0.9893,0.2783,0.2690,0.4165,0.0231,0.6141,0.0446,0.1568
ddim,32,8,150,0.0269,800,quadratic,quadratic,250,3000,0.9893,0.5865,0.5981,0.6094,0.0689,0.1688,0.0978,0.3480
ddim,32,8,150,0.0269,800,polar2,polar,250,3000,0.9893,0.7623,0.7783,0.7724,0.4317,0.1818,0.2559,0.5171
ddim,32,8,150,0.0269,800,polar3,polar,250,3000,0.9893,0.7739,0.7902,0.7845,0.4480,0.1837,0.2605,0.5254
ddim,32,8,150,0.0269,800,polar8,polar,250,3000,0.9893,0.7491,0.7663,0.7594,0.4035,0.1280,0.1944,0.4803
ddim,32,8,150,0.0269,800,mlp,mlp,250,3000,0.9893,0.8122,0.8315,0.8228,0.6176,0.1169,0.1966,0.5140
ddim,32,8,150,0.0269,800,knn,knn,500,6000,0.9880,0.3944,0.4051,0.3990,0.0698,0.0111,0.0192,0.2121
ddim,32,8,150,0.0269,800,altered_knn,altered_knn,500,4000,0.9880,0.6262,0.6357,0.6851,0.0455,0.2820,0.0783,0.3570
ddim,32,8,150,0.0269,800,kernel,kernel,500,6000,0.9880,0.0269,0.0000,0.0000,0.0270,1.0000,0.0525,0.0262
ddim,32,8,150,0.0269,800,linear,linear,500,6000,0.9880,0.2755,0.2656,0.4178,0.0236,0.6345,0.0456,0.1556
ddim,32,8,150,0.0269,800,quadratic,quadratic,500,6000,0.9880,0.7209,0.7368,0.7314,0.2762,0.1466,0.1915,0.4642
ddim,32,8,150,0.0269,800,polar2,polar,500,6000,0.9880,0.7965,0.8125,0.8071,0.4701,0.2189,0.2987,0.5556
ddim,32,8,150,0.0269,800,polar3,polar,500,6000,0.9880,0.7968,0.8134,0.8059,0.6625,0.1967,0.3033,0.5584
ddim,32,8,150,0.0269,800,polar8,polar,500,6000,0.9880,0.7764,0.7934,0.7861,0.6397,0.1614,0.2578,0.5256
ddim,32,8,150,0.0269,800,mlp,mlp,500,6000,0.9880,0.8015,0.8215,0.8117,0.7049,0.0798,0.1433,0.4824
ddim,32,8,150,0.0269,800,knn,knn,1000,12000,0.9883,0.4180,0.4293,0.4231,0.0652,0.0111,0.0190,0.2242
ddim,32,8,150,0.0269,800,altered_knn,altered_knn,1000,8000,0.9883,0.7044,0.7229,0.7166,0.0870,0.0371,0.0520,0.3874
ddim,32,8,150,0.0269,800,kernel,kernel,1000,12000,0.9883,0.0269,0.0000,0.0000,0.0270,1.0000,0.0525,0.0262
ddim,32,8,150,0.0269,800,linear,linear,1000,12000,0.9883,0.2770,0.2674,0.4199,0.0233,0.6252,0.0449,0.1561
ddim,32,8,150,0.0269,800,quadratic,quadratic,1000,12000,0.9883,0.8036,0.8225,0.8135,0.5702,0.1206,0.1991,0.5108
ddim,32,8,150,0.0269,800,polar2,polar,1000,12000,0.9883,0.8329,0.8486,0.8453,0.3836,0.2690,0.3162,0.5824
ddim,32,8,150,0.0269,800,polar3,polar,1000,12000,0.9883,0.8339,0.8503,0.8428,0.7360,0.2430,0.3654,0.6078
ddim,32,8,150,0.0269,800,polar8,polar,1000,12000,0.9883,0.8062,0.8241,0.8156,0.7073,0.1614,0.2628,0.5435
ddim,32,8,150,0.0269,800,mlp,mlp,1000,12000,0.9883,0.8228,0.8430,0.8334,0.6329,0.0928,0.1618,0.5024
ddim,32,16,150,0.0375,800,analytic,analytic,0,0,nan,0.8715,0.8971,0.8839,0.9415,0.2150,0.3500,0.6235
ddim,32,16,150,0.0375,800,knn,knn,125,2992,0.9870,0.2703,0.2795,0.2728,0.0709,0.0360,0.0478,0.1636
ddim,32,16,150,0.0375,800,altered_knn,altered_knn,125,2000,0.9870,0.5442,0.5559,0.5843,0.0703,0.2443,0.1092,0.3325
ddim,32,16,150,0.0375,800,kernel,kernel,125,2992,0.9870,0.0375,0.0000,0.0000,0.0374,1.0000,0.0722,0.0361
ddim,32,16,150,0.0375,800,linear,linear,125,2992,0.9870,0.2053,0.1862,0.3116,0.0327,0.6969,0.0625,0.1244
ddim,32,16,150,0.0375,800,quadratic,quadratic,125,2992,0.9870,0.4854,0.4961,0.5158,0.0719,0.2109,0.1073,0.3017
ddim,32,16,150,0.0375,800,polar2,polar,125,2992,0.9870,0.6921,0.7144,0.7036,0.5028,0.1215,0.1957,0.4550
ddim,32,16,150,0.0375,800,polar3,polar,125,2992,0.9870,0.7398,0.7615,0.7519,0.4893,0.1829,0.2663,0.5139
ddim,32,16,150,0.0375,800,polar8,polar,125,2992,0.9870,0.6736,0.6915,0.6843,0.4492,0.2123,0.2883,0.4899
ddim,32,16,150,0.0375,800,mlp,mlp,125,2992,0.9870,0.7624,0.7872,0.7746,0.7015,0.1255,0.2129,0.5000
ddim,32,16,150,0.0375,800,knn,knn,250,6000,0.9880,0.2855,0.2956,0.2888,0.0590,0.0254,0.0355,0.1656
ddim,32,16,150,0.0375,800,altered_knn,altered_knn,250,4000,0.9880,0.5954,0.6138,0.6175,0.0921,0.1228,0.1053,0.3595
ddim,32,16,150,0.0375,800,kernel,kernel,250,6000,0.9880,0.0375,0.0000,0.0000,0.0374,1.0000,0.0722,0.0361
ddim,32,16,150,0.0375,800,linear,linear,250,6000,0.9880,0.1983,0.1778,0.3015,0.0335,0.7263,0.0640,0.1209
ddim,32,16,150,0.0375,800,quadratic,quadratic,250,6000,0.9880,0.6179,0.6359,0.6333,0.1986,0.1549,0.1740,0.4050
ddim,32,16,150,0.0375,800,polar2,polar,250,6000,0.9880,0.7296,0.7508,0.7397,0.6884,0.1829,0.2890,0.5199
ddim,32,16,150,0.0375,800,polar3,polar,250,6000,0.9880,0.7751,0.7977,0.7866,0.6776,0.1936,0.3011,0.5494
ddim,32,16,150,0.0375,800,polar8,polar,250,6000,0.9880,0.7171,0.7375,0.7272,0.7005,0.1936,0.3033,0.5204
ddim,32,16,150,0.0375,800,mlp,mlp,250,6000,0.9880,0.7738,0.7999,0.7866,0.8191,0.1028,0.1827,0.4913
ddim,32,16,150,0.0375,800,knn,knn,500,12000,0.9887,0.2971,0.3079,0.2993,0.0704,0.0187,0.0295,0.1687
ddim,32,16,150,0.0375,800,altered_knn,altered_knn,500,8000,0.9887,0.6294,0.6507,0.6504,0.0808,0.0814,0.0811,0.3659
ddim,32,16,150,0.0375,800,kernel,kernel,500,12000,0.9887,0.0375,0.0000,0.0000,0.0374,1.0000,0.0722,0.0361
ddim,32,16,150,0.0375,800,linear,linear,500,12000,0.9887,0.1957,0.1754,0.2995,0.0330,0.7183,0.0630,0.1192
ddim,32,16,150,0.0375,800,quadratic,quadratic,500,12000,0.9887,0.7141,0.7371,0.7262,0.4510,0.1228,0.1931,0.4651
ddim,32,16,150,0.0375,800,polar2,polar,500,12000,0.9887,0.7875,0.8099,0.8007,0.4847,0.2109,0.2940,0.5519
ddim,32,16,150,0.0375,800,polar3,polar,500,12000,0.9887,0.7998,0.8234,0.8110,0.8841,0.1936,0.3176,0.5705
ddim,32,16,150,0.0375,800,polar8,polar,500,12000,0.9887,0.7545,0.7770,0.7650,0.7952,0.1762,0.2885,0.5328
ddim,32,16,150,0.0375,800,mlp,mlp,500,12000,0.9887,0.7733,0.8004,0.7862,0.7838,0.0774,0.1409,0.4707
ddim,32,16,150,0.0375,800,knn,knn,1000,24000,0.9889,0.3162,0.3277,0.3197,0.1056,0.0227,0.0374,0.1825
ddim,32,16,150,0.0375,800,altered_knn,altered_knn,1000,16000,0.9889,0.6553,0.6747,0.6823,0.0984,0.1575,0.1211,0.3979
ddim,32,16,150,0.0375,800,kernel,kernel,1000,24000,0.9889,0.0375,0.0000,0.0000,0.0374,1.0000,0.0722,0.0361
ddim,32,16,150,0.0375,800,linear,linear,1000,24000,0.9889,0.1883,0.1674,0.2879,0.0330,0.7276,0.0632,0.1153
ddim,32,16,150,0.0375,800,quadratic,quadratic,1000,24000,0.9889,0.8111,0.8374,0.8235,0.8374,0.1375,0.2362,0.5368
ddim,32,16,150,0.0375,800,polar2,polar,1000,24000,0.9889,0.8211,0.8444,0.8371,0.3952,0.2216,0.2840,0.5642
ddim,32,16,150,0.0375,800,polar3,polar,1000,24000,0.9889,0.8384,0.8620,0.8494,0.9206,0.2323,0.3710,0.6165
ddim,32,16,150,0.0375,800,polar8,polar,1000,24000,0.9889,0.7964,0.8200,0.8074,0.8720,0.1909,0.3133,0.5666
ddim,32,16,150,0.0375,800,mlp,mlp,1000,24000,0.9889,0.8081,0.8357,0.8216,0.7957,0.0988,0.1758,0.5057
