sampler,d,K,n_seeds,hall_gt,hall_gt_std,model,arch,n_per_mode,n_anchors,full_acc,full_acc_std,mode_acc,mode_acc_std,mode_f1,mode_f1_std,hall_prec,hall_prec_std,hall_rec,hall_rec_std,hall_f1,hall_f1_std,balanced,balanced_std
ddim,2,2,3,0.0097,0.0005,knn,knn,2000,6000,0.9795,0.0037,0.9816,0.0038,0.9890,0.0019,0.3081,0.0324,0.7663,0.0301,0.4382,0.0322,0.7099,0.0178
ddim,2,2,3,0.0097,0.0005,altered_knn,altered_knn,2000,4000,0.9602,0.0093,0.9666,0.0102,0.9790,0.0043,0.0888,0.0148,0.3060,0.0869,0.1334,0.0158,0.5500,0.0098
ddim,2,2,3,0.0097,0.0005,quadratic,quadratic,2000,6000,0.9814,0.0050,0.9851,0.0051,0.9890,0.0026,0.3561,0.0722,0.6040,0.0214,0.4420,0.0564,0.7135,0.0308
ddim,2,2,3,0.0097,0.0005,polar3,polar,2000,6000,0.9894,0.0043,0.9907,0.0044,0.9945,0.0022,0.5096,0.1066,0.8571,0.0258,0.6317,0.0839,0.8112,0.0441
ddim,2,2,3,0.0097,0.0005,knn,knn,5000,15000,0.9857,0.0034,0.9873,0.0035,0.9926,0.0017,0.4029,0.0486,0.8197,0.0254,0.5379,0.0430,0.7626,0.0232
ddim,2,2,3,0.0097,0.0005,altered_knn,altered_knn,5000,10000,0.9701,0.0063,0.9766,0.0068,0.9846,0.0031,0.1214,0.0351,0.2982,0.0254,0.1678,0.0288,0.5722,0.0178
ddim,2,2,3,0.0097,0.0005,quadratic,quadratic,5000,15000,0.9806,0.0036,0.9843,0.0036,0.9881,0.0017,0.3540,0.0655,0.5971,0.0231,0.4393,0.0499,0.7118,0.0267
ddim,2,2,3,0.0097,0.0005,polar3,polar,5000,15000,0.9896,0.0041,0.9910,0.0042,0.9946,0.0021,0.5175,0.1047,0.8464,0.0234,0.6355,0.0831,0.8133,0.0436
ddim,2,2,3,0.0097,0.0005,knn,knn,10000,30000,0.9883,0.0038,0.9898,0.0039,0.9939,0.0019,0.4684,0.0754,0.8331,0.0350,0.5948,0.0617,0.7923,0.0328
ddim,2,2,3,0.0097,0.0005,altered_knn,altered_knn,10000,20000,0.9793,0.0033,0.9862,0.0038,0.9894,0.0016,0.1608,0.0007,0.2642,0.0708,0.1964,0.0217,0.5913,0.0090
ddim,2,2,3,0.0097,0.0005,quadratic,quadratic,10000,30000,0.9805,0.0033,0.9842,0.0034,0.9880,0.0013,0.3545,0.0663,0.5984,0.0214,0.4400,0.0507,0.7121,0.0270
ddim,2,2,3,0.0097,0.0005,polar3,polar,10000,30000,0.9898,0.0041,0.9912,0.0042,0.9946,0.0021,0.5236,0.1062,0.8447,0.0266,0.6393,0.0837,0.8152,0.0439
ddim,2,2,3,0.0097,0.0005,knn,knn,15000,45000,0.9892,0.0037,0.9907,0.0039,0.9944,0.0019,0.4950,0.0844,0.8376,0.0329,0.6168,0.0672,0.8037,0.0355
ddim,2,2,3,0.0097,0.0005,altered_knn,altered_knn,15000,30000,0.9802,0.0040,0.9870,0.0042,0.9900,0.0020,0.1861,0.0362,0.2833,0.0492,0.2201,0.0295,0.6036,0.0157
ddim,2,2,3,0.0097,0.0005,quadratic,quadratic,15000,45000,0.9808,0.0040,0.9845,0.0040,0.9884,0.0020,0.3547,0.0665,0.5998,0.0218,0.4405,0.0509,0.7125,0.0274
ddim,2,2,3,0.0097,0.0005,polar3,polar,15000,45000,0.9898,0.0041,0.9913,0.0041,0.9947,0.0020,0.5263,0.1063,0.8440,0.0269,0.6412,0.0838,0.8162,0.0440
ddim,2,2,3,0.0097,0.0005,knn,knn,20000,60000,0.9897,0.0039,0.9912,0.0039,0.9947,0.0019,0.5134,0.0944,0.8379,0.0387,0.6305,0.0753,0.8109,0.0396
ddim,2,2,3,0.0097,0.0005,altered_knn,altered_knn,20000,40000,0.9857,0.0027,0.9932,0.0029,0.9927,0.0013,0.2732,0.0724,0.2237,0.0635,0.2337,0.0383,0.6134,0.0188
ddim,2,2,3,0.0097,0.0005,quadratic,quadratic,20000,60000,0.9813,0.0040,0.9850,0.0041,0.9887,0.0020,0.3566,0.0666,0.5988,0.0226,0.4417,0.0505,0.7133,0.0272
ddim,2,2,3,0.0097,0.0005,polar3,polar,20000,60000,0.9898,0.0041,0.9913,0.0042,0.9947,0.0020,0.5273,0.1070,0.8433,0.0264,0.6416,0.0840,0.8164,0.0441
ddim,2,4,3,0.0109,0.0001,knn,knn,2000,12000,0.9165,0.0080,0.9223,0.0088,0.9291,0.0085,0.1493,0.0206,0.3921,0.0861,0.2159,0.0343,0.5691,0.0142
ddim,2,4,3,0.0109,0.0001,altered_knn,altered_knn,2000,8000,0.9057,0.0111,0.9143,0.0117,0.9238,0.0115,0.0380,0.0131,0.1297,0.0625,0.0586,0.0220,0.4865,0.0059
ddim,2,4,3,0.0109,0.0001,quadratic,quadratic,2000,12000,0.9069,0.0244,0.9123,0.0254,0.9199,0.0186,0.1952,0.0685,0.4139,0.0795,0.2500,0.0519,0.5811,0.0386
ddim,2,4,3,0.0109,0.0001,polar3,polar,2000,12000,0.9206,0.0082,0.9260,0.0088,0.9312,0.0084,0.1914,0.0165,0.4282,0.0674,0.2640,0.0271,0.5950,0.0113
ddim,2,4,3,0.0109,0.0001,knn,knn,5000,30000,0.9203,0.0073,0.9262,0.0081,0.9303,0.0078,0.1909,0.0265,0.3843,0.0943,0.2544,0.0437,0.5903,0.0193
ddim,2,4,3,0.0109,0.0001,altered_knn,altered_knn,5000,20000,0.9136,0.0090,0.9226,0.0098,0.9277,0.0091,0.0385,0.0254,0.0966,0.0763,0.0549,0.0384,0.4887,0.0151
ddim,2,4,3,0.0109,0.0001,quadratic,quadratic,5000,30000,0.9078,0.0236,0.9133,0.0247,0.9208,0.0183,0.1934,0.0679,0.4125,0.0814,0.2484,0.0498,0.5808,0.0370
ddim,2,4,3,0.0109,0.0001,polar3,polar,5000,30000,0.9208,0.0082,0.9263,0.0088,0.9314,0.0086,0.1902,0.0170,0.4217,0.0693,0.2618,0.0289,0.5940,0.0118
ddim,2,4,3,0.0109,0.0001,knn,knn,10000,60000,0.9225,0.0072,0.9285,0.0079,0.9308,0.0076,0.2363,0.0238,0.3843,0.0852,0.2915,0.0415,0.6100,0.0186
ddim,2,4,3,0.0109,0.0001,altered_knn,altered_knn,10000,40000,0.9187,0.0081,0.9281,0.0087,0.9290,0.0081,0.0382,0.0310,0.0655,0.0679,0.0474,0.0434,0.4878,0.0180
ddim,2,4,3,0.0109,0.0001,quadratic,quadratic,10000,60000,0.9079,0.0233,0.9134,0.0243,0.9206,0.0180,0.1969,0.0680,0.4137,0.0809,0.2516,0.0497,0.5825,0.0369
ddim,2,4,3,0.0109,0.0001,polar3,polar,10000,60000,0.9208,0.0084,0.9262,0.0091,0.9314,0.0089,0.1905,0.0165,0.4242,0.0752,0.2625,0.0297,0.5944,0.0119
ddim,2,4,3,0.0109,0.0001,knn,knn,15000,90000,0.9235,0.0072,0.9294,0.0078,0.9309,0.0075,0.2662,0.0216,0.3866,0.0826,0.3137,0.0403,0.6215,0.0181
ddim,2,4,3,0.0109,0.0001,altered_knn,altered_knn,15000,60000,0.9207,0.0063,0.9304,0.0065,0.9297,0.0073,0.0435,0.0403,0.0427,0.0383,0.0431,0.0393,0.4868,0.0174
ddim,2,4,3,0.0109,0.0001,quadratic,quadratic,15000,90000,0.9076,0.0229,0.9131,0.0239,0.9202,0.0177,0.1976,0.0679,0.4135,0.0796,0.2523,0.0495,0.5827,0.0366
ddim,2,4,3,0.0109,0.0001,polar3,polar,15000,90000,0.9208,0.0084,0.9263,0.0091,0.9314,0.0088,0.1922,0.0178,0.4271,0.0779,0.2646,0.0314,0.5955,0.0128
ddim,2,4,3,0.0109,0.0001,knn,knn,20000,120000,0.9241,0.0070,0.9300,0.0076,0.9311,0.0074,0.2863,0.0206,0.3882,0.0774,0.3281,0.0394,0.6290,0.0177
ddim,2,4,3,0.0109,0.0001,altered_knn,altered_knn,20000,80000,0.9193,0.0079,0.9288,0.0084,0.9293,0.0078,0.0404,0.0335,0.0609,0.0610,0.0481,0.0438,0.4885,0.0187
ddim,2,4,3,0.0109,0.0001,quadratic,quadratic,20000,120000,0.9082,0.0222,0.9137,0.0232,0.9207,0.0171,0.1995,0.0681,0.4138,0.0800,0.2541,0.0493,0.5839,0.0362
ddim,2,4,3,0.0109,0.0001,polar3,polar,20000,120000,0.9210,0.0085,0.9264,0.0092,0.9314,0.0089,0.1942,0.0172,0.4281,0.0776,0.2666,0.0306,0.5965,0.0127
ddim,2,8,3,0.0112,0.0005,knn,knn,2000,24000,0.9567,0.0041,0.9620,0.0036,0.9713,0.0037,0.1829,0.0083,0.4939,0.0319,0.2669,0.0130,0.6144,0.0083
ddim,2,8,3,0.0112,0.0005,altered_knn,altered_knn,2000,16000,0.9457,0.0015,0.9533,0.0016,0.9654,0.0019,0.0851,0.0059,0.2753,0.0570,0.1294,0.0120,0.5414,0.0052
ddim,2,8,3,0.0112,0.0005,quadratic,quadratic,2000,24000,0.8263,0.0037,0.8293,0.0037,0.8907,0.0033,0.0425,0.0021,0.5613,0.0074,0.0791,0.0036,0.4542,0.0006
ddim,2,8,3,0.0112,0.0005,polar3,polar,2000,24000,0.9618,0.0033,0.9666,0.0027,0.9755,0.0029,0.2068,0.0111,0.5371,0.0463,0.2984,0.0184,0.6325,0.0105
ddim,2,8,3,0.0112,0.0005,knn,knn,5000,60000,0.9630,0.0047,0.9689,0.0041,0.9744,0.0044,0.2231,0.0119,0.4480,0.0423,0.2977,0.0197,0.6333,0.0119
ddim,2,8,3,0.0112,0.0005,altered_knn,altered_knn,5000,40000,0.9553,0.0027,0.9635,0.0021,0.9706,0.0032,0.0994,0.0073,0.2301,0.0561,0.1380,0.0167,0.5508,0.0085
ddim,2,8,3,0.0112,0.0005,quadratic,quadratic,5000,60000,0.8230,0.0035,0.8260,0.0035,0.8884,0.0035,0.0419,0.0023,0.5621,0.0092,0.0779,0.0041,0.4520,0.0005
ddim,2,8,3,0.0112,0.0005,polar3,polar,5000,60000,0.9619,0.0037,0.9668,0.0032,0.9755,0.0033,0.2084,0.0092,0.5347,0.0396,0.2998,0.0151,0.6333,0.0091
ddim,2,8,3,0.0112,0.0005,knn,knn,10000,120000,0.9657,0.0048,0.9720,0.0042,0.9753,0.0046,0.2584,0.0116,0.4125,0.0410,0.3175,0.0211,0.6447,0.0124
ddim,2,8,3,0.0112,0.0005,altered_knn,altered_knn,10000,80000,0.9591,0.0056,0.9681,0.0060,0.9724,0.0044,0.0957,0.0091,0.1687,0.0582,0.1184,0.0147,0.5433,0.0081
ddim,2,8,3,0.0112,0.0005,quadratic,quadratic,10000,120000,0.8247,0.0045,0.8277,0.0045,0.8897,0.0041,0.0422,0.0020,0.5627,0.0094,0.0785,0.0035,0.4531,0.0007
ddim,2,8,3,0.0112,0.0005,polar3,polar,10000,120000,0.9624,0.0033,0.9671,0.0028,0.9758,0.0030,0.2133,0.0079,0.5462,0.0383,0.3067,0.0142,0.6369,0.0085
ddim,2,8,3,0.0112,0.0005,knn,knn,15000,180000,0.9667,0.0047,0.9732,0.0042,0.9755,0.0045,0.2830,0.0101,0.3968,0.0389,0.3301,0.0206,0.6517,0.0120
ddim,2,8,3,0.0112,0.0005,altered_knn,altered_knn,15000,120000,0.9629,0.0061,0.9726,0.0062,0.9734,0.0045,0.0956,0.0081,0.1051,0.0326,0.0966,0.0137,0.5346,0.0053
ddim,2,8,3,0.0112,0.0005,quadratic,quadratic,15000,180000,0.8255,0.0049,0.8285,0.0049,0.8901,0.0043,0.0424,0.0019,0.5620,0.0093,0.0788,0.0033,0.4536,0.0009
ddim,2,8,3,0.0112,0.0005,polar3,polar,15000,180000,0.9624,0.0033,0.9672,0.0026,0.9758,0.0030,0.2120,0.0091,0.5423,0.0454,0.3047,0.0162,0.6359,0.0094
ddim,2,8,3,0.0112,0.0005,knn,knn,20000,240000,0.9674,0.0047,0.9740,0.0042,0.9756,0.0045,0.3026,0.0111,0.3882,0.0368,0.3398,0.0213,0.6569,0.0122
ddim,2,8,3,0.0112,0.0005,altered_knn,altered_knn,20000,160000,0.9646,0.0065,0.9747,0.0064,0.9738,0.0047,0.0992,0.0104,0.0758,0.0251,0.0822,0.0103,0.5285,0.0031
ddim,2,8,3,0.0112,0.0005,quadratic,quadratic,20000,240000,0.8321,0.0046,0.8352,0.0046,0.8947,0.0040,0.0434,0.0019,0.5551,0.0089,0.0806,0.0033,0.4579,0.0008
ddim,2,8,3,0.0112,0.0005,polar3,polar,20000,240000,0.9632,0.0033,0.9681,0.0026,0.9762,0.0031,0.2148,0.0081,0.5279,0.0525,0.3051,0.0171,0.6366,0.0098
ddim,4,2,3,0.0095,0.0005,knn,knn,2000,6000,0.9170,0.0022,0.9212,0.0022,0.9222,0.0026,0.3911,0.0243,0.4749,0.0262,0.4278,0.0114,0.6745,0.0065
ddim,4,2,3,0.0095,0.0005,altered_knn,altered_knn,2000,4000,0.8889,0.0398,0.8954,0.0416,0.9281,0.0153,0.0261,0.0035,0.2105,0.1446,0.0435,0.0034,0.4695,0.0200
ddim,4,2,3,0.0095,0.0005,quadratic,quadratic,2000,6000,0.9789,0.0051,0.9814,0.0053,0.9852,0.0036,0.4115,0.0593,0.7158,0.0285,0.5188,0.0445,0.7501,0.0244
ddim,4,2,3,0.0095,0.0005,polar3,polar,2000,6000,0.9855,0.0035,0.9865,0.0035,0.9919,0.0018,0.4230,0.0556,0.8766,0.0060,0.5684,0.0518,0.7775,0.0277
ddim,4,2,3,0.0095,0.0005,knn,knn,5000,15000,0.9320,0.0028,0.9357,0.0028,0.9369,0.0032,0.4366,0.0331,0.5505,0.0258,0.4859,0.0206,0.7108,0.0109
ddim,4,2,3,0.0095,0.0005,altered_knn,altered_knn,5000,10000,0.8410,0.0240,0.8451,0.0247,0.9108,0.0132,0.0259,0.0028,0.4105,0.0488,0.0486,0.0047,0.4469,0.0138
ddim,4,2,3,0.0095,0.0005,quadratic,quadratic,5000,15000,0.9803,0.0039,0.9829,0.0040,0.9864,0.0026,0.4193,0.0507,0.7137,0.0285,0.5253,0.0359,0.7541,0.0195
ddim,4,2,3,0.0095,0.0005,polar3,polar,5000,15000,0.9854,0.0035,0.9865,0.0035,0.9919,0.0018,0.4198,0.0546,0.8735,0.0081,0.5648,0.0508,0.7756,0.0272
ddim,4,2,3,0.0095,0.0005,knn,knn,10000,30000,0.9422,0.0007,0.9455,0.0006,0.9468,0.0012,0.4632,0.0226,0.5895,0.0316,0.5175,0.0048,0.7315,0.0025
ddim,4,2,3,0.0095,0.0005,altered_knn,altered_knn,10000,20000,0.8579,0.0287,0.8627,0.0297,0.9205,0.0150,0.0263,0.0029,0.3656,0.0708,0.0488,0.0047,0.4558,0.0166
ddim,4,2,3,0.0095,0.0005,quadratic,quadratic,10000,30000,0.9815,0.0031,0.9840,0.0032,0.9875,0.0018,0.4207,0.0453,0.7131,0.0274,0.5266,0.0307,0.7553,0.0169
ddim,4,2,3,0.0095,0.0005,polar3,polar,10000,30000,0.9853,0.0036,0.9864,0.0035,0.9918,0.0018,0.4184,0.0550,0.8760,0.0060,0.5641,0.0520,0.7752,0.0278
ddim,4,2,3,0.0095,0.0005,knn,knn,15000,45000,0.9480,0.0010,0.9512,0.0012,0.9529,0.0004,0.4542,0.0240,0.6160,0.0316,0.5216,0.0092,0.7364,0.0049
ddim,4,2,3,0.0095,0.0005,altered_knn,altered_knn,15000,30000,0.9149,0.0191,0.9216,0.0200,0.9479,0.0070,0.0312,0.0009,0.2087,0.0812,0.0533,0.0019,0.4875,0.0093
ddim,4,2,3,0.0095,0.0005,quadratic,quadratic,15000,45000,0.9814,0.0030,0.9840,0.0032,0.9875,0.0018,0.4188,0.0430,0.7142,0.0283,0.5255,0.0284,0.7547,0.0157
ddim,4,2,3,0.0095,0.0005,polar3,polar,15000,45000,0.9853,0.0035,0.9864,0.0035,0.9918,0.0018,0.4178,0.0542,0.8775,0.0060,0.5640,0.0515,0.7752,0.0275
ddim,4,2,3,0.0095,0.0005,knn,knn,20000,60000,0.9518,0.0012,0.9549,0.0013,0.9566,0.0007,0.4661,0.0257,0.6341,0.0350,0.5357,0.0058,0.7453,0.0034
ddim,4,2,3,0.0095,0.0005,altered_knn,altered_knn,20000,40000,0.9091,0.0311,0.9157,0.0323,0.9453,0.0137,0.0297,0.0013,0.2209,0.1160,0.0510,0.0037,0.4833,0.0146
ddim,4,2,3,0.0095,0.0005,quadratic,quadratic,20000,60000,0.9816,0.0030,0.9841,0.0031,0.9876,0.0017,0.4194,0.0441,0.7129,0.0278,0.5255,0.0293,0.7548,0.0162
ddim,4,2,3,0.0095,0.0005,polar3,polar,20000,60000,0.9852,0.0035,0.9863,0.0035,0.9918,0.0018,0.4161,0.0537,0.8751,0.0069,0.5619,0.0512,0.7741,0.0273
ddim,4,4,3,0.0108,0.0003,knn,knn,2000,12000,0.8377,0.0109,0.8419,0.0111,0.8460,0.0135,0.1782,0.0191,0.4557,0.0142,0.2559,0.0221,0.5489,0.0061
ddim,4,4,3,0.0108,0.0003,altered_knn,altered_knn,2000,8000,0.8094,0.0174,0.8146,0.0191,0.8640,0.0058,0.0277,0.0018,0.3371,0.1253,0.0501,0.0011,0.4324,0.0098
ddim,4,4,3,0.0108,0.0003,quadratic,quadratic,2000,12000,0.9137,0.0314,0.9172,0.0319,0.9207,0.0310,0.2879,0.0523,0.5922,0.0252,0.3831,0.0440,0.6501,0.0376
ddim,4,4,3,0.0108,0.0003,polar3,polar,2000,12000,0.9240,0.0203,0.9271,0.0206,0.9301,0.0207,0.3160,0.0209,0.6353,0.0271,0.4210,0.0141,0.6741,0.0174
ddim,4,4,3,0.0108,0.0003,knn,knn,5000,30000,0.8650,0.0138,0.8691,0.0142,0.8718,0.0159,0.2136,0.0122,0.4911,0.0264,0.2977,0.0167,0.5834,0.0032
ddim,4,4,3,0.0108,0.0003,altered_knn,altered_knn,5000,20000,0.8433,0.0421,0.8498,0.0446,0.8799,0.0177,0.0340,0.0043,0.2482,0.1926,0.0543,0.0031,0.4521,0.0231
ddim,4,4,3,0.0108,0.0003,quadratic,quadratic,5000,30000,0.9128,0.0321,0.9163,0.0326,0.9195,0.0319,0.2932,0.0518,0.5891,0.0279,0.3871,0.0423,0.6517,0.0373
ddim,4,4,3,0.0108,0.0003,polar3,polar,5000,30000,0.9248,0.0199,0.9280,0.0202,0.9307,0.0202,0.3275,0.0237,0.6314,0.0255,0.4300,0.0154,0.6790,0.0177
ddim,4,4,3,0.0108,0.0003,knn,knn,10000,60000,0.8831,0.0135,0.8871,0.0138,0.8895,0.0156,0.2399,0.0146,0.5150,0.0288,0.3273,0.0193,0.6072,0.0040
ddim,4,4,3,0.0108,0.0003,altered_knn,altered_knn,10000,40000,0.8813,0.0137,0.8894,0.0136,0.8989,0.0176,0.0389,0.0039,0.1370,0.0072,0.0604,0.0041,0.4749,0.0051
ddim,4,4,3,0.0108,0.0003,quadratic,quadratic,10000,60000,0.9148,0.0312,0.9183,0.0317,0.9213,0.0313,0.2994,0.0481,0.5904,0.0299,0.3933,0.0378,0.6558,0.0346
ddim,4,4,3,0.0108,0.0003,polar3,polar,10000,60000,0.9251,0.0194,0.9283,0.0197,0.9310,0.0198,0.3259,0.0207,0.6300,0.0270,0.4285,0.0122,0.6784,0.0158
ddim,4,4,3,0.0108,0.0003,knn,knn,15000,90000,0.8910,0.0140,0.8950,0.0143,0.8976,0.0162,0.2438,0.0178,0.5226,0.0297,0.3325,0.0225,0.6137,0.0054
ddim,4,4,3,0.0108,0.0003,altered_knn,altered_knn,15000,60000,0.8832,0.0166,0.8914,0.0170,0.9008,0.0182,0.0431,0.0058,0.1375,0.0903,0.0589,0.0030,0.4751,0.0071
ddim,4,4,3,0.0108,0.0003,quadratic,quadratic,15000,90000,0.9148,0.0315,0.9183,0.0320,0.9212,0.0317,0.2996,0.0469,0.5903,0.0292,0.3937,0.0369,0.6560,0.0344
ddim,4,4,3,0.0108,0.0003,polar3,polar,15000,90000,0.9253,0.0196,0.9285,0.0199,0.9312,0.0201,0.3268,0.0178,0.6302,0.0266,0.4295,0.0098,0.6790,0.0147
ddim,4,4,3,0.0108,0.0003,knn,knn,20000,120000,0.8967,0.0136,0.9006,0.0140,0.9030,0.0158,0.2555,0.0181,0.5340,0.0277,0.3456,0.0222,0.6231,0.0043
ddim,4,4,3,0.0108,0.0003,altered_knn,altered_knn,20000,80000,0.8736,0.0195,0.8810,0.0209,0.8986,0.0157,0.0404,0.0066,0.1968,0.1477,0.0594,0.0040,0.4702,0.0086
ddim,4,4,3,0.0108,0.0003,quadratic,quadratic,20000,120000,0.9158,0.0307,0.9193,0.0312,0.9222,0.0308,0.3009,0.0472,0.5906,0.0281,0.3949,0.0374,0.6571,0.0342
ddim,4,4,3,0.0108,0.0003,polar3,polar,20000,120000,0.9254,0.0194,0.9287,0.0197,0.9313,0.0199,0.3284,0.0168,0.6298,0.0263,0.4309,0.0090,0.6798,0.0143
ddim,4,8,3,0.0118,0.0002,knn,knn,2000,24000,0.7925,0.0087,0.7970,0.0087,0.8101,0.0083,0.0990,0.0068,0.4109,0.0088,0.1595,0.0093,0.4782,0.0089
ddim,4,8,3,0.0118,0.0002,altered_knn,altered_knn,2000,16000,0.8479,0.0112,0.8569,0.0112,0.8607,0.0119,0.0422,0.0032,0.0891,0.0152,0.0566,0.0023,0.4567,0.0066
ddim,4,8,3,0.0118,0.0002,quadratic,quadratic,2000,24000,0.8821,0.0178,0.8868,0.0179,0.8915,0.0185,0.2125,0.0214,0.4839,0.0128,0.2945,0.0199,0.5907,0.0183
ddim,4,8,3,0.0118,0.0002,polar3,polar,2000,24000,0.9027,0.0253,0.9077,0.0251,0.9129,0.0248,0.2219,0.0228,0.4787,0.0309,0.3031,0.0269,0.6054,0.0259
ddim,4,8,3,0.0118,0.0002,knn,knn,5000,60000,0.8282,0.0095,0.8330,0.0095,0.8431,0.0095,0.1224,0.0094,0.4239,0.0100,0.1898,0.0119,0.5114,0.0106
ddim,4,8,3,0.0118,0.0002,altered_knn,altered_knn,5000,40000,0.8574,0.0071,0.8663,0.0064,0.8707,0.0130,0.0480,0.0009,0.1074,0.0585,0.0595,0.0191,0.4629,0.0126
ddim,4,8,3,0.0118,0.0002,quadratic,quadratic,5000,60000,0.8814,0.0184,0.8861,0.0185,0.8907,0.0190,0.2141,0.0235,0.4826,0.0111,0.2958,0.0226,0.5909,0.0200
ddim,4,8,3,0.0118,0.0002,polar3,polar,5000,60000,0.9029,0.0242,0.9080,0.0241,0.9128,0.0237,0.2279,0.0212,0.4749,0.0268,0.3079,0.0249,0.6080,0.0244
ddim,4,8,3,0.0118,0.0002,knn,knn,10000,120000,0.8501,0.0113,0.8551,0.0113,0.8634,0.0114,0.1400,0.0102,0.4299,0.0030,0.2110,0.0119,0.5330,0.0116
ddim,4,8,3,0.0118,0.0002,altered_knn,altered_knn,10000,80000,0.8641,0.0129,0.8731,0.0131,0.8779,0.0135,0.0504,0.0057,0.1106,0.0464,0.0656,0.0039,0.4693,0.0071
ddim,4,8,3,0.0118,0.0002,quadratic,quadratic,10000,120000,0.8819,0.0184,0.8866,0.0186,0.8913,0.0190,0.2136,0.0230,0.4830,0.0103,0.2953,0.0214,0.5910,0.0195
ddim,4,8,3,0.0118,0.0002,polar3,polar,10000,120000,0.9034,0.0242,0.9085,0.0242,0.9132,0.0237,0.2290,0.0213,0.4717,0.0232,0.3082,0.0243,0.6084,0.0241
ddim,4,8,3,0.0118,0.0002,knn,knn,15000,180000,0.8608,0.0122,0.8659,0.0122,0.8733,0.0124,0.1527,0.0117,0.4362,0.0073,0.2261,0.0140,0.5460,0.0131
ddim,4,8,3,0.0118,0.0002,altered_knn,altered_knn,15000,120000,0.8706,0.0135,0.8798,0.0134,0.8822,0.0145,0.0543,0.0048,0.0990,0.0143,0.0700,0.0073,0.4749,0.0103
ddim,4,8,3,0.0118,0.0002,quadratic,quadratic,15000,180000,0.8827,0.0185,0.8874,0.0186,0.8921,0.0190,0.2146,0.0226,0.4825,0.0099,0.2963,0.0209,0.5919,0.0191
ddim,4,8,3,0.0118,0.0002,polar3,polar,15000,180000,0.9037,0.0240,0.9088,0.0240,0.9135,0.0235,0.2288,0.0204,0.4727,0.0241,0.3082,0.0235,0.6085,0.0237
ddim,4,8,3,0.0118,0.0002,knn,knn,20000,240000,0.8675,0.0124,0.8726,0.0123,0.8793,0.0127,0.1612,0.0124,0.4347,0.0118,0.2350,0.0150,0.5538,0.0136
ddim,4,8,3,0.0118,0.0002,altered_knn,altered_knn,20000,160000,0.8637,0.0109,0.8720,0.0106,0.8826,0.0142,0.0476,0.0052,0.1593,0.0334,0.0723,0.0059,0.4722,0.0078
ddim,4,8,3,0.0118,0.0002,quadratic,quadratic,20000,240000,0.8878,0.0174,0.8927,0.0175,0.8971,0.0179,0.2211,0.0214,0.4776,0.0100,0.3015,0.0192,0.5971,0.0178
ddim,4,8,3,0.0118,0.0002,polar3,polar,20000,240000,0.9039,0.0241,0.9090,0.0240,0.9137,0.0236,0.2304,0.0200,0.4713,0.0244,0.3094,0.0233,0.6092,0.0236
ddim,4,16,3,0.0133,0.0004,knn,knn,2000,48000,0.7715,0.0048,0.7767,0.0048,0.7933,0.0053,0.0910,0.0028,0.3865,0.0013,0.1472,0.0036,0.4619,0.0014
ddim,4,16,3,0.0133,0.0004,altered_knn,altered_knn,2000,32000,0.8276,0.0157,0.8357,0.0174,0.8561,0.0010,0.0556,0.0113,0.2214,0.1333,0.0714,0.0158,0.4535,0.0018
ddim,4,16,3,0.0133,0.0004,quadratic,quadratic,2000,48000,0.8739,0.0043,0.8800,0.0044,0.8882,0.0044,0.1708,0.0079,0.4237,0.0085,0.2432,0.0068,0.5616,0.0046
ddim,4,16,3,0.0133,0.0004,polar3,polar,2000,48000,0.9210,0.0041,0.9278,0.0044,0.9346,0.0040,0.1991,0.0082,0.4215,0.0075,0.2703,0.0074,0.5990,0.0058
ddim,4,16,3,0.0133,0.0004,knn,knn,5000,120000,0.8136,0.0044,0.8192,0.0044,0.8322,0.0047,0.1145,0.0031,0.3953,0.0068,0.1775,0.0030,0.4983,0.0022
ddim,4,16,3,0.0133,0.0004,altered_knn,altered_knn,5000,80000,0.8512,0.0100,0.8602,0.0111,0.8721,0.0014,0.0613,0.0061,0.1787,0.0818,0.0864,0.0033,0.4733,0.0046
ddim,4,16,3,0.0133,0.0004,quadratic,quadratic,5000,120000,0.8744,0.0049,0.8805,0.0050,0.8885,0.0046,0.1730,0.0110,0.4232,0.0102,0.2452,0.0098,0.5628,0.0068
ddim,4,16,3,0.0133,0.0004,polar3,polar,5000,120000,0.9211,0.0040,0.9278,0.0043,0.9344,0.0039,0.2013,0.0091,0.4187,0.0060,0.2717,0.0085,0.5998,0.0062
ddim,4,16,3,0.0133,0.0004,knn,knn,10000,240000,0.8420,0.0031,0.8480,0.0031,0.8586,0.0033,0.1337,0.0050,0.3947,0.0032,0.1997,0.0053,0.5238,0.0019
ddim,4,16,3,0.0133,0.0004,altered_knn,altered_knn,10000,160000,0.8710,0.0014,0.8814,0.0015,0.8826,0.0014,0.0781,0.0025,0.1002,0.0056,0.0877,0.0027,0.4845,0.0019
ddim,4,16,3,0.0133,0.0004,quadratic,quadratic,10000,240000,0.8789,0.0043,0.8850,0.0044,0.8927,0.0040,0.1777,0.0122,0.4219,0.0091,0.2497,0.0109,0.5674,0.0070
ddim,4,16,3,0.0133,0.0004,polar3,polar,10000,240000,0.9216,0.0043,0.9284,0.0046,0.9348,0.0042,0.2045,0.0095,0.4186,0.0042,0.2746,0.0085,0.6015,0.0065
ddim,4,16,3,0.0133,0.0004,knn,knn,15000,360000,0.8562,0.0037,0.8624,0.0037,0.8719,0.0037,0.1459,0.0040,0.3964,0.0040,0.2133,0.0038,0.5379,0.0024
ddim,4,16,3,0.0133,0.0004,altered_knn,altered_knn,15000,240000,0.8766,0.0033,0.8871,0.0042,0.8875,0.0012,0.0895,0.0106,0.0920,0.0620,0.0771,0.0258,0.4821,0.0108
ddim,4,16,3,0.0133,0.0004,quadratic,quadratic,15000,360000,0.8856,0.0032,0.8917,0.0033,0.9022,0.0032,0.1530,0.0084,0.4324,0.0091,0.2257,0.0081,0.5587,0.0047
ddim,4,16,3,0.0133,0.0004,polar3,polar,15000,360000,0.9219,0.0047,0.9288,0.0051,0.9350,0.0046,0.2057,0.0102,0.4134,0.0040,0.2745,0.0085,0.6016,0.0067
ddim,4,16,3,0.0133,0.0004,knn,knn,20000,480000,0.8650,0.0030,0.8714,0.0030,0.8800,0.0030,0.1545,0.0061,0.3933,0.0019,0.2218,0.0063,0.5466,0.0038
ddim,4,16,3,0.0133,0.0004,altered_knn,altered_knn,20000,320000,0.8783,0.0038,0.8885,0.0046,0.8909,0.0009,0.0861,0.0068,0.1179,0.0631,0.0914,0.0145,0.4900,0.0050
ddim,4,16,3,0.0133,0.0004,quadratic,quadratic,20000,480000,0.8845,0.0027,0.8904,0.0028,0.9057,0.0028,0.1216,0.0043,0.4402,0.0086,0.1905,0.0046,0.5405,0.0028
ddim,4,16,3,0.0133,0.0004,polar3,polar,20000,480000,0.9221,0.0050,0.9290,0.0053,0.9350,0.0047,0.2083,0.0122,0.4109,0.0050,0.2762,0.0098,0.6026,0.0076
ddim,8,2,3,0.0108,0.0002,knn,knn,2000,6000,0.8260,0.0027,0.8334,0.0027,0.8305,0.0029,0.3385,0.0237,0.1466,0.0172,0.2032,0.0144,0.5183,0.0074
ddim,8,2,3,0.0108,0.0002,altered_knn,altered_knn,2000,4000,0.8390,0.0451,0.8452,0.0466,0.8952,0.0218,0.0257,0.0033,0.2759,0.0979,0.0464,0.0046,0.4458,0.0252
ddim,8,2,3,0.0108,0.0002,quadratic,quadratic,2000,6000,0.9707,0.0036,0.9729,0.0037,0.9801,0.0024,0.3348,0.0357,0.7705,0.0218,0.4650,0.0312,0.7189,0.0173
ddim,8,2,3,0.0108,0.0002,polar3,polar,2000,6000,0.9752,0.0041,0.9761,0.0042,0.9856,0.0022,0.3297,0.0381,0.8982,0.0112,0.4809,0.0408,0.7285,0.0225
ddim,8,2,3,0.0108,0.0002,knn,knn,5000,15000,0.8419,0.0013,0.8492,0.0014,0.8463,0.0012,0.4245,0.0324,0.1755,0.0191,0.2469,0.0173,0.5481,0.0080
ddim,8,2,3,0.0108,0.0002,altered_knn,altered_knn,5000,10000,0.8379,0.0484,0.8441,0.0499,0.8952,0.0236,0.0248,0.0043,0.2674,0.0921,0.0448,0.0064,0.4444,0.0274
ddim,8,2,3,0.0108,0.0002,quadratic,quadratic,5000,15000,0.9748,0.0036,0.9770,0.0038,0.9834,0.0020,0.3570,0.0417,0.7683,0.0229,0.4853,0.0357,0.7312,0.0197
ddim,8,2,3,0.0108,0.0002,polar3,polar,5000,15000,0.9762,0.0045,0.9771,0.0045,0.9864,0.0023,0.3359,0.0429,0.8973,0.0097,0.4871,0.0460,0.7321,0.0253
ddim,8,2,3,0.0108,0.0002,knn,knn,10000,30000,0.8556,0.0033,0.8626,0.0033,0.8598,0.0033,0.4941,0.0036,0.2189,0.0214,0.3029,0.0214,0.5827,0.0104
ddim,8,2,3,0.0108,0.0002,altered_knn,altered_knn,10000,20000,0.8314,0.0435,0.8373,0.0450,0.8946,0.0193,0.0236,0.0019,0.2909,0.1088,0.0427,0.0013,0.4400,0.0230
ddim,8,2,3,0.0108,0.0002,quadratic,quadratic,10000,30000,0.9755,0.0032,0.9778,0.0034,0.9840,0.0018,0.3627,0.0377,0.7686,0.0218,0.4910,0.0313,0.7344,0.0174
ddim,8,2,3,0.0108,0.0002,polar3,polar,10000,30000,0.9762,0.0044,0.9771,0.0045,0.9864,0.0024,0.3343,0.0413,0.8954,0.0112,0.4851,0.0437,0.7311,0.0241
ddim,8,2,3,0.0108,0.0002,knn,knn,15000,45000,0.8608,0.0030,0.8676,0.0029,0.8649,0.0030,0.5018,0.0102,0.2326,0.0152,0.3174,0.0128,0.5925,0.0065
ddim,8,2,3,0.0108,0.0002,altered_knn,altered_knn,15000,30000,0.8260,0.0427,0.8313,0.0440,0.8944,0.0205,0.0251,0.0034,0.3336,0.0888,0.0461,0.0045,0.4387,0.0241
ddim,8,2,3,0.0108,0.0002,quadratic,quadratic,15000,45000,0.9762,0.0034,0.9785,0.0036,0.9846,0.0020,0.3650,0.0364,0.7699,0.0202,0.4935,0.0304,0.7360,0.0170
ddim,8,2,3,0.0108,0.0002,polar3,polar,15000,45000,0.9761,0.0044,0.9770,0.0045,0.9864,0.0023,0.3336,0.0413,0.8948,0.0114,0.4843,0.0436,0.7306,0.0241
ddim,8,2,3,0.0108,0.0002,knn,knn,20000,60000,0.8646,0.0027,0.8712,0.0028,0.8687,0.0028,0.5264,0.0178,0.2550,0.0211,0.3425,0.0156,0.6069,0.0075
ddim,8,2,3,0.0108,0.0002,altered_knn,altered_knn,20000,40000,0.8346,0.0404,0.8402,0.0420,0.8990,0.0178,0.0256,0.0029,0.3210,0.1036,0.0466,0.0032,0.4434,0.0225
ddim,8,2,3,0.0108,0.0002,quadratic,quadratic,20000,60000,0.9760,0.0032,0.9783,0.0034,0.9844,0.0019,0.3637,0.0356,0.7686,0.0218,0.4921,0.0295,0.7352,0.0165
ddim,8,2,3,0.0108,0.0002,polar3,polar,20000,60000,0.9762,0.0044,0.9771,0.0045,0.9864,0.0024,0.3343,0.0412,0.8951,0.0117,0.4851,0.0435,0.7311,0.0240
ddim,8,4,3,0.0107,0.0002,knn,knn,2000,12000,0.7035,0.0035,0.7090,0.0034,0.7088,0.0048,0.1695,0.0319,0.1980,0.0119,0.1798,0.0155,0.4444,0.0063
ddim,8,4,3,0.0107,0.0002,altered_knn,altered_knn,2000,8000,0.8209,0.0160,0.8278,0.0168,0.8495,0.0067,0.0308,0.0039,0.1777,0.0571,0.0508,0.0017,0.4393,0.0092
ddim,8,4,3,0.0107,0.0002,quadratic,quadratic,2000,12000,0.9349,0.0102,0.9379,0.0101,0.9403,0.0113,0.4229,0.0367,0.6608,0.0241,0.5139,0.0205,0.7259,0.0065
ddim,8,4,3,0.0107,0.0002,polar3,polar,2000,12000,0.9428,0.0161,0.9450,0.0161,0.9487,0.0176,0.4019,0.0373,0.7426,0.0192,0.5200,0.0281,0.7325,0.0109
ddim,8,4,3,0.0107,0.0002,knn,knn,5000,30000,0.7262,0.0059,0.7317,0.0059,0.7313,0.0063,0.2061,0.0186,0.2246,0.0096,0.2144,0.0114,0.4731,0.0075
ddim,8,4,3,0.0107,0.0002,altered_knn,altered_knn,5000,20000,0.8196,0.0196,0.8264,0.0207,0.8536,0.0030,0.0279,0.0018,0.1940,0.0905,0.0470,0.0027,0.4367,0.0098
ddim,8,4,3,0.0107,0.0002,quadratic,quadratic,5000,30000,0.9385,0.0104,0.9415,0.0102,0.9437,0.0114,0.4351,0.0374,0.6597,0.0224,0.5226,0.0208,0.7320,0.0075
ddim,8,4,3,0.0107,0.0002,polar3,polar,5000,30000,0.9460,0.0161,0.9482,0.0160,0.9513,0.0173,0.4335,0.0364,0.7438,0.0235,0.5461,0.0235,0.7472,0.0101
ddim,8,4,3,0.0107,0.0002,knn,knn,10000,60000,0.7448,0.0047,0.7501,0.0046,0.7491,0.0052,0.2675,0.0317,0.2589,0.0197,0.2624,0.0213,0.5062,0.0123
ddim,8,4,3,0.0107,0.0002,altered_knn,altered_knn,10000,40000,0.8216,0.0174,0.8279,0.0183,0.8591,0.0079,0.0306,0.0037,0.2391,0.0504,0.0537,0.0047,0.4408,0.0115
ddim,8,4,3,0.0107,0.0002,quadratic,quadratic,10000,60000,0.9395,0.0099,0.9425,0.0098,0.9445,0.0110,0.4415,0.0376,0.6614,0.0241,0.5277,0.0201,0.7351,0.0070
ddim,8,4,3,0.0107,0.0002,polar3,polar,10000,60000,0.9469,0.0158,0.9492,0.0157,0.9521,0.0170,0.4422,0.0349,0.7415,0.0241,0.5525,0.0216,0.7508,0.0082
ddim,8,4,3,0.0107,0.0002,knn,knn,15000,90000,0.7524,0.0046,0.7576,0.0045,0.7563,0.0051,0.3069,0.0242,0.2718,0.0128,0.2879,0.0143,0.5227,0.0080
ddim,8,4,3,0.0107,0.0002,altered_knn,altered_knn,15000,60000,0.8510,0.0128,0.8589,0.0133,0.8697,0.0066,0.0353,0.0041,0.1203,0.0472,0.0526,0.0024,0.4558,0.0069
ddim,8,4,3,0.0107,0.0002,quadratic,quadratic,15000,90000,0.9401,0.0097,0.9432,0.0096,0.9451,0.0107,0.4429,0.0361,0.6587,0.0233,0.5280,0.0189,0.7356,0.0069
ddim,8,4,3,0.0107,0.0002,polar3,polar,15000,90000,0.9475,0.0157,0.9497,0.0156,0.9526,0.0168,0.4471,0.0352,0.7432,0.0231,0.5569,0.0220,0.7533,0.0092
ddim,8,4,3,0.0107,0.0002,knn,knn,20000,120000,0.7586,0.0049,0.7638,0.0047,0.7625,0.0056,0.3189,0.0161,0.2810,0.0208,0.2981,0.0124,0.5309,0.0081
ddim,8,4,3,0.0107,0.0002,altered_knn,altered_knn,20000,80000,0.8506,0.0145,0.8585,0.0152,0.8711,0.0074,0.0327,0.0033,0.1249,0.0527,0.0484,0.0039,0.4535,0.0057
ddim,8,4,3,0.0107,0.0002,quadratic,quadratic,20000,120000,0.9405,0.0097,0.9435,0.0096,0.9455,0.0106,0.4451,0.0345,0.6583,0.0245,0.5294,0.0171,0.7365,0.0064
ddim,8,4,3,0.0107,0.0002,polar3,polar,20000,120000,0.9474,0.0153,0.9496,0.0153,0.9525,0.0164,0.4495,0.0362,0.7437,0.0221,0.5589,0.0230,0.7543,0.0096
ddim,8,8,3,0.0118,0.0001,knn,knn,2000,24000,0.6084,0.0021,0.6128,0.0022,0.6194,0.0012,0.0852,0.0132,0.2379,0.0094,0.1246,0.0137,0.3687,0.0077
ddim,8,8,3,0.0118,0.0001,altered_knn,altered_knn,2000,16000,0.7756,0.0068,0.7820,0.0072,0.8087,0.0065,0.0351,0.0023,0.2367,0.0450,0.0608,0.0032,0.4214,0.0051
ddim,8,8,3,0.0118,0.0001,quadratic,quadratic,2000,24000,0.9148,0.0050,0.9190,0.0052,0.9205,0.0049,0.4145,0.0275,0.5630,0.0120,0.4766,0.0146,0.6978,0.0092
ddim,8,8,3,0.0118,0.0001,polar3,polar,2000,24000,0.9384,0.0112,0.9426,0.0114,0.9445,0.0107,0.4240,0.0338,0.5925,0.0093,0.4932,0.0201,0.7179,0.0158
ddim,8,8,3,0.0118,0.0001,knn,knn,5000,60000,0.6363,0.0002,0.6408,0.0003,0.6459,0.0003,0.1019,0.0034,0.2571,0.0106,0.1458,0.0024,0.3933,0.0013
ddim,8,8,3,0.0118,0.0001,altered_knn,altered_knn,5000,40000,0.7950,0.0035,0.8024,0.0037,0.8194,0.0069,0.0383,0.0016,0.1808,0.0584,0.0620,0.0060,0.4322,0.0035
ddim,8,8,3,0.0118,0.0001,quadratic,quadratic,5000,60000,0.9174,0.0045,0.9216,0.0046,0.9231,0.0043,0.4184,0.0288,0.5662,0.0119,0.4803,0.0154,0.7010,0.0094
ddim,8,8,3,0.0118,0.0001,polar3,polar,5000,60000,0.9419,0.0124,0.9461,0.0127,0.9474,0.0120,0.4652,0.0333,0.5908,0.0107,0.5195,0.0177,0.7328,0.0150
ddim,8,8,3,0.0118,0.0001,knn,knn,10000,120000,0.6590,0.0012,0.6637,0.0011,0.6679,0.0014,0.1209,0.0047,0.2717,0.0114,0.1672,0.0055,0.4154,0.0029
ddim,8,8,3,0.0118,0.0001,altered_knn,altered_knn,10000,80000,0.8080,0.0076,0.8157,0.0078,0.8288,0.0061,0.0414,0.0028,0.1583,0.0130,0.0654,0.0025,0.4406,0.0051
ddim,8,8,3,0.0118,0.0001,quadratic,quadratic,10000,120000,0.9174,0.0051,0.9216,0.0052,0.9230,0.0049,0.4216,0.0312,0.5655,0.0128,0.4819,0.0167,0.7018,0.0103
ddim,8,8,3,0.0118,0.0001,polar3,polar,10000,120000,0.9430,0.0122,0.9472,0.0124,0.9484,0.0117,0.4794,0.0346,0.5899,0.0104,0.5279,0.0177,0.7375,0.0147
ddim,8,8,3,0.0118,0.0001,knn,knn,15000,180000,0.6722,0.0014,0.6769,0.0014,0.6804,0.0012,0.1357,0.0032,0.2799,0.0086,0.1827,0.0046,0.4298,0.0028
ddim,8,8,3,0.0118,0.0001,altered_knn,altered_knn,15000,120000,0.8126,0.0046,0.8204,0.0044,0.8346,0.0063,0.0404,0.0017,0.1643,0.0163,0.0648,0.0034,0.4426,0.0039
ddim,8,8,3,0.0118,0.0001,quadratic,quadratic,15000,180000,0.9181,0.0052,0.9223,0.0054,0.9236,0.0050,0.4250,0.0292,0.5649,0.0122,0.4841,0.0152,0.7032,0.0097
ddim,8,8,3,0.0118,0.0001,polar3,polar,15000,180000,0.9438,0.0118,0.9480,0.0121,0.9490,0.0114,0.4860,0.0337,0.5877,0.0104,0.5310,0.0166,0.7395,0.0140
ddim,8,8,3,0.0118,0.0001,knn,knn,20000,240000,0.6811,0.0012,0.6858,0.0012,0.6892,0.0010,0.1449,0.0038,0.2835,0.0130,0.1918,0.0062,0.4388,0.0033
ddim,8,8,3,0.0118,0.0001,altered_knn,altered_knn,20000,160000,0.8112,0.0079,0.8186,0.0083,0.8373,0.0059,0.0390,0.0023,0.1912,0.0331,0.0644,0.0022,0.4415,0.0050
ddim,8,8,3,0.0118,0.0001,quadratic,quadratic,20000,240000,0.9217,0.0048,0.9261,0.0050,0.9270,0.0047,0.4464,0.0293,0.5579,0.0122,0.4950,0.0140,0.7105,0.0089
ddim,8,8,3,0.0118,0.0001,polar3,polar,20000,240000,0.9439,0.0119,0.9482,0.0121,0.9492,0.0114,0.4895,0.0321,0.5874,0.0095,0.5331,0.0158,0.7407,0.0137
ddim,8,16,3,0.0134,0.0006,knn,knn,2000,48000,0.5288,0.0021,0.5322,0.0021,0.5467,0.0023,0.0551,0.0004,0.2832,0.0075,0.0922,0.0005,0.3122,0.0013
ddim,8,16,3,0.0134,0.0006,altered_knn,altered_knn,2000,32000,0.7317,0.0199,0.7385,0.0216,0.7629,0.0050,0.0400,0.0031,0.2298,0.1263,0.0621,0.0075,0.4003,0.0076
ddim,8,16,3,0.0134,0.0006,quadratic,quadratic,2000,48000,0.8805,0.0009,0.8858,0.0009,0.8873,0.0007,0.3385,0.0029,0.4867,0.0082,0.3993,0.0048,0.6426,0.0020
ddim,8,16,3,0.0134,0.0006,polar3,polar,2000,48000,0.9144,0.0073,0.9206,0.0071,0.9217,0.0070,0.3541,0.0082,0.4578,0.0065,0.3993,0.0076,0.6599,0.0070
ddim,8,16,3,0.0134,0.0006,knn,knn,5000,120000,0.5628,0.0018,0.5665,0.0018,0.5792,0.0024,0.0660,0.0027,0.2932,0.0040,0.1077,0.0037,0.3371,0.0021
ddim,8,16,3,0.0134,0.0006,altered_knn,altered_knn,5000,80000,0.7499,0.0110,0.7573,0.0123,0.7776,0.0019,0.0422,0.0036,0.2103,0.0853,0.0677,0.0028,0.4125,0.0059
ddim,8,16,3,0.0134,0.0006,quadratic,quadratic,5000,120000,0.8826,0.0008,0.8879,0.0008,0.8893,0.0009,0.3430,0.0050,0.4917,0.0062,0.4041,0.0056,0.6460,0.0025
ddim,8,16,3,0.0134,0.0006,polar3,polar,5000,120000,0.9186,0.0072,0.9249,0.0070,0.9257,0.0070,0.3731,0.0091,0.4554,0.0055,0.4101,0.0071,0.6675,0.0056
ddim,8,16,3,0.0134,0.0006,knn,knn,10000,240000,0.5916,0.0006,0.5956,0.0008,0.6070,0.0008,0.0756,0.0035,0.3000,0.0033,0.1208,0.0047,0.3582,0.0027
ddim,8,16,3,0.0134,0.0006,altered_knn,altered_knn,10000,160000,0.7664,0.0067,0.7744,0.0069,0.7898,0.0028,0.0426,0.0011,0.1764,0.0311,0.0681,0.0021,0.4213,0.0026
ddim,8,16,3,0.0134,0.0006,quadratic,quadratic,10000,240000,0.8874,0.0011,0.8929,0.0011,0.8937,0.0011,0.3670,0.0048,0.4820,0.0065,0.4167,0.0054,0.6548,0.0022
ddim,8,16,3,0.0134,0.0006,polar3,polar,10000,240000,0.9188,0.0066,0.9251,0.0064,0.9257,0.0064,0.3834,0.0068,0.4541,0.0062,0.4157,0.0047,0.6704,0.0044
ddim,8,16,3,0.0134,0.0006,knn,knn,15000,360000,0.6067,0.0011,0.6108,0.0013,0.6214,0.0009,0.0817,0.0035,0.3046,0.0048,0.1288,0.0041,0.3698,0.0027
ddim,8,16,3,0.0134,0.0006,altered_knn,altered_knn,15000,240000,0.7861,0.0033,0.7959,0.0035,0.7957,0.0026,0.0488,0.0024,0.0587,0.0289,0.0497,0.0114,0.4228,0.0051
ddim,8,16,3,0.0134,0.0006,quadratic,quadratic,15000,360000,0.8989,0.0014,0.9048,0.0013,0.9047,0.0013,0.4160,0.0073,0.4640,0.0048,0.4387,0.0059,0.6717,0.0024
ddim,8,16,3,0.0134,0.0006,polar3,polar,15000,360000,0.9188,0.0065,0.9251,0.0062,0.9254,0.0063,0.3946,0.0075,0.4504,0.0067,0.4205,0.0039,0.6728,0.0038
ddim,8,16,3,0.0134,0.0006,knn,knn,20000,480000,0.6167,0.0006,0.6209,0.0008,0.6311,0.0004,0.0866,0.0035,0.3079,0.0067,0.1352,0.0042,0.3780,0.0024
ddim,8,16,3,0.0134,0.0006,altered_knn,altered_knn,20000,320000,0.7871,0.0031,0.7965,0.0028,0.8003,0.0027,0.0497,0.0004,0.0971,0.0028,0.0658,0.0009,0.4311,0.0010
ddim,8,16,3,0.0134,0.0006,quadratic,quadratic,20000,480000,0.9041,0.0023,0.9101,0.0021,0.9097,0.0021,0.4338,0.0084,0.4561,0.0045,0.4447,0.0063,0.6774,0.0028
ddim,8,16,3,0.0134,0.0006,polar3,polar,20000,480000,0.9188,0.0067,0.9252,0.0064,0.9253,0.0065,0.4038,0.0080,0.4498,0.0079,0.4255,0.0046,0.6753,0.0042
ddim,16,2,3,0.0108,0.0004,knn,knn,2000,6000,0.8029,0.0035,0.8114,0.0032,0.8074,0.0035,0.1960,0.0374,0.0263,0.0027,0.0462,0.0047,0.4288,0.0025
ddim,16,2,3,0.0108,0.0004,altered_knn,altered_knn,2000,4000,0.8358,0.0375,0.8417,0.0387,0.8961,0.0181,0.0250,0.0024,0.2964,0.0800,0.0458,0.0032,0.4437,0.0209
ddim,16,2,3,0.0108,0.0004,quadratic,quadratic,2000,6000,0.9513,0.0040,0.9530,0.0040,0.9655,0.0016,0.2397,0.0247,0.7954,0.0067,0.3677,0.0293,0.6603,0.0167
ddim,16,2,3,0.0108,0.0004,polar3,polar,2000,6000,0.9548,0.0028,0.9552,0.0029,0.9675,0.0013,0.2786,0.0171,0.9237,0.0059,0.4277,0.0199,0.6914,0.0114
ddim,16,2,3,0.0108,0.0004,knn,knn,5000,15000,0.8058,0.0010,0.8142,0.0012,0.8102,0.0011,0.2299,0.0256,0.0260,0.0023,0.0468,0.0041,0.4305,0.0015
ddim,16,2,3,0.0108,0.0004,altered_knn,altered_knn,5000,10000,0.7625,0.0914,0.7661,0.0940,0.8544,0.0568,0.0216,0.0017,0.4246,0.1537,0.0407,0.0022,0.4034,0.0481
ddim,16,2,3,0.0108,0.0004,quadratic,quadratic,5000,15000,0.9576,0.0037,0.9593,0.0038,0.9716,0.0011,0.2459,0.0286,0.8046,0.0035,0.3757,0.0339,0.6675,0.0188
ddim,16,2,3,0.0108,0.0004,polar3,polar,5000,15000,0.9661,0.0039,0.9664,0.0040,0.9793,0.0019,0.2791,0.0253,0.9458,0.0025,0.4303,0.0304,0.6983,0.0172
ddim,16,2,3,0.0108,0.0004,knn,knn,10000,30000,0.8112,0.0013,0.8197,0.0016,0.8154,0.0015,0.2928,0.0351,0.0313,0.0047,0.0565,0.0082,0.4381,0.0044
ddim,16,2,3,0.0108,0.0004,altered_knn,altered_knn,10000,20000,0.8097,0.0343,0.8149,0.0356,0.8827,0.0144,0.0233,0.0033,0.3405,0.0738,0.0432,0.0049,0.4290,0.0201
ddim,16,2,3,0.0108,0.0004,quadratic,quadratic,10000,30000,0.9597,0.0044,0.9615,0.0045,0.9734,0.0016,0.2524,0.0313,0.8005,0.0089,0.3825,0.0362,0.6720,0.0203
ddim,16,2,3,0.0108,0.0004,polar3,polar,10000,30000,0.9685,0.0047,0.9687,0.0048,0.9817,0.0024,0.2792,0.0281,0.9458,0.0018,0.4303,0.0339,0.6995,0.0194
ddim,16,2,3,0.0108,0.0004,knn,knn,15000,45000,0.8147,0.0026,0.8232,0.0028,0.8187,0.0029,0.3248,0.0393,0.0322,0.0024,0.0585,0.0046,0.4409,0.0018
ddim,16,2,3,0.0108,0.0004,altered_knn,altered_knn,15000,30000,0.6990,0.0407,0.7008,0.0419,0.8174,0.0251,0.0201,0.0016,0.5439,0.0654,0.0387,0.0028,0.3697,0.0223
ddim,16,2,3,0.0108,0.0004,quadratic,quadratic,15000,45000,0.9610,0.0048,0.9627,0.0048,0.9746,0.0016,0.2554,0.0359,0.8061,0.0115,0.3863,0.0416,0.6745,0.0232
ddim,16,2,3,0.0108,0.0004,polar3,polar,15000,45000,0.9686,0.0046,0.9689,0.0047,0.9820,0.0022,0.2770,0.0282,0.9460,0.0032,0.4277,0.0340,0.6983,0.0193
ddim,16,2,3,0.0108,0.0004,knn,knn,20000,60000,0.8147,0.0016,0.8233,0.0016,0.8189,0.0016,0.2989,0.0057,0.0311,0.0047,0.0562,0.0076,0.4397,0.0040
ddim,16,2,3,0.0108,0.0004,altered_knn,altered_knn,20000,40000,0.8007,0.0854,0.8059,0.0882,0.8718,0.0463,0.0235,0.0035,0.3344,0.1714,0.0429,0.0050,0.4244,0.0464
ddim,16,2,3,0.0108,0.0004,quadratic,quadratic,20000,60000,0.9630,0.0058,0.9647,0.0060,0.9762,0.0026,0.2630,0.0389,0.8083,0.0149,0.3949,0.0437,0.6798,0.0248
ddim,16,2,3,0.0108,0.0004,polar3,polar,20000,60000,0.9688,0.0048,0.9691,0.0049,0.9823,0.0024,0.2760,0.0278,0.9464,0.0021,0.4266,0.0337,0.6978,0.0193
ddim,16,4,3,0.0100,0.0003,knn,knn,2000,12000,0.6436,0.0026,0.6497,0.0028,0.6473,0.0030,0.1149,0.0157,0.0501,0.0065,0.0693,0.0078,0.3595,0.0037
ddim,16,4,3,0.0100,0.0003,altered_knn,altered_knn,2000,8000,0.8320,0.0189,0.8384,0.0197,0.8616,0.0100,0.0318,0.0024,0.1996,0.0760,0.0529,0.0025,0.4457,0.0096
ddim,16,4,3,0.0100,0.0003,quadratic,quadratic,2000,12000,0.9408,0.0056,0.9430,0.0058,0.9476,0.0047,0.3725,0.0451,0.7238,0.0162,0.4897,0.0369,0.7164,0.0208
ddim,16,4,3,0.0100,0.0003,polar3,polar,2000,12000,0.9454,0.0052,0.9464,0.0053,0.9533,0.0050,0.3377,0.0232,0.8487,0.0150,0.4826,0.0230,0.7145,0.0135
ddim,16,4,3,0.0100,0.0003,knn,knn,5000,30000,0.6551,0.0021,0.6612,0.0023,0.6589,0.0022,0.1431,0.0112,0.0547,0.0052,0.0787,0.0040,0.3700,0.0013
ddim,16,4,3,0.0100,0.0003,altered_knn,altered_knn,5000,20000,0.7989,0.0291,0.8039,0.0302,0.8524,0.0114,0.0262,0.0040,0.3077,0.0733,0.0477,0.0062,0.4258,0.0182
ddim,16,4,3,0.0100,0.0003,quadratic,quadratic,5000,30000,0.9505,0.0052,0.9527,0.0053,0.9570,0.0046,0.3910,0.0420,0.7326,0.0152,0.5080,0.0325,0.7303,0.0182
ddim,16,4,3,0.0100,0.0003,polar3,polar,5000,30000,0.9629,0.0072,0.9640,0.0073,0.9705,0.0066,0.3649,0.0297,0.8555,0.0126,0.5107,0.0280,0.7373,0.0174
ddim,16,4,3,0.0100,0.0003,knn,knn,10000,60000,0.6653,0.0030,0.6715,0.0032,0.6689,0.0032,0.1610,0.0127,0.0519,0.0024,0.0782,0.0017,0.3749,0.0008
ddim,16,4,3,0.0100,0.0003,altered_knn,altered_knn,10000,40000,0.8047,0.0443,0.8104,0.0463,0.8514,0.0143,0.0279,0.0066,0.2487,0.1510,0.0452,0.0050,0.4278,0.0255
ddim,16,4,3,0.0100,0.0003,quadratic,quadratic,10000,60000,0.9538,0.0061,0.9561,0.0063,0.9601,0.0055,0.4033,0.0436,0.7347,0.0194,0.5186,0.0323,0.7373,0.0184
ddim,16,4,3,0.0100,0.0003,polar3,polar,10000,60000,0.9661,0.0077,0.9672,0.0079,0.9737,0.0069,0.3702,0.0330,0.8562,0.0143,0.5158,0.0306,0.7415,0.0189
ddim,16,4,3,0.0100,0.0003,knn,knn,15000,90000,0.6705,0.0012,0.6767,0.0014,0.6740,0.0013,0.1683,0.0201,0.0528,0.0014,0.0801,0.0013,0.3784,0.0011
ddim,16,4,3,0.0100,0.0003,altered_knn,altered_knn,15000,60000,0.8274,0.0228,0.8340,0.0240,0.8588,0.0078,0.0272,0.0035,0.1718,0.0872,0.0449,0.0026,0.4395,0.0132
ddim,16,4,3,0.0100,0.0003,quadratic,quadratic,15000,90000,0.9553,0.0060,0.9575,0.0062,0.9615,0.0054,0.4060,0.0445,0.7329,0.0182,0.5204,0.0332,0.7390,0.0189
ddim,16,4,3,0.0100,0.0003,polar3,polar,15000,90000,0.9665,0.0081,0.9676,0.0083,0.9740,0.0074,0.3727,0.0356,0.8565,0.0131,0.5182,0.0335,0.7429,0.0204
ddim,16,4,3,0.0100,0.0003,knn,knn,20000,120000,0.6716,0.0022,0.6778,0.0023,0.6752,0.0020,0.2181,0.0081,0.0640,0.0047,0.0987,0.0048,0.3883,0.0012
ddim,16,4,3,0.0100,0.0003,altered_knn,altered_knn,20000,80000,0.8325,0.0073,0.8394,0.0079,0.8602,0.0032,0.0261,0.0033,0.1486,0.0617,0.0429,0.0046,0.4412,0.0034
ddim,16,4,3,0.0100,0.0003,quadratic,quadratic,20000,120000,0.9555,0.0068,0.9577,0.0070,0.9616,0.0060,0.4090,0.0489,0.7337,0.0165,0.5228,0.0373,0.7402,0.0219
ddim,16,4,3,0.0100,0.0003,polar3,polar,20000,120000,0.9657,0.0074,0.9668,0.0076,0.9730,0.0065,0.3786,0.0385,0.8570,0.0139,0.5238,0.0360,0.7453,0.0215
ddim,16,8,3,0.0112,0.0001,knn,knn,2000,24000,0.5121,0.0031,0.5168,0.0032,0.5164,0.0029,0.0740,0.0091,0.0965,0.0047,0.0832,0.0045,0.3000,0.0038
ddim,16,8,3,0.0112,0.0001,altered_knn,altered_knn,2000,16000,0.7851,0.0083,0.7921,0.0093,0.8061,0.0032,0.0387,0.0026,0.1700,0.0923,0.0603,0.0059,0.4262,0.0028
ddim,16,8,3,0.0112,0.0001,quadratic,quadratic,2000,24000,0.9116,0.0030,0.9146,0.0030,0.9172,0.0029,0.4135,0.0239,0.6469,0.0111,0.5039,0.0158,0.7092,0.0093
ddim,16,8,3,0.0112,0.0001,polar3,polar,2000,24000,0.9322,0.0065,0.9346,0.0066,0.9372,0.0065,0.4560,0.0192,0.7280,0.0101,0.5605,0.0154,0.7475,0.0109
ddim,16,8,3,0.0112,0.0001,knn,knn,5000,60000,0.5276,0.0017,0.5326,0.0018,0.5317,0.0017,0.0817,0.0054,0.0935,0.0016,0.0870,0.0027,0.3098,0.0022
ddim,16,8,3,0.0112,0.0001,altered_knn,altered_knn,5000,40000,0.7811,0.0121,0.7879,0.0129,0.8058,0.0052,0.0345,0.0028,0.1785,0.0557,0.0564,0.0025,0.4222,0.0063
ddim,16,8,3,0.0112,0.0001,quadratic,quadratic,5000,60000,0.9212,0.0029,0.9242,0.0029,0.9267,0.0028,0.4293,0.0275,0.6552,0.0139,0.5179,0.0174,0.7211,0.0101
ddim,16,8,3,0.0112,0.0001,polar3,polar,5000,60000,0.9464,0.0061,0.9489,0.0062,0.9511,0.0060,0.4943,0.0180,0.7261,0.0160,0.5878,0.0110,0.7684,0.0086
ddim,16,8,3,0.0112,0.0001,knn,knn,10000,120000,0.5411,0.0033,0.5462,0.0033,0.5452,0.0033,0.0947,0.0086,0.0945,0.0054,0.0944,0.0063,0.3203,0.0047
ddim,16,8,3,0.0112,0.0001,altered_knn,altered_knn,10000,80000,0.7619,0.0097,0.7674,0.0102,0.8028,0.0042,0.0305,0.0015,0.2785,0.0383,0.0549,0.0019,0.4111,0.0060
ddim,16,8,3,0.0112,0.0001,quadratic,quadratic,10000,120000,0.9244,0.0029,0.9275,0.0030,0.9298,0.0028,0.4405,0.0276,0.6577,0.0146,0.5268,0.0161,0.7271,0.0095
ddim,16,8,3,0.0112,0.0001,polar3,polar,10000,120000,0.9502,0.0060,0.9527,0.0061,0.9548,0.0058,0.5075,0.0247,0.7274,0.0146,0.5973,0.0149,0.7750,0.0105
ddim,16,8,3,0.0112,0.0001,knn,knn,15000,180000,0.5482,0.0019,0.5533,0.0019,0.5521,0.0019,0.1069,0.0085,0.0980,0.0043,0.1020,0.0043,0.3277,0.0031
ddim,16,8,3,0.0112,0.0001,altered_knn,altered_knn,15000,120000,0.7796,0.0094,0.7865,0.0102,0.8036,0.0032,0.0339,0.0015,0.1681,0.0695,0.0538,0.0045,0.4202,0.0029
ddim,16,8,3,0.0112,0.0001,quadratic,quadratic,15000,180000,0.9254,0.0029,0.9285,0.0030,0.9307,0.0028,0.4458,0.0281,0.6570,0.0148,0.5304,0.0160,0.7294,0.0094
ddim,16,8,3,0.0112,0.0001,polar3,polar,15000,180000,0.9513,0.0061,0.9539,0.0062,0.9559,0.0059,0.5082,0.0245,0.7256,0.0138,0.5972,0.0139,0.7755,0.0101
ddim,16,8,3,0.0112,0.0001,knn,knn,20000,240000,0.5535,0.0022,0.5586,0.0023,0.5571,0.0021,0.1221,0.0091,0.1014,0.0032,0.1105,0.0019,0.3346,0.0015
ddim,16,8,3,0.0112,0.0001,altered_knn,altered_knn,20000,160000,0.7635,0.0116,0.7692,0.0123,0.8017,0.0043,0.0308,0.0017,0.2599,0.0493,0.0547,0.0016,0.4119,0.0069
ddim,16,8,3,0.0112,0.0001,quadratic,quadratic,20000,240000,0.9298,0.0026,0.9330,0.0027,0.9347,0.0025,0.4740,0.0296,0.6525,0.0137,0.5483,0.0161,0.7406,0.0094
ddim,16,8,3,0.0112,0.0001,polar3,polar,20000,240000,0.9522,0.0050,0.9548,0.0051,0.9566,0.0047,0.5242,0.0276,0.7273,0.0175,0.6085,0.0136,0.7816,0.0092
ddim,16,16,3,0.0120,0.0002,knn,knn,2000,48000,0.4077,0.0026,0.4109,0.0026,0.4135,0.0019,0.0510,0.0040,0.1380,0.0023,0.0743,0.0039,0.2426,0.0033
ddim,16,16,3,0.0120,0.0002,altered_knn,altered_knn,2000,32000,0.7455,0.0148,0.7525,0.0160,0.7655,0.0059,0.0482,0.0073,0.1738,0.1028,0.0665,0.0123,0.4095,0.0099
ddim,16,16,3,0.0120,0.0002,quadratic,quadratic,2000,48000,0.8923,0.0063,0.8963,0.0064,0.8981,0.0063,0.3982,0.0089,0.5644,0.0073,0.4668,0.0044,0.6816,0.0053
ddim,16,16,3,0.0120,0.0002,polar3,polar,2000,48000,0.9270,0.0049,0.9311,0.0050,0.9315,0.0048,0.5266,0.0144,0.5902,0.0067,0.5565,0.0085,0.7438,0.0064
ddim,16,16,3,0.0120,0.0002,knn,knn,5000,120000,0.4286,0.0022,0.4321,0.0022,0.4342,0.0016,0.0600,0.0049,0.1386,0.0027,0.0836,0.0051,0.2579,0.0031
ddim,16,16,3,0.0120,0.0002,altered_knn,altered_knn,5000,80000,0.7524,0.0061,0.7600,0.0063,0.7666,0.0055,0.0491,0.0005,0.1302,0.0146,0.0712,0.0018,0.4156,0.0028
ddim,16,16,3,0.0120,0.0002,quadratic,quadratic,5000,120000,0.9007,0.0067,0.9047,0.0069,0.9064,0.0068,0.4104,0.0100,0.5705,0.0088,0.4773,0.0055,0.6910,0.0060
ddim,16,16,3,0.0120,0.0002,polar3,polar,5000,120000,0.9380,0.0042,0.9423,0.0042,0.9422,0.0041,0.5627,0.0086,0.5845,0.0069,0.5733,0.0059,0.7578,0.0048
ddim,16,16,3,0.0120,0.0002,knn,knn,10000,240000,0.4453,0.0019,0.4490,0.0019,0.4508,0.0014,0.0676,0.0036,0.1370,0.0019,0.0905,0.0032,0.2698,0.0022
ddim,16,16,3,0.0120,0.0002,altered_knn,altered_knn,10000,160000,0.7148,0.0320,0.7193,0.0343,0.7607,0.0095,0.0376,0.0075,0.3456,0.1576,0.0633,0.0043,0.3913,0.0193
ddim,16,16,3,0.0120,0.0002,quadratic,quadratic,10000,240000,0.9088,0.0070,0.9130,0.0071,0.9139,0.0071,0.4532,0.0102,0.5623,0.0099,0.5017,0.0041,0.7073,0.0055
ddim,16,16,3,0.0120,0.0002,polar3,polar,10000,240000,0.9424,0.0042,0.9467,0.0042,0.9465,0.0040,0.5848,0.0100,0.5864,0.0092,0.5855,0.0054,0.7661,0.0046
ddim,16,16,3,0.0120,0.0002,knn,knn,15000,360000,0.4537,0.0020,0.4575,0.0020,0.4592,0.0016,0.0711,0.0052,0.1371,0.0042,0.0936,0.0054,0.2756,0.0031
ddim,16,16,3,0.0120,0.0002,altered_knn,altered_knn,15000,240000,0.7160,0.0298,0.7206,0.0320,0.7607,0.0093,0.0372,0.0064,0.3408,0.1470,0.0635,0.0036,0.3921,0.0178
ddim,16,16,3,0.0120,0.0002,quadratic,quadratic,15000,360000,0.9209,0.0064,0.9255,0.0066,0.9253,0.0065,0.5329,0.0097,0.5407,0.0096,0.5366,0.0030,0.7311,0.0043
ddim,16,16,3,0.0120,0.0002,polar3,polar,15000,360000,0.9437,0.0045,0.9480,0.0046,0.9477,0.0044,0.6102,0.0147,0.5872,0.0060,0.5983,0.0060,0.7732,0.0053
ddim,16,16,3,0.0120,0.0002,knn,knn,20000,480000,0.4592,0.0023,0.4631,0.0024,0.4646,0.0020,0.0745,0.0014,0.1378,0.0041,0.0967,0.0003,0.2799,0.0012
ddim,16,16,3,0.0120,0.0002,altered_knn,altered_knn,20000,320000,0.7358,0.0250,0.7421,0.0270,0.7636,0.0076,0.0428,0.0077,0.2192,0.1349,0.0659,0.0043,0.4040,0.0157
ddim,16,16,3,0.0120,0.0002,quadratic,quadratic,20000,480000,0.9272,0.0056,0.9320,0.0058,0.9313,0.0057,0.5719,0.0108,0.5340,0.0093,0.5521,0.0025,0.7421,0.0037
ddim,16,16,3,0.0120,0.0002,polar3,polar,20000,480000,0.9442,0.0050,0.9485,0.0050,0.9481,0.0047,0.6217,0.0184,0.5871,0.0065,0.6037,0.0068,0.7761,0.0059
ddim,32,2,3,0.0100,0.0004,knn,knn,2000,6000,0.8028,0.0020,0.8108,0.0019,0.8070,0.0019,0.1062,0.0227,0.0101,0.0018,0.0185,0.0033,0.4146,0.0023
ddim,32,2,3,0.0100,0.0004,altered_knn,altered_knn,2000,4000,0.7607,0.0440,0.7641,0.0451,0.8598,0.0264,0.0181,0.0004,0.4216,0.0825,0.0347,0.0009,0.3994,0.0222
ddim,32,2,3,0.0100,0.0004,quadratic,quadratic,2000,6000,0.8431,0.0067,0.8432,0.0068,0.8962,0.0034,0.0651,0.0021,0.8298,0.0081,0.1208,0.0036,0.4820,0.0049
ddim,32,2,3,0.0100,0.0004,polar3,polar,2000,6000,0.9226,0.0017,0.9222,0.0017,0.9415,0.0016,0.1889,0.0050,0.9573,0.0135,0.3154,0.0064,0.6188,0.0031
ddim,32,2,3,0.0100,0.0004,knn,knn,5000,15000,0.8073,0.0019,0.8153,0.0019,0.8114,0.0018,0.0651,0.0198,0.0047,0.0017,0.0087,0.0032,0.4120,0.0025
ddim,32,2,3,0.0100,0.0004,altered_knn,altered_knn,5000,10000,0.7775,0.0409,0.7811,0.0422,0.8709,0.0235,0.0200,0.0017,0.4271,0.0791,0.0380,0.0026,0.4096,0.0224
ddim,32,2,3,0.0100,0.0004,quadratic,quadratic,5000,15000,0.8728,0.0075,0.8729,0.0076,0.9204,0.0035,0.0765,0.0029,0.8584,0.0101,0.1404,0.0049,0.5067,0.0062
ddim,32,2,3,0.0100,0.0004,polar3,polar,5000,15000,0.9355,0.0019,0.9352,0.0020,0.9571,0.0012,0.1746,0.0077,0.9682,0.0099,0.2958,0.0107,0.6155,0.0063
ddim,32,2,3,0.0100,0.0004,knn,knn,10000,30000,0.8106,0.0030,0.8187,0.0028,0.8146,0.0029,0.0916,0.0225,0.0054,0.0013,0.0101,0.0024,0.4144,0.0025
ddim,32,2,3,0.0100,0.0004,altered_knn,altered_knn,10000,20000,0.7526,0.0138,0.7553,0.0142,0.8565,0.0091,0.0199,0.0010,0.4885,0.0324,0.0383,0.0019,0.3968,0.0062
ddim,32,2,3,0.0100,0.0004,quadratic,quadratic,10000,30000,0.8872,0.0059,0.8873,0.0060,0.9315,0.0028,0.0839,0.0034,0.8729,0.0010,0.1531,0.0056,0.5202,0.0055
ddim,32,2,3,0.0100,0.0004,polar3,polar,10000,30000,0.9418,0.0012,0.9415,0.0012,0.9646,0.0005,0.1684,0.0020,0.9696,0.0099,0.2870,0.0025,0.6142,0.0016
ddim,32,2,3,0.0100,0.0004,knn,knn,15000,45000,0.8133,0.0035,0.8214,0.0032,0.8173,0.0034,0.1041,0.0510,0.0068,0.0034,0.0127,0.0064,0.4171,0.0047
ddim,32,2,3,0.0100,0.0004,altered_knn,altered_knn,15000,30000,0.7859,0.0118,0.7894,0.0120,0.8771,0.0071,0.0208,0.0009,0.4339,0.0111,0.0397,0.0017,0.4145,0.0065
ddim,32,2,3,0.0100,0.0004,quadratic,quadratic,15000,45000,0.8890,0.0049,0.8891,0.0049,0.9339,0.0023,0.0832,0.0031,0.8753,0.0025,0.1520,0.0051,0.5206,0.0045
ddim,32,2,3,0.0100,0.0004,polar3,polar,15000,45000,0.9442,0.0011,0.9439,0.0011,0.9673,0.0002,0.1672,0.0026,0.9723,0.0108,0.2853,0.0034,0.6146,0.0021
ddim,32,2,3,0.0100,0.0004,knn,knn,20000,60000,0.8149,0.0032,0.8231,0.0030,0.8189,0.0031,0.1155,0.0121,0.0074,0.0009,0.0138,0.0017,0.4185,0.0011
ddim,32,2,3,0.0100,0.0004,altered_knn,altered_knn,20000,40000,0.7670,0.0439,0.7699,0.0449,0.8646,0.0281,0.0210,0.0011,0.4744,0.0564,0.0401,0.0019,0.4050,0.0231
ddim,32,2,3,0.0100,0.0004,quadratic,quadratic,20000,60000,0.8905,0.0064,0.8907,0.0065,0.9355,0.0035,0.0833,0.0026,0.8745,0.0015,0.1521,0.0043,0.5214,0.0051
ddim,32,2,3,0.0100,0.0004,polar3,polar,20000,60000,0.9450,0.0017,0.9447,0.0016,0.9681,0.0009,0.1675,0.0011,0.9725,0.0098,0.2858,0.0012,0.6152,0.0012
ddim,32,4,3,0.0102,0.0004,knn,knn,2000,12000,0.6309,0.0075,0.6372,0.0078,0.6340,0.0076,0.0558,0.0035,0.0206,0.0032,0.0300,0.0037,0.3336,0.0031
ddim,32,4,3,0.0102,0.0004,altered_knn,altered_knn,2000,8000,0.8027,0.0229,0.8076,0.0237,0.8644,0.0119,0.0238,0.0032,0.3249,0.0439,0.0441,0.0051,0.4258,0.0143
ddim,32,4,3,0.0102,0.0004,quadratic,quadratic,2000,12000,0.8684,0.0047,0.8693,0.0051,0.8911,0.0017,0.1390,0.0241,0.7822,0.0330,0.2346,0.0327,0.5520,0.0188
ddim,32,4,3,0.0102,0.0004,polar3,polar,2000,12000,0.9161,0.0023,0.9162,0.0024,0.9281,0.0008,0.2592,0.0270,0.9058,0.0159,0.4020,0.0311,0.6591,0.0168
ddim,32,4,3,0.0102,0.0004,knn,knn,5000,30000,0.6415,0.0042,0.6480,0.0045,0.6448,0.0044,0.0636,0.0018,0.0176,0.0022,0.0275,0.0029,0.3378,0.0010
ddim,32,4,3,0.0102,0.0004,altered_knn,altered_knn,5000,20000,0.8191,0.0575,0.8246,0.0595,0.8699,0.0258,0.0298,0.0069,0.2925,0.1344,0.0522,0.0097,0.4384,0.0345
ddim,32,4,3,0.0102,0.0004,quadratic,quadratic,5000,30000,0.9016,0.0069,0.9025,0.0073,0.9230,0.0035,0.1568,0.0273,0.8187,0.0299,0.2616,0.0364,0.5820,0.0218
ddim,32,4,3,0.0102,0.0004,polar3,polar,5000,30000,0.9425,0.0032,0.9427,0.0034,0.9555,0.0019,0.2561,0.0267,0.9183,0.0185,0.3995,0.0306,0.6711,0.0169
ddim,32,4,3,0.0102,0.0004,knn,knn,10000,60000,0.6486,0.0017,0.6551,0.0020,0.6518,0.0021,0.0702,0.0066,0.0161,0.0011,0.0262,0.0018,0.3407,0.0012
ddim,32,4,3,0.0102,0.0004,altered_knn,altered_knn,10000,40000,0.8181,0.0580,0.8235,0.0601,0.8694,0.0256,0.0298,0.0070,0.2974,0.1431,0.0523,0.0098,0.4379,0.0346
ddim,32,4,3,0.0102,0.0004,quadratic,quadratic,10000,60000,0.9158,0.0062,0.9167,0.0065,0.9365,0.0030,0.1638,0.0242,0.8249,0.0297,0.2721,0.0323,0.5944,0.0194
ddim,32,4,3,0.0102,0.0004,polar3,polar,10000,60000,0.9508,0.0016,0.9511,0.0016,0.9641,0.0012,0.2547,0.0268,0.9194,0.0159,0.3979,0.0312,0.6745,0.0162
ddim,32,4,3,0.0102,0.0004,knn,knn,15000,90000,0.6532,0.0027,0.6598,0.0030,0.6562,0.0032,0.0654,0.0123,0.0144,0.0027,0.0236,0.0044,0.3417,0.0028
ddim,32,4,3,0.0102,0.0004,altered_knn,altered_knn,15000,60000,0.8538,0.0133,0.8605,0.0141,0.8842,0.0073,0.0330,0.0034,0.2055,0.0427,0.0562,0.0028,0.4583,0.0084
ddim,32,4,3,0.0102,0.0004,quadratic,quadratic,15000,90000,0.9201,0.0067,0.9210,0.0070,0.9407,0.0036,0.1660,0.0263,0.8277,0.0247,0.2752,0.0351,0.5981,0.0210
ddim,32,4,3,0.0102,0.0004,polar3,polar,15000,90000,0.9527,0.0022,0.9531,0.0023,0.9662,0.0008,0.2542,0.0276,0.9177,0.0158,0.3970,0.0321,0.6751,0.0172
ddim,32,4,3,0.0102,0.0004,knn,knn,20000,120000,0.6559,0.0043,0.6624,0.0046,0.6587,0.0048,0.0780,0.0159,0.0153,0.0038,0.0256,0.0061,0.3440,0.0033
ddim,32,4,3,0.0102,0.0004,altered_knn,altered_knn,20000,80000,0.8300,0.0471,0.8358,0.0491,0.8748,0.0198,0.0308,0.0058,0.2733,0.1427,0.0532,0.0069,0.4445,0.0278
ddim,32,4,3,0.0102,0.0004,quadratic,quadratic,20000,120000,0.9219,0.0078,0.9228,0.0082,0.9429,0.0043,0.1650,0.0275,0.8324,0.0294,0.2739,0.0367,0.5984,0.0223
ddim,32,4,3,0.0102,0.0004,polar3,polar,20000,120000,0.9530,0.0043,0.9534,0.0045,0.9665,0.0028,0.2546,0.0285,0.9187,0.0158,0.3976,0.0332,0.6755,0.0187
ddim,32,8,3,0.0105,0.0001,knn,knn,2000,24000,0.4881,0.0060,0.4928,0.0061,0.4909,0.0062,0.0474,0.0017,0.0433,0.0041,0.0451,0.0018,0.2690,0.0023
ddim,32,8,3,0.0105,0.0001,altered_knn,altered_knn,2000,16000,0.7890,0.0382,0.7944,0.0399,0.8276,0.0177,0.0358,0.0072,0.2846,0.1132,0.0616,0.0093,0.4280,0.0245
ddim,32,8,3,0.0105,0.0001,quadratic,quadratic,2000,24000,0.8583,0.0038,0.8600,0.0040,0.8702,0.0025,0.2190,0.0203,0.6991,0.0197,0.3326,0.0215,0.5963,0.0126
ddim,32,8,3,0.0105,0.0001,polar3,polar,2000,24000,0.9130,0.0028,0.9139,0.0029,0.9198,0.0023,0.3665,0.0259,0.8221,0.0150,0.5062,0.0237,0.7101,0.0133
ddim,32,8,3,0.0105,0.0001,knn,knn,5000,60000,0.5006,0.0039,0.5055,0.0040,0.5034,0.0042,0.0527,0.0014,0.0399,0.0011,0.0454,0.0009,0.2755,0.0024
ddim,32,8,3,0.0105,0.0001,altered_knn,altered_knn,5000,40000,0.8201,0.0054,0.8267,0.0052,0.8430,0.0076,0.0415,0.0025,0.2035,0.0258,0.0689,0.0049,0.4478,0.0050
ddim,32,8,3,0.0105,0.0001,quadratic,quadratic,5000,60000,0.8968,0.0052,0.8986,0.0055,0.9080,0.0042,0.2479,0.0210,0.7272,0.0192,0.3689,0.0214,0.6337,0.0131
ddim,32,8,3,0.0105,0.0001,polar3,polar,5000,60000,0.9366,0.0033,0.9377,0.0034,0.9436,0.0027,0.3792,0.0252,0.8303,0.0154,0.5199,0.0224,0.7288,0.0128
ddim,32,8,3,0.0105,0.0001,knn,knn,10000,120000,0.5120,0.0015,0.5171,0.0015,0.5148,0.0016,0.0600,0.0034,0.0368,0.0030,0.0456,0.0032,0.2813,0.0011
ddim,32,8,3,0.0105,0.0001,altered_knn,altered_knn,10000,80000,0.8099,0.0140,0.8156,0.0146,0.8426,0.0080,0.0375,0.0035,0.2684,0.0476,0.0652,0.0037,0.4404,0.0092
ddim,32,8,3,0.0105,0.0001,quadratic,quadratic,10000,120000,0.9108,0.0063,0.9126,0.0065,0.9218,0.0049,0.2597,0.0258,0.7413,0.0184,0.3837,0.0273,0.6481,0.0168
ddim,32,8,3,0.0105,0.0001,polar3,polar,10000,120000,0.9416,0.0037,0.9427,0.0038,0.9487,0.0032,0.3803,0.0237,0.8295,0.0147,0.5209,0.0209,0.7318,0.0124
ddim,32,8,3,0.0105,0.0001,knn,knn,15000,180000,0.5168,0.0025,0.5219,0.0026,0.5197,0.0026,0.0587,0.0020,0.0346,0.0011,0.0435,0.0003,0.2827,0.0012
ddim,32,8,3,0.0105,0.0001,altered_knn,altered_knn,15000,120000,0.8214,0.0100,0.8281,0.0106,0.8435,0.0077,0.0413,0.0022,0.1916,0.0497,0.0669,0.0033,0.4475,0.0056
ddim,32,8,3,0.0105,0.0001,quadratic,quadratic,15000,180000,0.9159,0.0061,0.9178,0.0064,0.9269,0.0049,0.2620,0.0243,0.7427,0.0176,0.3865,0.0251,0.6521,0.0157
ddim,32,8,3,0.0105,0.0001,polar3,polar,15000,180000,0.9428,0.0023,0.9440,0.0023,0.9500,0.0020,0.3807,0.0243,0.8296,0.0154,0.5213,0.0214,0.7326,0.0118
ddim,32,8,3,0.0105,0.0001,knn,knn,20000,240000,0.5193,0.0045,0.5244,0.0046,0.5219,0.0047,0.0616,0.0008,0.0354,0.0010,0.0449,0.0010,0.2847,0.0021
ddim,32,8,3,0.0105,0.0001,altered_knn,altered_knn,20000,160000,0.8118,0.0205,0.8179,0.0217,0.8408,0.0093,0.0388,0.0051,0.2340,0.0866,0.0642,0.0034,0.4411,0.0125
ddim,32,8,3,0.0105,0.0001,quadratic,quadratic,20000,240000,0.9230,0.0065,0.9249,0.0067,0.9331,0.0054,0.2827,0.0257,0.7444,0.0198,0.4087,0.0251,0.6668,0.0159
ddim,32,8,3,0.0105,0.0001,polar3,polar,20000,240000,0.9441,0.0024,0.9454,0.0025,0.9514,0.0019,0.3794,0.0239,0.8288,0.0145,0.5199,0.0213,0.7326,0.0119
ddim,32,16,3,0.0114,0.0005,knn,knn,2000,48000,0.3676,0.0034,0.3711,0.0036,0.3702,0.0032,0.0390,0.0019,0.0640,0.0021,0.0484,0.0017,0.2097,0.0019
ddim,32,16,3,0.0114,0.0005,altered_knn,altered_knn,2000,32000,0.7705,0.0055,0.7769,0.0060,0.7921,0.0029,0.0471,0.0042,0.2121,0.0222,0.0767,0.0044,0.4268,0.0051
ddim,32,16,3,0.0114,0.0005,quadratic,quadratic,2000,48000,0.8340,0.0014,0.8362,0.0015,0.8431,0.0013,0.2579,0.0135,0.6420,0.0113,0.3677,0.0142,0.6020,0.0079
ddim,32,16,3,0.0114,0.0005,polar3,polar,2000,48000,0.9094,0.0029,0.9116,0.0031,0.9137,0.0029,0.5124,0.0298,0.7191,0.0125,0.5980,0.0226,0.7548,0.0116
ddim,32,16,3,0.0114,0.0005,knn,knn,5000,120000,0.3816,0.0017,0.3852,0.0019,0.3841,0.0012,0.0451,0.0023,0.0644,0.0022,0.0531,0.0022,0.2191,0.0020
ddim,32,16,3,0.0114,0.0005,altered_knn,altered_knn,5000,80000,0.7824,0.0110,0.7889,0.0121,0.8028,0.0033,0.0565,0.0115,0.2193,0.0660,0.0864,0.0098,0.4377,0.0108
ddim,32,16,3,0.0114,0.0005,quadratic,quadratic,5000,120000,0.8747,0.0027,0.8770,0.0028,0.8832,0.0025,0.2926,0.0170,0.6690,0.0121,0.4068,0.0173,0.6419,0.0101
ddim,32,16,3,0.0114,0.0005,polar3,polar,5000,120000,0.9295,0.0012,0.9320,0.0014,0.9338,0.0012,0.5302,0.0302,0.7176,0.0127,0.6094,0.0222,0.7707,0.0112
ddim,32,16,3,0.0114,0.0005,knn,knn,10000,240000,0.3931,0.0014,0.3970,0.0016,0.3959,0.0011,0.0492,0.0010,0.0584,0.0016,0.0534,0.0001,0.2252,0.0008
ddim,32,16,3,0.0114,0.0005,altered_knn,altered_knn,10000,160000,0.7853,0.0100,0.7920,0.0112,0.8052,0.0024,0.0559,0.0101,0.2095,0.0714,0.0841,0.0064,0.4381,0.0086
ddim,32,16,3,0.0114,0.0005,quadratic,quadratic,10000,240000,0.8969,0.0034,0.8995,0.0036,0.9041,0.0032,0.3435,0.0203,0.6701,0.0143,0.4538,0.0193,0.6767,0.0114
ddim,32,16,3,0.0114,0.0005,polar3,polar,10000,240000,0.9337,0.0014,0.9361,0.0016,0.9380,0.0013,0.5313,0.0300,0.7212,0.0129,0.6114,0.0221,0.7738,0.0115
ddim,32,16,3,0.0114,0.0005,knn,knn,15000,360000,0.3986,0.0016,0.4025,0.0018,0.4013,0.0011,0.0490,0.0015,0.0563,0.0030,0.0523,0.0005,0.2274,0.0007
ddim,32,16,3,0.0114,0.0005,altered_knn,altered_knn,15000,240000,0.7864,0.0076,0.7933,0.0084,0.8042,0.0020,0.0545,0.0054,0.1845,0.0645,0.0815,0.0019,0.4374,0.0042
ddim,32,16,3,0.0114,0.0005,quadratic,quadratic,15000,360000,0.9153,0.0031,0.9183,0.0033,0.9209,0.0030,0.4242,0.0233,0.6578,0.0143,0.5154,0.0187,0.7168,0.0109
ddim,32,16,3,0.0114,0.0005,polar3,polar,15000,360000,0.9375,0.0007,0.9399,0.0007,0.9420,0.0004,0.5235,0.0278,0.7318,0.0121,0.6100,0.0214,0.7749,0.0111
ddim,32,16,3,0.0114,0.0005,knn,knn,20000,480000,0.4025,0.0016,0.4065,0.0018,0.4053,0.0011,0.0509,0.0038,0.0555,0.0033,0.0531,0.0033,0.2298,0.0019
ddim,32,16,3,0.0114,0.0005,altered_knn,altered_knn,20000,320000,0.7811,0.0069,0.7876,0.0077,0.8034,0.0022,0.0482,0.0046,0.2183,0.0486,0.0778,0.0039,0.4327,0.0048
ddim,32,16,3,0.0114,0.0005,quadratic,quadratic,20000,480000,0.9242,0.0027,0.9273,0.0028,0.9294,0.0025,0.4604,0.0256,0.6553,0.0150,0.5404,0.0197,0.7339,0.0112
ddim,32,16,3,0.0114,0.0005,polar3,polar,20000,480000,0.9392,0.0020,0.9415,0.0022,0.9438,0.0021,0.5094,0.0277,0.7418,0.0133,0.6036,0.0216,0.7726,0.0107
ddim,64,2,3,0.0100,0.0002,knn,knn,2000,6000,0.8075,0.0131,0.8156,0.0133,0.8116,0.0134,0.0380,0.0173,0.0043,0.0017,0.0077,0.0030,0.4117,0.0079
ddim,64,2,3,0.0100,0.0002,altered_knn,altered_knn,2000,4000,0.6286,0.0382,0.6293,0.0387,0.7694,0.0286,0.0152,0.0018,0.5563,0.0207,0.0295,0.0034,0.3294,0.0209
ddim,64,2,3,0.0100,0.0002,quadratic,quadratic,2000,6000,0.3620,0.0217,0.3599,0.0222,0.4706,0.0185,0.0119,0.0004,0.5654,0.0379,0.0233,0.0006,0.1916,0.0114
ddim,64,2,3,0.0100,0.0002,polar3,polar,2000,6000,0.8519,0.0013,0.8507,0.0013,0.8946,0.0022,0.0909,0.0025,0.9722,0.0061,0.1663,0.0041,0.5085,0.0020
ddim,64,2,3,0.0100,0.0002,knn,knn,5000,15000,0.8177,0.0111,0.8260,0.0114,0.8220,0.0113,0.0395,0.0074,0.0037,0.0009,0.0067,0.0017,0.4163,0.0053
ddim,64,2,3,0.0100,0.0002,altered_knn,altered_knn,5000,10000,0.6512,0.0260,0.6524,0.0262,0.7869,0.0191,0.0156,0.0017,0.5378,0.0094,0.0303,0.0033,0.3413,0.0147
ddim,64,2,3,0.0100,0.0002,quadratic,quadratic,5000,15000,0.4621,0.0321,0.4574,0.0324,0.6158,0.0289,0.0180,0.0015,0.9299,0.0015,0.0353,0.0029,0.2464,0.0176
ddim,64,2,3,0.0100,0.0002,polar3,polar,5000,15000,0.8621,0.0050,0.8610,0.0050,0.9078,0.0034,0.0873,0.0045,0.9746,0.0058,0.1602,0.0075,0.5106,0.0062
ddim,64,2,3,0.0100,0.0002,knn,knn,10000,30000,0.8213,0.0090,0.8296,0.0093,0.8254,0.0092,0.0474,0.0152,0.0033,0.0012,0.0062,0.0023,0.4179,0.0037
ddim,64,2,3,0.0100,0.0002,altered_knn,altered_knn,10000,20000,0.6405,0.0773,0.6412,0.0788,0.7763,0.0598,0.0161,0.0021,0.5642,0.0758,0.0312,0.0040,0.3362,0.0409
ddim,64,2,3,0.0100,0.0002,quadratic,quadratic,10000,30000,0.5041,0.0304,0.4995,0.0307,0.6593,0.0265,0.0196,0.0015,0.9553,0.0077,0.0384,0.0029,0.2690,0.0168
ddim,64,2,3,0.0100,0.0002,polar3,polar,10000,30000,0.8673,0.0062,0.8663,0.0063,0.9152,0.0034,0.0845,0.0056,0.9740,0.0092,0.1555,0.0095,0.5109,0.0079
ddim,64,2,3,0.0100,0.0002,knn,knn,15000,45000,0.8243,0.0092,0.8326,0.0094,0.8284,0.0093,0.0434,0.0093,0.0026,0.0004,0.0050,0.0008,0.4188,0.0048
ddim,64,2,3,0.0100,0.0002,altered_knn,altered_knn,15000,30000,0.6109,0.0537,0.6110,0.0549,0.7551,0.0422,0.0153,0.0009,0.5953,0.0735,0.0299,0.0017,0.3205,0.0276
ddim,64,2,3,0.0100,0.0002,quadratic,quadratic,15000,45000,0.5124,0.0296,0.5079,0.0299,0.6680,0.0257,0.0200,0.0015,0.9623,0.0093,0.0391,0.0029,0.2735,0.0164
ddim,64,2,3,0.0100,0.0002,polar3,polar,15000,45000,0.8699,0.0058,0.8688,0.0059,0.9195,0.0031,0.0824,0.0053,0.9763,0.0081,0.1520,0.0090,0.5104,0.0074
ddim,64,2,3,0.0100,0.0002,knn,knn,20000,60000,0.8252,0.0094,0.8336,0.0097,0.8294,0.0096,0.0401,0.0101,0.0027,0.0010,0.0050,0.0018,0.4193,0.0045
ddim,64,2,3,0.0100,0.0002,altered_knn,altered_knn,20000,40000,0.6144,0.0547,0.6144,0.0560,0.7577,0.0428,0.0157,0.0008,0.6056,0.0792,0.0306,0.0015,0.3225,0.0280
ddim,64,2,3,0.0100,0.0002,quadratic,quadratic,20000,60000,0.5099,0.0335,0.5053,0.0338,0.6666,0.0292,0.0199,0.0016,0.9654,0.0109,0.0389,0.0031,0.2721,0.0185
ddim,64,2,3,0.0100,0.0002,polar3,polar,20000,60000,0.8720,0.0063,0.8710,0.0063,0.9222,0.0035,0.0818,0.0054,0.9759,0.0076,0.1508,0.0091,0.5109,0.0076
ddim,64,4,3,0.0101,0.0004,knn,knn,2000,12000,0.6446,0.0077,0.6510,0.0075,0.6481,0.0069,0.0253,0.0038,0.0097,0.0017,0.0140,0.0023,0.3325,0.0038
ddim,64,4,3,0.0101,0.0004,altered_knn,altered_knn,2000,8000,0.6889,0.0132,0.6905,0.0136,0.8088,0.0089,0.0179,0.0009,0.5332,0.0356,0.0346,0.0018,0.3626,0.0059
ddim,64,4,3,0.0101,0.0004,quadratic,quadratic,2000,12000,0.4081,0.0086,0.4070,0.0089,0.4864,0.0067,0.0155,0.0006,0.5136,0.0242,0.0302,0.0011,0.2186,0.0041
ddim,64,4,3,0.0101,0.0004,polar3,polar,2000,12000,0.8573,0.0025,0.8568,0.0025,0.8840,0.0028,0.1284,0.0030,0.9010,0.0228,0.2248,0.0052,0.5408,0.0033
ddim,64,4,3,0.0101,0.0004,knn,knn,5000,30000,0.6583,0.0050,0.6649,0.0049,0.6617,0.0042,0.0341,0.0007,0.0104,0.0003,0.0159,0.0004,0.3404,0.0026
ddim,64,4,3,0.0101,0.0004,altered_knn,altered_knn,5000,20000,0.6849,0.0632,0.6862,0.0647,0.8054,0.0445,0.0184,0.0010,0.5531,0.0817,0.0356,0.0018,0.3609,0.0328
ddim,64,4,3,0.0101,0.0004,quadratic,quadratic,5000,30000,0.6322,0.0158,0.6298,0.0161,0.7354,0.0090,0.0297,0.0011,0.8651,0.0014,0.0575,0.0021,0.3436,0.0090
ddim,64,4,3,0.0101,0.0004,polar3,polar,5000,30000,0.8843,0.0037,0.8840,0.0035,0.9143,0.0025,0.1212,0.0043,0.9058,0.0234,0.2137,0.0072,0.5489,0.0053
ddim,64,4,3,0.0101,0.0004,knn,knn,10000,60000,0.6661,0.0058,0.6728,0.0056,0.6693,0.0052,0.0425,0.0035,0.0101,0.0004,0.0162,0.0007,0.3445,0.0027
ddim,64,4,3,0.0101,0.0004,altered_knn,altered_knn,10000,40000,0.6421,0.0344,0.6422,0.0354,0.7779,0.0251,0.0178,0.0005,0.6277,0.0617,0.0345,0.0011,0.3384,0.0171
ddim,64,4,3,0.0101,0.0004,quadratic,quadratic,10000,60000,0.6773,0.0154,0.6749,0.0157,0.7822,0.0092,0.0324,0.0011,0.9029,0.0047,0.0626,0.0020,0.3688,0.0087
ddim,64,4,3,0.0101,0.0004,polar3,polar,10000,60000,0.8974,0.0066,0.8974,0.0064,0.9288,0.0050,0.1188,0.0038,0.9068,0.0228,0.2101,0.0066,0.5537,0.0065
ddim,64,4,3,0.0101,0.0004,knn,knn,15000,90000,0.6708,0.0064,0.6776,0.0062,0.6740,0.0058,0.0355,0.0051,0.0078,0.0017,0.0128,0.0026,0.3452,0.0044
ddim,64,4,3,0.0101,0.0004,altered_knn,altered_knn,15000,60000,0.7671,0.0383,0.7704,0.0396,0.8590,0.0200,0.0211,0.0025,0.4426,0.0786,0.0401,0.0041,0.4053,0.0216
ddim,64,4,3,0.0101,0.0004,quadratic,quadratic,15000,90000,0.6855,0.0153,0.6832,0.0155,0.7924,0.0094,0.0326,0.0011,0.9139,0.0073,0.0630,0.0021,0.3731,0.0087
ddim,64,4,3,0.0101,0.0004,polar3,polar,15000,90000,0.9023,0.0054,0.9023,0.0052,0.9341,0.0037,0.1183,0.0037,0.9066,0.0221,0.2093,0.0063,0.5558,0.0058
ddim,64,4,3,0.0101,0.0004,knn,knn,20000,120000,0.6728,0.0061,0.6796,0.0059,0.6761,0.0056,0.0396,0.0081,0.0092,0.0025,0.0149,0.0038,0.3472,0.0021
ddim,64,4,3,0.0101,0.0004,altered_knn,altered_knn,20000,80000,0.7767,0.0326,0.7802,0.0338,0.8652,0.0166,0.0221,0.0025,0.4428,0.0658,0.0419,0.0041,0.4111,0.0189
ddim,64,4,3,0.0101,0.0004,quadratic,quadratic,20000,120000,0.6894,0.0170,0.6871,0.0173,0.7978,0.0109,0.0326,0.0010,0.9198,0.0045,0.0631,0.0019,0.3751,0.0095
ddim,64,4,3,0.0101,0.0004,polar3,polar,20000,120000,0.9035,0.0029,0.9035,0.0029,0.9355,0.0019,0.1178,0.0035,0.9066,0.0220,0.2085,0.0060,0.5560,0.0041
ddim,64,8,3,0.0110,0.0003,knn,knn,2000,24000,0.4978,0.0023,0.5031,0.0022,0.5018,0.0015,0.0261,0.0012,0.0239,0.0007,0.0249,0.0006,0.2640,0.0013
ddim,64,8,3,0.0110,0.0003,altered_knn,altered_knn,2000,16000,0.7884,0.0029,0.7940,0.0029,0.8427,0.0018,0.0247,0.0013,0.2855,0.0150,0.0454,0.0025,0.4197,0.0021
ddim,64,8,3,0.0110,0.0003,quadratic,quadratic,2000,24000,0.4704,0.0020,0.4701,0.0019,0.5218,0.0021,0.0262,0.0007,0.4942,0.0082,0.0498,0.0013,0.2600,0.0013
ddim,64,8,3,0.0110,0.0003,polar3,polar,2000,24000,0.8670,0.0012,0.8678,0.0010,0.8843,0.0008,0.1821,0.0044,0.7947,0.0226,0.2962,0.0073,0.5820,0.0039
ddim,64,8,3,0.0110,0.0003,knn,knn,5000,60000,0.5131,0.0015,0.5185,0.0016,0.5168,0.0021,0.0282,0.0012,0.0218,0.0005,0.0246,0.0007,0.2716,0.0007
ddim,64,8,3,0.0110,0.0003,altered_knn,altered_knn,5000,40000,0.7479,0.0444,0.7516,0.0459,0.8306,0.0197,0.0241,0.0041,0.4223,0.0890,0.0453,0.0065,0.3984,0.0261
ddim,64,8,3,0.0110,0.0003,quadratic,quadratic,5000,60000,0.7075,0.0043,0.7070,0.0044,0.7622,0.0022,0.0536,0.0022,0.7515,0.0048,0.1000,0.0039,0.4035,0.0039
ddim,64,8,3,0.0110,0.0003,polar3,polar,5000,60000,0.8963,0.0020,0.8974,0.0018,0.9153,0.0019,0.1756,0.0038,0.7972,0.0235,0.2878,0.0063,0.5926,0.0037
ddim,64,8,3,0.0110,0.0003,knn,knn,10000,120000,0.5235,0.0009,0.5291,0.0008,0.5270,0.0002,0.0305,0.0027,0.0197,0.0021,0.0239,0.0024,0.2765,0.0010
ddim,64,8,3,0.0110,0.0003,altered_knn,altered_knn,10000,80000,0.7949,0.0383,0.7999,0.0399,0.8550,0.0160,0.0280,0.0039,0.3401,0.0921,0.0511,0.0059,0.4255,0.0229
ddim,64,8,3,0.0110,0.0003,quadratic,quadratic,10000,120000,0.7636,0.0025,0.7632,0.0026,0.8201,0.0016,0.0589,0.0017,0.7949,0.0048,0.1096,0.0029,0.4364,0.0022
ddim,64,8,3,0.0110,0.0003,polar3,polar,10000,120000,0.9096,0.0028,0.9108,0.0026,0.9291,0.0028,0.1752,0.0041,0.7970,0.0241,0.2873,0.0067,0.5991,0.0040
ddim,64,8,3,0.0110,0.0003,knn,knn,15000,180000,0.5287,0.0020,0.5344,0.0019,0.5322,0.0013,0.0325,0.0025,0.0201,0.0017,0.0248,0.0020,0.2796,0.0014
ddim,64,8,3,0.0110,0.0003,altered_knn,altered_knn,15000,120000,0.7630,0.0902,0.7668,0.0932,0.8360,0.0478,0.0288,0.0055,0.4181,0.1789,0.0528,0.0085,0.4098,0.0507
ddim,64,8,3,0.0110,0.0003,quadratic,quadratic,15000,180000,0.7809,0.0030,0.7806,0.0031,0.8383,0.0021,0.0603,0.0019,0.8083,0.0026,0.1121,0.0032,0.4464,0.0026
ddim,64,8,3,0.0110,0.0003,polar3,polar,15000,180000,0.9124,0.0009,0.9137,0.0007,0.9321,0.0009,0.1750,0.0042,0.7966,0.0248,0.2870,0.0069,0.6003,0.0037
ddim,64,8,3,0.0110,0.0003,knn,knn,20000,240000,0.5325,0.0010,0.5382,0.0010,0.5361,0.0015,0.0297,0.0011,0.0176,0.0014,0.0221,0.0014,0.2802,0.0009
ddim,64,8,3,0.0110,0.0003,altered_knn,altered_knn,20000,160000,0.8281,0.0014,0.8341,0.0012,0.8718,0.0012,0.0328,0.0007,0.2926,0.0116,0.0589,0.0014,0.4465,0.0010
ddim,64,8,3,0.0110,0.0003,quadratic,quadratic,20000,240000,0.8009,0.0025,0.8008,0.0025,0.8556,0.0021,0.0645,0.0014,0.8108,0.0073,0.1195,0.0023,0.4601,0.0015
ddim,64,8,3,0.0110,0.0003,polar3,polar,20000,240000,0.9149,0.0033,0.9162,0.0031,0.9346,0.0032,0.1749,0.0043,0.7959,0.0250,0.2867,0.0071,0.6014,0.0045
ddim,64,16,3,0.0118,0.0003,knn,knn,2000,48000,0.3693,0.0020,0.3732,0.0020,0.3724,0.0015,0.0263,0.0006,0.0416,0.0017,0.0322,0.0009,0.2027,0.0012
ddim,64,16,3,0.0118,0.0003,altered_knn,altered_knn,2000,32000,0.7570,0.0334,0.7629,0.0352,0.8055,0.0104,0.0296,0.0052,0.2721,0.1093,0.0516,0.0059,0.4072,0.0205
ddim,64,16,3,0.0118,0.0003,quadratic,quadratic,2000,48000,0.5054,0.0022,0.5050,0.0021,0.5414,0.0022,0.0434,0.0014,0.5313,0.0083,0.0803,0.0025,0.2927,0.0022
ddim,64,16,3,0.0118,0.0003,polar3,polar,2000,48000,0.8635,0.0011,0.8645,0.0012,0.8739,0.0010,0.2745,0.0071,0.7741,0.0173,0.4053,0.0099,0.6349,0.0046
ddim,64,16,3,0.0118,0.0003,knn,knn,5000,120000,0.3848,0.0005,0.3889,0.0004,0.3879,0.0005,0.0274,0.0016,0.0373,0.0015,0.0316,0.0016,0.2103,0.0008
ddim,64,16,3,0.0118,0.0003,altered_knn,altered_knn,5000,80000,0.7721,0.0320,0.7777,0.0335,0.8221,0.0113,0.0316,0.0041,0.3046,0.0934,0.0565,0.0054,0.4171,0.0192
ddim,64,16,3,0.0118,0.0003,quadratic,quadratic,5000,120000,0.7243,0.0034,0.7244,0.0033,0.7573,0.0026,0.0867,0.0031,0.7178,0.0144,0.1548,0.0053,0.4396,0.0040
ddim,64,16,3,0.0118,0.0003,polar3,polar,5000,120000,0.8996,0.0028,0.9011,0.0027,0.9109,0.0025,0.2770,0.0083,0.7741,0.0162,0.4080,0.0112,0.6546,0.0067
ddim,64,16,3,0.0118,0.0003,knn,knn,10000,240000,0.3952,0.0016,0.3995,0.0015,0.3983,0.0012,0.0291,0.0011,0.0347,0.0010,0.0317,0.0011,0.2156,0.0013
ddim,64,16,3,0.0118,0.0003,altered_knn,altered_knn,10000,160000,0.7668,0.0270,0.7715,0.0287,0.8271,0.0077,0.0318,0.0041,0.3792,0.1058,0.0578,0.0049,0.4146,0.0167
ddim,64,16,3,0.0118,0.0003,quadratic,quadratic,10000,240000,0.7985,0.0034,0.7990,0.0033,0.8287,0.0025,0.1079,0.0041,0.7557,0.0166,0.1888,0.0068,0.4939,0.0046
ddim,64,16,3,0.0118,0.0003,polar3,polar,10000,240000,0.9077,0.0021,0.9093,0.0020,0.9193,0.0017,0.2761,0.0090,0.7742,0.0165,0.4070,0.0119,0.6581,0.0068
ddim,64,16,3,0.0118,0.0003,knn,knn,15000,360000,0.4014,0.0022,0.4058,0.0022,0.4044,0.0019,0.0297,0.0019,0.0333,0.0020,0.0314,0.0019,0.2186,0.0019
ddim,64,16,3,0.0118,0.0003,altered_knn,altered_knn,15000,240000,0.8137,0.0036,0.8207,0.0038,0.8443,0.0011,0.0406,0.0017,0.2329,0.0170,0.0690,0.0017,0.4448,0.0027
ddim,64,16,3,0.0118,0.0003,quadratic,quadratic,15000,360000,0.8431,0.0033,0.8441,0.0033,0.8680,0.0026,0.1355,0.0049,0.7622,0.0179,0.2300,0.0078,0.5371,0.0050
ddim,64,16,3,0.0118,0.0003,polar3,polar,15000,360000,0.9031,0.0020,0.9046,0.0020,0.9152,0.0022,0.2711,0.0088,0.7760,0.0164,0.4018,0.0119,0.6532,0.0061
ddim,64,16,3,0.0118,0.0003,knn,knn,20000,480000,0.4057,0.0017,0.4101,0.0016,0.4087,0.0014,0.0314,0.0016,0.0341,0.0027,0.0327,0.0021,0.2214,0.0010
ddim,64,16,3,0.0118,0.0003,altered_knn,altered_knn,20000,320000,0.8007,0.0305,0.8066,0.0320,0.8416,0.0099,0.0416,0.0074,0.3020,0.0999,0.0713,0.0093,0.4390,0.0206
ddim,64,16,3,0.0118,0.0003,quadratic,quadratic,20000,480000,0.8638,0.0026,0.8649,0.0026,0.8861,0.0020,0.1529,0.0051,0.7656,0.0170,0.2549,0.0080,0.5599,0.0046
ddim,64,16,3,0.0118,0.0003,polar3,polar,20000,480000,0.9009,0.0018,0.9024,0.0018,0.9134,0.0014,0.2678,0.0080,0.7771,0.0167,0.3983,0.0109,0.6504,0.0055
ddim,128,2,3,0.0087,0.0002,knn,knn,2000,6000,0.8290,0.0022,0.8363,0.0024,0.8328,0.0024,0.0203,0.0160,0.0031,0.0023,0.0053,0.0040,0.4208,0.0013
ddim,128,2,3,0.0087,0.0002,altered_knn,altered_knn,2000,4000,0.5364,0.0093,0.5360,0.0093,0.6962,0.0079,0.0109,0.0005,0.5850,0.0141,0.0215,0.0009,0.2787,0.0051
ddim,128,2,3,0.0087,0.0002,quadratic,quadratic,2000,6000,0.2956,0.0096,0.2938,0.0098,0.3824,0.0095,0.0093,0.0004,0.5007,0.0193,0.0182,0.0008,0.1560,0.0049
ddim,128,2,3,0.0087,0.0002,polar3,polar,2000,6000,0.7236,0.0031,0.7214,0.0032,0.8185,0.0014,0.0349,0.0016,0.9794,0.0114,0.0674,0.0030,0.3944,0.0026
ddim,128,2,3,0.0087,0.0002,knn,knn,5000,15000,0.8380,0.0047,0.8453,0.0048,0.8418,0.0048,0.0345,0.0026,0.0042,0.0006,0.0075,0.0010,0.4264,0.0027
ddim,128,2,3,0.0087,0.0002,altered_knn,altered_knn,5000,10000,0.5749,0.0092,0.5751,0.0092,0.7283,0.0074,0.0113,0.0004,0.5520,0.0100,0.0221,0.0008,0.2986,0.0050
ddim,128,2,3,0.0087,0.0002,quadratic,quadratic,5000,15000,0.3002,0.0042,0.2981,0.0044,0.3948,0.0042,0.0095,0.0003,0.5381,0.0118,0.0186,0.0005,0.1583,0.0022
ddim,128,2,3,0.0087,0.0002,polar3,polar,5000,15000,0.7149,0.0032,0.7126,0.0032,0.8173,0.0038,0.0325,0.0014,0.9798,0.0120,0.0628,0.0026,0.3877,0.0024
ddim,128,2,3,0.0087,0.0002,knn,knn,10000,30000,0.8461,0.0049,0.8535,0.0050,0.8499,0.0050,0.0300,0.0177,0.0027,0.0011,0.0049,0.0020,0.4292,0.0015
ddim,128,2,3,0.0087,0.0002,altered_knn,altered_knn,10000,20000,0.5981,0.0105,0.5987,0.0106,0.7470,0.0083,0.0114,0.0004,0.5251,0.0052,0.0222,0.0007,0.3105,0.0056
ddim,128,2,3,0.0087,0.0002,quadratic,quadratic,10000,30000,0.2166,0.0100,0.2111,0.0101,0.3309,0.0123,0.0100,0.0003,0.8366,0.0117,0.0198,0.0007,0.1155,0.0052
ddim,128,2,3,0.0087,0.0002,polar3,polar,10000,30000,0.7085,0.0038,0.7062,0.0037,0.8154,0.0025,0.0311,0.0016,0.9798,0.0120,0.0602,0.0030,0.3832,0.0034
ddim,128,2,3,0.0087,0.0002,knn,knn,15000,45000,0.8469,0.0029,0.8543,0.0029,0.8508,0.0030,0.0350,0.0133,0.0031,0.0006,0.0056,0.0012,0.4300,0.0009
ddim,128,2,3,0.0087,0.0002,altered_knn,altered_knn,15000,30000,0.6100,0.0097,0.6108,0.0097,0.7563,0.0075,0.0114,0.0005,0.5116,0.0089,0.0223,0.0010,0.3166,0.0053
ddim,128,2,3,0.0087,0.0002,quadratic,quadratic,15000,45000,0.1072,0.0046,0.0995,0.0046,0.1799,0.0075,0.0096,0.0003,0.9885,0.0033,0.0190,0.0005,0.0593,0.0023
ddim,128,2,3,0.0087,0.0002,polar3,polar,15000,45000,0.7030,0.0010,0.7005,0.0011,0.8116,0.0008,0.0304,0.0010,0.9782,0.0134,0.0589,0.0019,0.3797,0.0007
ddim,128,2,3,0.0087,0.0002,knn,knn,20000,60000,0.8490,0.0037,0.8565,0.0037,0.8528,0.0038,0.0184,0.0161,0.0012,0.0010,0.0022,0.0018,0.4293,0.0012
ddim,128,2,3,0.0087,0.0002,altered_knn,altered_knn,20000,40000,0.6186,0.0090,0.6195,0.0090,0.7630,0.0069,0.0117,0.0005,0.5123,0.0076,0.0228,0.0010,0.3212,0.0049
ddim,128,2,3,0.0087,0.0002,quadratic,quadratic,20000,60000,0.0934,0.0034,0.0855,0.0034,0.1571,0.0058,0.0095,0.0003,0.9935,0.0043,0.0188,0.0005,0.0521,0.0017
ddim,128,2,3,0.0087,0.0002,polar3,polar,20000,60000,0.7064,0.0016,0.7040,0.0016,0.8154,0.0015,0.0304,0.0012,0.9782,0.0131,0.0590,0.0022,0.3815,0.0017
ddim,128,4,3,0.0078,0.0001,knn,knn,2000,12000,0.6794,0.0009,0.6847,0.0009,0.6827,0.0009,0.0120,0.0018,0.0064,0.0016,0.0083,0.0018,0.3465,0.0012
ddim,128,4,3,0.0078,0.0001,altered_knn,altered_knn,2000,8000,0.5129,0.0042,0.5120,0.0043,0.6749,0.0033,0.0099,0.0002,0.6224,0.0153,0.0196,0.0004,0.2658,0.0022
ddim,128,4,3,0.0078,0.0001,quadratic,quadratic,2000,12000,0.2028,0.0018,0.2007,0.0018,0.2602,0.0015,0.0080,0.0002,0.4751,0.0085,0.0158,0.0003,0.1082,0.0010
ddim,128,4,3,0.0078,0.0001,polar3,polar,2000,12000,0.6977,0.0034,0.6955,0.0034,0.7705,0.0044,0.0379,0.0011,0.9780,0.0040,0.0729,0.0020,0.3842,0.0020
ddim,128,4,3,0.0078,0.0001,knn,knn,5000,30000,0.6921,0.0033,0.6975,0.0033,0.6953,0.0033,0.0203,0.0014,0.0090,0.0018,0.0124,0.0020,0.3549,0.0023
ddim,128,4,3,0.0078,0.0001,altered_knn,altered_knn,5000,20000,0.5168,0.0033,0.5159,0.0033,0.6787,0.0029,0.0102,0.0001,0.6330,0.0051,0.0201,0.0002,0.2680,0.0017
ddim,128,4,3,0.0078,0.0001,quadratic,quadratic,5000,30000,0.2388,0.0004,0.2370,0.0003,0.3019,0.0009,0.0084,0.0001,0.4687,0.0045,0.0165,0.0002,0.1268,0.0002
ddim,128,4,3,0.0078,0.0001,polar3,polar,5000,30000,0.6946,0.0057,0.6924,0.0057,0.7668,0.0072,0.0377,0.0004,0.9788,0.0041,0.0726,0.0007,0.3825,0.0026
ddim,128,4,3,0.0078,0.0001,knn,knn,10000,60000,0.7035,0.0017,0.7090,0.0017,0.7066,0.0019,0.0155,0.0054,0.0053,0.0020,0.0079,0.0029,0.3584,0.0007
ddim,128,4,3,0.0078,0.0001,altered_knn,altered_knn,10000,40000,0.5410,0.0043,0.5404,0.0043,0.6996,0.0036,0.0105,0.0001,0.6219,0.0053,0.0207,0.0002,0.2806,0.0023
ddim,128,4,3,0.0078,0.0001,quadratic,quadratic,10000,60000,0.2472,0.0073,0.2428,0.0075,0.3558,0.0076,0.0098,0.0001,0.8039,0.0161,0.0194,0.0001,0.1311,0.0037
ddim,128,4,3,0.0078,0.0001,polar3,polar,10000,60000,0.7042,0.0102,0.7021,0.0102,0.7773,0.0117,0.0375,0.0005,0.9780,0.0045,0.0723,0.0010,0.3872,0.0053
ddim,128,4,3,0.0078,0.0001,knn,knn,15000,90000,0.7061,0.0018,0.7116,0.0018,0.7092,0.0019,0.0150,0.0055,0.0049,0.0017,0.0074,0.0026,0.3595,0.0022
ddim,128,4,3,0.0078,0.0001,altered_knn,altered_knn,15000,60000,0.5550,0.0035,0.5546,0.0035,0.7115,0.0029,0.0106,0.0001,0.6054,0.0071,0.0208,0.0003,0.2877,0.0019
ddim,128,4,3,0.0078,0.0001,quadratic,quadratic,15000,90000,0.1852,0.0053,0.1790,0.0054,0.2969,0.0072,0.0095,0.0000,0.9688,0.0008,0.0188,0.0001,0.0989,0.0027
ddim,128,4,3,0.0078,0.0001,polar3,polar,15000,90000,0.6968,0.0117,0.6946,0.0118,0.7690,0.0139,0.0373,0.0002,0.9782,0.0041,0.0718,0.0003,0.3832,0.0060
ddim,128,4,3,0.0078,0.0001,knn,knn,20000,120000,0.7093,0.0025,0.7148,0.0024,0.7124,0.0025,0.0221,0.0109,0.0073,0.0036,0.0109,0.0054,0.3629,0.0033
ddim,128,4,3,0.0078,0.0001,altered_knn,altered_knn,20000,80000,0.5631,0.0030,0.5628,0.0029,0.7182,0.0024,0.0107,0.0002,0.6031,0.0108,0.0211,0.0004,0.2920,0.0016
ddim,128,4,3,0.0078,0.0001,quadratic,quadratic,20000,120000,0.1728,0.0044,0.1664,0.0045,0.2819,0.0065,0.0094,0.0001,0.9852,0.0032,0.0186,0.0001,0.0925,0.0022
ddim,128,4,3,0.0078,0.0001,polar3,polar,20000,120000,0.6939,0.0149,0.6916,0.0150,0.7633,0.0179,0.0379,0.0002,0.9780,0.0031,0.0730,0.0003,0.3823,0.0075
ddim,128,8,3,0.0077,0.0001,knn,knn,2000,24000,0.5384,0.0018,0.5424,0.0018,0.5422,0.0022,0.0117,0.0010,0.0174,0.0014,0.0139,0.0011,0.2782,0.0014
ddim,128,8,3,0.0077,0.0001,altered_knn,altered_knn,2000,16000,0.5957,0.0038,0.5960,0.0038,0.7396,0.0029,0.0109,0.0004,0.5609,0.0075,0.0214,0.0007,0.3087,0.0022
ddim,128,8,3,0.0077,0.0001,quadratic,quadratic,2000,24000,0.1514,0.0015,0.1486,0.0016,0.1989,0.0014,0.0077,0.0002,0.5128,0.0138,0.0152,0.0004,0.0819,0.0006
ddim,128,8,3,0.0077,0.0001,polar3,polar,2000,24000,0.7015,0.0112,0.6995,0.0112,0.7496,0.0142,0.0494,0.0007,0.9615,0.0113,0.0940,0.0012,0.3968,0.0050
ddim,128,8,3,0.0077,0.0001,knn,knn,5000,60000,0.5555,0.0004,0.5597,0.0003,0.5591,0.0008,0.0141,0.0016,0.0189,0.0028,0.0161,0.0021,0.2879,0.0012
ddim,128,8,3,0.0077,0.0001,altered_knn,altered_knn,5000,40000,0.5181,0.0005,0.5170,0.0005,0.6784,0.0005,0.0104,0.0003,0.6546,0.0100,0.0205,0.0005,0.2688,0.0004
ddim,128,8,3,0.0077,0.0001,quadratic,quadratic,5000,60000,0.2120,0.0019,0.2102,0.0020,0.2634,0.0014,0.0085,0.0002,0.4504,0.0138,0.0166,0.0004,0.1134,0.0008
ddim,128,8,3,0.0077,0.0001,polar3,polar,5000,60000,0.7221,0.0129,0.7203,0.0131,0.7701,0.0151,0.0508,0.0008,0.9604,0.0119,0.0965,0.0014,0.4084,0.0060
ddim,128,8,3,0.0077,0.0001,knn,knn,10000,120000,0.5685,0.0014,0.5728,0.0015,0.5717,0.0011,0.0152,0.0019,0.0158,0.0013,0.0155,0.0016,0.2941,0.0015
ddim,128,8,3,0.0077,0.0001,altered_knn,altered_knn,10000,80000,0.5450,0.0006,0.5443,0.0006,0.7017,0.0005,0.0107,0.0003,0.6307,0.0105,0.0210,0.0006,0.2826,0.0005
ddim,128,8,3,0.0077,0.0001,quadratic,quadratic,10000,120000,0.2939,0.0021,0.2902,0.0021,0.3923,0.0018,0.0113,0.0001,0.7711,0.0053,0.0222,0.0001,0.1562,0.0011
ddim,128,8,3,0.0077,0.0001,polar3,polar,10000,120000,0.7445,0.0075,0.7428,0.0076,0.7918,0.0093,0.0519,0.0008,0.9604,0.0120,0.0985,0.0015,0.4207,0.0030
ddim,128,8,3,0.0077,0.0001,knn,knn,15000,180000,0.5744,0.0007,0.5787,0.0007,0.5776,0.0007,0.0156,0.0029,0.0151,0.0023,0.0153,0.0026,0.2970,0.0013
ddim,128,8,3,0.0077,0.0001,altered_knn,altered_knn,15000,120000,0.5593,0.0003,0.5589,0.0003,0.7138,0.0001,0.0107,0.0003,0.6149,0.0103,0.0211,0.0006,0.2900,0.0004
ddim,128,8,3,0.0077,0.0001,quadratic,quadratic,15000,180000,0.2906,0.0030,0.2856,0.0030,0.4207,0.0034,0.0112,0.0000,0.9375,0.0032,0.0221,0.0001,0.1538,0.0015
ddim,128,8,3,0.0077,0.0001,polar3,polar,15000,180000,0.7408,0.0106,0.7391,0.0107,0.7837,0.0144,0.0527,0.0006,0.9600,0.0125,0.1000,0.0011,0.4195,0.0048
ddim,128,8,3,0.0077,0.0001,knn,knn,20000,240000,0.5787,0.0013,0.5831,0.0013,0.5819,0.0009,0.0159,0.0023,0.0149,0.0020,0.0154,0.0022,0.2992,0.0013
ddim,128,8,3,0.0077,0.0001,altered_knn,altered_knn,20000,160000,0.5684,0.0007,0.5681,0.0006,0.7213,0.0004,0.0109,0.0003,0.6097,0.0075,0.0214,0.0005,0.2947,0.0005
ddim,128,8,3,0.0077,0.0001,quadratic,quadratic,20000,240000,0.2913,0.0008,0.2860,0.0009,0.4310,0.0009,0.0110,0.0001,0.9695,0.0015,0.0218,0.0002,0.1539,0.0004
ddim,128,8,3,0.0077,0.0001,polar3,polar,20000,240000,0.7527,0.0132,0.7511,0.0134,0.7978,0.0151,0.0536,0.0008,0.9604,0.0126,0.1015,0.0015,0.4263,0.0059
ddim,128,16,3,0.0069,0.0003,knn,knn,2000,48000,0.4087,0.0015,0.4113,0.0015,0.4124,0.0015,0.0126,0.0013,0.0366,0.0019,0.0187,0.0017,0.2150,0.0010
ddim,128,16,3,0.0069,0.0003,altered_knn,altered_knn,2000,32000,0.5331,0.0590,0.5324,0.0599,0.6836,0.0451,0.0096,0.0004,0.6271,0.0735,0.0189,0.0008,0.2756,0.0301
ddim,128,16,3,0.0069,0.0003,quadratic,quadratic,2000,48000,0.1197,0.0018,0.1164,0.0020,0.1658,0.0023,0.0070,0.0003,0.6060,0.0092,0.0138,0.0006,0.0651,0.0008
ddim,128,16,3,0.0069,0.0003,polar3,polar,2000,48000,0.7143,0.0016,0.7127,0.0017,0.7421,0.0021,0.0643,0.0026,0.9445,0.0050,0.1204,0.0045,0.4165,0.0014
ddim,128,16,3,0.0069,0.0003,knn,knn,5000,120000,0.4281,0.0020,0.4308,0.0020,0.4317,0.0021,0.0118,0.0010,0.0301,0.0015,0.0170,0.0012,0.2239,0.0011
ddim,128,16,3,0.0069,0.0003,altered_knn,altered_knn,5000,80000,0.6512,0.0081,0.6523,0.0082,0.7740,0.0051,0.0108,0.0006,0.5015,0.0102,0.0211,0.0012,0.3367,0.0044
ddim,128,16,3,0.0069,0.0003,quadratic,quadratic,5000,120000,0.2000,0.0012,0.1979,0.0013,0.2499,0.0011,0.0083,0.0003,0.5054,0.0042,0.0163,0.0007,0.1071,0.0005
ddim,128,16,3,0.0069,0.0003,polar3,polar,5000,120000,0.7405,0.0020,0.7391,0.0021,0.7662,0.0028,0.0650,0.0026,0.9455,0.0039,0.1215,0.0045,0.4303,0.0013
ddim,128,16,3,0.0069,0.0003,knn,knn,10000,240000,0.4411,0.0008,0.4440,0.0008,0.4443,0.0006,0.0140,0.0008,0.0299,0.0025,0.0191,0.0012,0.2315,0.0002
ddim,128,16,3,0.0069,0.0003,altered_knn,altered_knn,10000,160000,0.6375,0.0503,0.6383,0.0511,0.7658,0.0344,0.0108,0.0009,0.5305,0.0585,0.0212,0.0018,0.3297,0.0263
ddim,128,16,3,0.0069,0.0003,quadratic,quadratic,10000,240000,0.3327,0.0021,0.3297,0.0022,0.4193,0.0010,0.0124,0.0005,0.7762,0.0065,0.0244,0.0011,0.1770,0.0011
ddim,128,16,3,0.0069,0.0003,polar3,polar,10000,240000,0.7587,0.0022,0.7574,0.0022,0.7830,0.0021,0.0671,0.0025,0.9441,0.0045,0.1253,0.0044,0.4414,0.0021
ddim,128,16,3,0.0069,0.0003,knn,knn,15000,360000,0.4473,0.0010,0.4503,0.0009,0.4505,0.0010,0.0126,0.0009,0.0258,0.0005,0.0169,0.0008,0.2336,0.0006
ddim,128,16,3,0.0069,0.0003,altered_knn,altered_knn,15000,240000,0.5396,0.0323,0.5389,0.0327,0.6953,0.0265,0.0098,0.0006,0.6470,0.0219,0.0193,0.0013,0.2791,0.0168
ddim,128,16,3,0.0069,0.0003,quadratic,quadratic,15000,360000,0.4109,0.0041,0.4073,0.0041,0.5305,0.0030,0.0137,0.0006,0.9330,0.0030,0.0270,0.0012,0.2172,0.0024
ddim,128,16,3,0.0069,0.0003,polar3,polar,15000,360000,0.7772,0.0019,0.7760,0.0018,0.8035,0.0027,0.0688,0.0028,0.9430,0.0045,0.1282,0.0049,0.4521,0.0034
ddim,128,16,3,0.0069,0.0003,knn,knn,20000,480000,0.4521,0.0017,0.4551,0.0017,0.4553,0.0017,0.0121,0.0012,0.0244,0.0010,0.0162,0.0013,0.2356,0.0008
ddim,128,16,3,0.0069,0.0003,altered_knn,altered_knn,20000,320000,0.5903,0.0016,0.5902,0.0017,0.7362,0.0014,0.0103,0.0006,0.5992,0.0096,0.0202,0.0012,0.3052,0.0009
ddim,128,16,3,0.0069,0.0003,quadratic,quadratic,20000,480000,0.4509,0.0031,0.4474,0.0033,0.5804,0.0028,0.0143,0.0006,0.9583,0.0013,0.0281,0.0011,0.2377,0.0014
ddim,128,16,3,0.0069,0.0003,polar3,polar,20000,480000,0.7899,0.0011,0.7888,0.0012,0.8190,0.0013,0.0695,0.0028,0.9426,0.0048,0.1294,0.0048,0.4591,0.0021
ddim,256,2,3,0.0086,0.0001,knn,knn,2000,6000,0.8387,0.0042,0.8459,0.0043,0.8426,0.0042,0.0127,0.0025,0.0023,0.0010,0.0039,0.0015,0.4249,0.0014
ddim,256,2,3,0.0086,0.0001,altered_knn,altered_knn,2000,4000,0.5516,0.0043,0.5515,0.0045,0.7091,0.0038,0.0109,0.0000,0.5652,0.0092,0.0213,0.0001,0.2864,0.0022
ddim,256,2,3,0.0086,0.0001,quadratic,quadratic,2000,6000,0.2408,0.0057,0.2382,0.0058,0.3270,0.0053,0.0086,0.0003,0.5483,0.0151,0.0170,0.0006,0.1276,0.0031
ddim,256,2,3,0.0086,0.0001,polar3,polar,2000,6000,0.5595,0.0098,0.5557,0.0098,0.6963,0.0089,0.0209,0.0006,0.9900,0.0028,0.0410,0.0012,0.2984,0.0055
ddim,256,2,3,0.0086,0.0001,knn,knn,5000,15000,0.8490,0.0022,0.8564,0.0022,0.8529,0.0022,0.0100,0.0078,0.0012,0.0009,0.0021,0.0017,0.4292,0.0019
ddim,256,2,3,0.0086,0.0001,altered_knn,altered_knn,5000,10000,0.5884,0.0040,0.5889,0.0040,0.7392,0.0033,0.0112,0.0001,0.5333,0.0086,0.0219,0.0002,0.3054,0.0021
ddim,256,2,3,0.0086,0.0001,quadratic,quadratic,5000,15000,0.2511,0.0076,0.2487,0.0077,0.3369,0.0072,0.0086,0.0001,0.5262,0.0107,0.0169,0.0003,0.1328,0.0039
ddim,256,2,3,0.0086,0.0001,polar3,polar,5000,15000,0.5157,0.0027,0.5116,0.0027,0.6645,0.0030,0.0184,0.0002,0.9915,0.0024,0.0362,0.0004,0.2739,0.0014
ddim,256,2,3,0.0086,0.0001,knn,knn,10000,30000,0.8558,0.0030,0.8632,0.0030,0.8597,0.0030,0.0219,0.0160,0.0023,0.0016,0.0042,0.0029,0.4337,0.0029
ddim,256,2,3,0.0086,0.0001,altered_knn,altered_knn,10000,20000,0.6083,0.0061,0.6092,0.0062,0.7550,0.0048,0.0110,0.0001,0.4989,0.0086,0.0215,0.0003,0.3154,0.0032
ddim,256,2,3,0.0086,0.0001,quadratic,quadratic,10000,30000,0.2514,0.0047,0.2488,0.0048,0.3401,0.0049,0.0088,0.0002,0.5541,0.0155,0.0174,0.0004,0.1331,0.0025
ddim,256,2,3,0.0086,0.0001,polar3,polar,10000,30000,0.4877,0.0037,0.4833,0.0037,0.6402,0.0041,0.0173,0.0002,0.9930,0.0025,0.0341,0.0005,0.2587,0.0020
ddim,256,2,3,0.0086,0.0001,knn,knn,15000,45000,0.8587,0.0022,0.8661,0.0023,0.8625,0.0022,0.0237,0.0184,0.0019,0.0015,0.0036,0.0027,0.4349,0.0012
ddim,256,2,3,0.0086,0.0001,altered_knn,altered_knn,15000,30000,0.6194,0.0052,0.6206,0.0052,0.7637,0.0039,0.0110,0.0002,0.4834,0.0023,0.0215,0.0004,0.3210,0.0028
ddim,256,2,3,0.0086,0.0001,quadratic,quadratic,15000,45000,0.2403,0.0002,0.2372,0.0002,0.3315,0.0007,0.0090,0.0002,0.5964,0.0074,0.0177,0.0003,0.1274,0.0003
ddim,256,2,3,0.0086,0.0001,polar3,polar,15000,45000,0.4756,0.0025,0.4711,0.0024,0.6299,0.0026,0.0169,0.0002,0.9927,0.0022,0.0331,0.0005,0.2521,0.0015
ddim,256,2,3,0.0086,0.0001,knn,knn,20000,60000,0.8597,0.0037,0.8671,0.0038,0.8635,0.0037,0.0046,0.0065,0.0004,0.0005,0.0007,0.0010,0.4339,0.0023
ddim,256,2,3,0.0086,0.0001,altered_knn,altered_knn,20000,40000,0.6268,0.0060,0.6282,0.0060,0.7694,0.0045,0.0110,0.0002,0.4750,0.0050,0.0215,0.0004,0.3248,0.0032
ddim,256,2,3,0.0086,0.0001,quadratic,quadratic,20000,60000,0.2172,0.0040,0.2134,0.0042,0.3104,0.0040,0.0090,0.0003,0.6572,0.0236,0.0178,0.0005,0.1156,0.0019
ddim,256,2,3,0.0086,0.0001,polar3,polar,20000,60000,0.4673,0.0005,0.4627,0.0005,0.6227,0.0004,0.0165,0.0002,0.9919,0.0044,0.0325,0.0003,0.2476,0.0004
ddim,256,4,3,0.0073,0.0002,knn,knn,2000,12000,0.7048,0.0016,0.7100,0.0018,0.7084,0.0016,0.0096,0.0014,0.0059,0.0018,0.0072,0.0016,0.3586,0.0006
ddim,256,4,3,0.0073,0.0002,altered_knn,altered_knn,2000,8000,0.5130,0.0072,0.5123,0.0074,0.6755,0.0064,0.0092,0.0004,0.6128,0.0192,0.0182,0.0008,0.2652,0.0035
ddim,256,4,3,0.0073,0.0002,quadratic,quadratic,2000,12000,0.1425,0.0028,0.1392,0.0030,0.1960,0.0029,0.0075,0.0003,0.5933,0.0137,0.0147,0.0007,0.0770,0.0014
ddim,256,4,3,0.0073,0.0002,polar3,polar,2000,12000,0.4957,0.0049,0.4921,0.0050,0.6260,0.0022,0.0167,0.0006,0.9823,0.0028,0.0328,0.0013,0.2624,0.0029
ddim,256,4,3,0.0073,0.0002,knn,knn,5000,30000,0.7232,0.0022,0.7285,0.0023,0.7263,0.0024,0.0175,0.0012,0.0063,0.0006,0.0093,0.0008,0.3689,0.0009
ddim,256,4,3,0.0073,0.0002,altered_knn,altered_knn,5000,20000,0.5439,0.0028,0.5436,0.0027,0.7025,0.0023,0.0093,0.0005,0.5779,0.0104,0.0183,0.0010,0.2810,0.0019
ddim,256,4,3,0.0073,0.0002,quadratic,quadratic,5000,30000,0.1642,0.0017,0.1616,0.0018,0.2158,0.0016,0.0074,0.0001,0.5108,0.0060,0.0146,0.0002,0.0881,0.0008
ddim,256,4,3,0.0073,0.0002,polar3,polar,5000,30000,0.4737,0.0043,0.4699,0.0044,0.6141,0.0069,0.0153,0.0005,0.9853,0.0021,0.0300,0.0009,0.2500,0.0019
ddim,256,4,3,0.0073,0.0002,knn,knn,10000,60000,0.7328,0.0015,0.7382,0.0016,0.7361,0.0018,0.0128,0.0032,0.0047,0.0013,0.0069,0.0018,0.3726,0.0017
ddim,256,4,3,0.0073,0.0002,altered_knn,altered_knn,10000,40000,0.5691,0.0025,0.5692,0.0025,0.7235,0.0021,0.0095,0.0006,0.5554,0.0137,0.0186,0.0011,0.2939,0.0018
ddim,256,4,3,0.0073,0.0002,quadratic,quadratic,10000,60000,0.1798,0.0006,0.1775,0.0005,0.2322,0.0005,0.0075,0.0004,0.4866,0.0099,0.0148,0.0008,0.0962,0.0006
ddim,256,4,3,0.0073,0.0002,polar3,polar,10000,60000,0.4666,0.0085,0.4628,0.0085,0.6082,0.0138,0.0150,0.0005,0.9851,0.0022,0.0295,0.0009,0.2461,0.0041
ddim,256,4,3,0.0073,0.0002,knn,knn,15000,90000,0.7378,0.0011,0.7432,0.0013,0.7411,0.0013,0.0144,0.0009,0.0052,0.0005,0.0076,0.0006,0.3754,0.0009
ddim,256,4,3,0.0073,0.0002,altered_knn,altered_knn,15000,60000,0.5817,0.0017,0.5820,0.0017,0.7338,0.0014,0.0096,0.0005,0.5451,0.0106,0.0188,0.0011,0.3004,0.0013
ddim,256,4,3,0.0073,0.0002,quadratic,quadratic,15000,90000,0.1785,0.0022,0.1760,0.0021,0.2349,0.0021,0.0074,0.0003,0.5123,0.0120,0.0147,0.0006,0.0953,0.0013
ddim,256,4,3,0.0073,0.0002,polar3,polar,15000,90000,0.4629,0.0123,0.4590,0.0124,0.6028,0.0180,0.0149,0.0005,0.9848,0.0024,0.0294,0.0009,0.2442,0.0062
ddim,256,4,3,0.0073,0.0002,knn,knn,20000,120000,0.7406,0.0015,0.7461,0.0017,0.7439,0.0018,0.0130,0.0066,0.0040,0.0018,0.0061,0.0029,0.3761,0.0023
ddim,256,4,3,0.0073,0.0002,altered_knn,altered_knn,20000,80000,0.5884,0.0020,0.5888,0.0020,0.7392,0.0017,0.0096,0.0005,0.5392,0.0059,0.0189,0.0009,0.3039,0.0014
ddim,256,4,3,0.0073,0.0002,quadratic,quadratic,20000,120000,0.1788,0.0009,0.1759,0.0008,0.2404,0.0003,0.0077,0.0003,0.5635,0.0085,0.0151,0.0006,0.0955,0.0007
ddim,256,4,3,0.0073,0.0002,polar3,polar,20000,120000,0.4655,0.0146,0.4617,0.0147,0.6060,0.0206,0.0149,0.0005,0.9846,0.0027,0.0294,0.0010,0.2455,0.0075
ddim,256,8,3,0.0072,0.0004,knn,knn,2000,24000,0.5729,0.0018,0.5769,0.0016,0.5773,0.0021,0.0109,0.0007,0.0180,0.0034,0.0135,0.0015,0.2952,0.0015
ddim,256,8,3,0.0072,0.0004,altered_knn,altered_knn,2000,16000,0.5167,0.0295,0.5158,0.0300,0.6771,0.0251,0.0097,0.0007,0.6505,0.0390,0.0192,0.0013,0.2675,0.0149
ddim,256,8,3,0.0072,0.0004,quadratic,quadratic,2000,24000,0.0897,0.0027,0.0856,0.0026,0.1273,0.0026,0.0071,0.0004,0.6444,0.0145,0.0140,0.0007,0.0498,0.0016
ddim,256,8,3,0.0072,0.0004,polar3,polar,2000,24000,0.4645,0.0086,0.4609,0.0086,0.5897,0.0094,0.0155,0.0008,0.9522,0.0158,0.0305,0.0016,0.2457,0.0050
ddim,256,8,3,0.0072,0.0004,knn,knn,5000,60000,0.5938,0.0041,0.5980,0.0039,0.5977,0.0042,0.0118,0.0022,0.0144,0.0021,0.0130,0.0022,0.3055,0.0009
ddim,256,8,3,0.0072,0.0004,altered_knn,altered_knn,5000,40000,0.5342,0.0028,0.5335,0.0030,0.6932,0.0027,0.0098,0.0007,0.6348,0.0181,0.0194,0.0014,0.2764,0.0008
ddim,256,8,3,0.0072,0.0004,quadratic,quadratic,5000,60000,0.1091,0.0016,0.1061,0.0017,0.1455,0.0017,0.0071,0.0005,0.5350,0.0113,0.0139,0.0010,0.0600,0.0009
ddim,256,8,3,0.0072,0.0004,polar3,polar,5000,60000,0.4743,0.0143,0.4708,0.0144,0.6006,0.0179,0.0154,0.0008,0.9536,0.0151,0.0304,0.0014,0.2506,0.0079
ddim,256,8,3,0.0072,0.0004,knn,knn,10000,120000,0.6065,0.0020,0.6108,0.0018,0.6103,0.0022,0.0116,0.0006,0.0131,0.0014,0.0123,0.0009,0.3115,0.0013
ddim,256,8,3,0.0072,0.0004,altered_knn,altered_knn,10000,80000,0.5603,0.0019,0.5599,0.0021,0.7152,0.0018,0.0100,0.0008,0.6105,0.0186,0.0198,0.0015,0.2898,0.0003
ddim,256,8,3,0.0072,0.0004,quadratic,quadratic,10000,120000,0.1238,0.0020,0.1211,0.0022,0.1595,0.0024,0.0072,0.0003,0.4877,0.0073,0.0143,0.0006,0.0677,0.0009
ddim,256,8,3,0.0072,0.0004,polar3,polar,10000,120000,0.4872,0.0155,0.4838,0.0156,0.6069,0.0223,0.0161,0.0007,0.9502,0.0157,0.0317,0.0013,0.2578,0.0084
ddim,256,8,3,0.0072,0.0004,knn,knn,15000,180000,0.6145,0.0019,0.6188,0.0016,0.6183,0.0020,0.0126,0.0021,0.0135,0.0032,0.0130,0.0026,0.3159,0.0019
ddim,256,8,3,0.0072,0.0004,altered_knn,altered_knn,15000,120000,0.5491,0.0348,0.5486,0.0352,0.7055,0.0292,0.0101,0.0009,0.6277,0.0270,0.0199,0.0018,0.2842,0.0183
ddim,256,8,3,0.0072,0.0004,quadratic,quadratic,15000,180000,0.1370,0.0009,0.1344,0.0010,0.1767,0.0010,0.0073,0.0003,0.4892,0.0095,0.0144,0.0006,0.0744,0.0003
ddim,256,8,3,0.0072,0.0004,polar3,polar,15000,180000,0.4901,0.0068,0.4867,0.0068,0.6068,0.0110,0.0164,0.0007,0.9493,0.0159,0.0322,0.0013,0.2595,0.0041
ddim,256,8,3,0.0072,0.0004,knn,knn,20000,240000,0.6181,0.0017,0.6225,0.0015,0.6217,0.0018,0.0121,0.0014,0.0117,0.0014,0.0119,0.0014,0.3172,0.0005
ddim,256,8,3,0.0072,0.0004,altered_knn,altered_knn,20000,160000,0.5320,0.0370,0.5312,0.0375,0.6910,0.0311,0.0099,0.0006,0.6444,0.0370,0.0196,0.0012,0.2754,0.0189
ddim,256,8,3,0.0072,0.0004,quadratic,quadratic,20000,240000,0.1460,0.0021,0.1433,0.0023,0.1917,0.0019,0.0074,0.0004,0.5215,0.0116,0.0145,0.0007,0.0789,0.0009
ddim,256,8,3,0.0072,0.0004,polar3,polar,20000,240000,0.5028,0.0189,0.4996,0.0191,0.6209,0.0267,0.0166,0.0006,0.9482,0.0164,0.0327,0.0012,0.2662,0.0099
ddim,256,16,3,0.0063,0.0003,knn,knn,2000,48000,0.4515,0.0020,0.4542,0.0021,0.4569,0.0020,0.0087,0.0004,0.0288,0.0029,0.0133,0.0005,0.2338,0.0011
ddim,256,16,3,0.0063,0.0003,altered_knn,altered_knn,2000,32000,0.5113,0.0025,0.5105,0.0024,0.6709,0.0019,0.0084,0.0004,0.6412,0.0043,0.0165,0.0007,0.2635,0.0014
ddim,256,16,3,0.0063,0.0003,quadratic,quadratic,2000,48000,0.0496,0.0015,0.0449,0.0014,0.0748,0.0019,0.0062,0.0003,0.7938,0.0137,0.0124,0.0006,0.0286,0.0009
ddim,256,16,3,0.0063,0.0003,polar3,polar,2000,48000,0.4444,0.0045,0.4412,0.0046,0.5575,0.0054,0.0139,0.0006,0.9554,0.0056,0.0274,0.0012,0.2343,0.0022
ddim,256,16,3,0.0063,0.0003,knn,knn,5000,120000,0.4744,0.0018,0.4773,0.0018,0.4793,0.0015,0.0089,0.0005,0.0237,0.0006,0.0130,0.0006,0.2451,0.0012
ddim,256,16,3,0.0063,0.0003,altered_knn,altered_knn,5000,80000,0.5165,0.0018,0.5157,0.0018,0.6770,0.0014,0.0084,0.0004,0.6440,0.0032,0.0167,0.0008,0.2662,0.0011
ddim,256,16,3,0.0063,0.0003,quadratic,quadratic,5000,120000,0.0687,0.0006,0.0649,0.0008,0.0974,0.0008,0.0063,0.0003,0.6673,0.0042,0.0124,0.0005,0.0387,0.0001
ddim,256,16,3,0.0063,0.0003,polar3,polar,5000,120000,0.4919,0.0051,0.4890,0.0051,0.5895,0.0050,0.0159,0.0004,0.9509,0.0047,0.0312,0.0008,0.2601,0.0025
ddim,256,16,3,0.0063,0.0003,knn,knn,10000,240000,0.4891,0.0010,0.4921,0.0009,0.4941,0.0008,0.0084,0.0010,0.0206,0.0023,0.0119,0.0014,0.2520,0.0012
ddim,256,16,3,0.0063,0.0003,altered_knn,altered_knn,10000,160000,0.5419,0.0013,0.5414,0.0013,0.6989,0.0009,0.0087,0.0003,0.6251,0.0045,0.0171,0.0007,0.2792,0.0009
ddim,256,16,3,0.0063,0.0003,quadratic,quadratic,10000,240000,0.0931,0.0004,0.0903,0.0005,0.1227,0.0005,0.0063,0.0003,0.5352,0.0014,0.0125,0.0005,0.0514,0.0001
ddim,256,16,3,0.0063,0.0003,polar3,polar,10000,240000,0.5168,0.0016,0.5141,0.0016,0.6064,0.0036,0.0171,0.0007,0.9480,0.0058,0.0336,0.0013,0.2738,0.0011
ddim,256,16,3,0.0063,0.0003,knn,knn,15000,360000,0.4982,0.0014,0.5012,0.0013,0.5030,0.0012,0.0100,0.0014,0.0222,0.0026,0.0138,0.0019,0.2575,0.0009
ddim,256,16,3,0.0063,0.0003,altered_knn,altered_knn,15000,240000,0.5259,0.0192,0.5252,0.0194,0.6857,0.0162,0.0086,0.0004,0.6424,0.0215,0.0169,0.0008,0.2711,0.0098
ddim,256,16,3,0.0063,0.0003,quadratic,quadratic,15000,360000,0.1098,0.0010,0.1072,0.0010,0.1438,0.0010,0.0065,0.0003,0.5258,0.0012,0.0127,0.0006,0.0600,0.0006
ddim,256,16,3,0.0063,0.0003,polar3,polar,15000,360000,0.5269,0.0020,0.5243,0.0019,0.6119,0.0051,0.0178,0.0006,0.9459,0.0050,0.0349,0.0011,0.2796,0.0013
ddim,256,16,3,0.0063,0.0003,knn,knn,20000,480000,0.5027,0.0010,0.5058,0.0010,0.5074,0.0008,0.0099,0.0006,0.0214,0.0012,0.0135,0.0007,0.2596,0.0005
ddim,256,16,3,0.0063,0.0003,altered_knn,altered_knn,20000,320000,0.5092,0.0023,0.5082,0.0023,0.6716,0.0019,0.0084,0.0004,0.6560,0.0016,0.0166,0.0008,0.2624,0.0014
ddim,256,16,3,0.0063,0.0003,quadratic,quadratic,20000,480000,0.1228,0.0007,0.1201,0.0007,0.1626,0.0006,0.0067,0.0002,0.5586,0.0060,0.0132,0.0004,0.0666,0.0004
ddim,256,16,3,0.0063,0.0003,polar3,polar,20000,480000,0.5356,0.0006,0.5330,0.0006,0.6178,0.0028,0.0183,0.0007,0.9441,0.0065,0.0360,0.0013,0.2845,0.0007
